transaction_amount,transaction_time,distance_from_home_km,merchant_risk_score,device_trust_score,failed_attempts,previous_transactions,account_age_days,online_transaction,international_transaction,is_fraud
41.49,64643,45.94,0.129,0.833,1,13,391,0,0,0
27.51,21750,28.18,0.331,1.0,1,6,39,0,0,0
27.06,68670,12.08,0.239,0.754,0,5,1406,1,0,0
8.13,48809,4.07,0.296,1.0,1,10,213,1,0,0
12.4,69536,5.4,0.12,0.901,0,9,1279,1,0,0
35.48,59276,3.2,0.143,0.833,0,11,567,1,0,0
17.76,16173,4.36,0.107,0.775,1,7,1957,0,1,0
22.78,7670,13.73,0.244,0.709,0,8,615,0,0,0
24.94,75148,7.05,0.215,0.855,0,13,324,1,0,0
15.71,21280,53.98,0.187,0.884,0,12,1264,1,0,0
12.5,49274,81.06,0.231,0.675,0,10,709,0,0,0
7.46,51469,29.39,0.306,0.697,0,9,61,1,1,0
24.11,23257,41.36,0.339,0.706,0,7,536,1,0,0
44.47,41645,7.36,0.079,0.864,0,6,3086,1,0,0
7.28,67197,27.34,0.138,0.849,0,8,107,1,0,0
26.6,59264,1.49,0.395,0.572,0,5,1309,0,0,0
33.95,7482,80.61,0.187,0.936,1,8,151,1,0,0
12.28,19259,27.73,0.2,0.771,0,9,1671,0,0,0
84.58,60976,9.53,0.133,1.0,0,9,350,1,0,0
19.91,77628,37.07,0.265,0.545,0,6,297,0,0,0
25.0,63743,0.4,0.233,0.936,0,12,748,0,0,0
23.83,34931,11.8,0.083,0.783,0,6,785,0,0,0
6.58,19222,56.5,0.103,0.894,0,9,360,1,0,0
60.76,85380,7.64,0.178,0.599,0,11,232,0,0,0
12.62,40020,27.56,0.226,0.624,1,10,181,1,0,0
22.44,59263,11.16,0.447,0.699,0,7,221,1,0,0
43.73,79011,12.45,0.232,0.532,0,9,1203,1,0,0
87.25,11399,34.25,0.181,0.755,0,11,889,1,1,0
11.43,40693,60.26,0.244,0.7,0,7,2848,0,0,0
18.97,69544,4.56,0.282,0.935,1,7,1612,0,0,0
81.94,53753,8.1,0.184,0.802,0,8,78,0,1,0
39.29,1816,16.73,0.225,0.751,3,8,1047,1,0,0
46.38,73075,23.79,0.37,0.54,0,4,613,1,0,0
11.69,47337,15.77,0.191,0.73,0,11,591,1,0,0
20.02,64262,40.94,0.285,0.86,0,10,2589,0,0,0
23.71,81010,36.54,0.163,1.0,0,11,180,1,0,0
13.65,49340,12.99,0.205,0.665,1,9,611,0,1,0
7.1,50592,1.04,0.198,0.663,1,9,2264,1,0,0
18.02,33988,5.41,0.515,0.975,0,7,278,0,0,0
80.11,13947,16.68,0.389,0.846,0,11,69,1,0,0
28.43,63019,65.61,0.2,0.575,0,10,2763,1,0,0
81.4,10253,20.96,0.431,0.689,0,6,688,1,0,0
31.29,29638,18.9,0.352,0.718,0,9,641,0,0,0
14.71,15604,32.18,0.268,0.807,0,8,587,1,0,0
75.35,34483,4.13,0.256,0.767,0,9,192,1,0,0
32.13,81197,3.97,0.301,0.923,0,10,1189,1,0,0
58.53,14248,10.59,0.113,0.995,0,8,989,0,0,0
11.53,40577,131.73,0.079,0.649,0,7,1001,0,0,0
62.24,38878,52.18,0.117,0.406,0,7,164,0,0,0
63.76,82531,28.49,0.017,0.796,0,10,1357,1,0,0
34.19,76237,12.4,0.044,1.0,0,10,302,1,0,0
14.22,27501,20.22,0.192,0.642,0,7,944,1,0,0
26.13,2670,9.04,0.233,0.799,1,8,2413,0,0,0
44.21,61438,28.05,0.109,0.441,0,9,761,0,1,0
32.71,15135,13.57,0.165,0.796,0,6,96,1,0,0
43.85,50763,3.2,0.107,0.819,0,8,544,1,0,0
60.93,58060,6.05,0.202,0.716,0,7,641,1,0,0
16.14,45589,23.46,0.22,1.0,0,7,373,1,0,0
10.76,41641,29.65,0.126,0.633,0,10,451,0,0,0
26.31,77167,2.52,0.113,0.554,0,13,179,1,0,0
20.83,39932,41.3,0.055,0.953,1,10,494,1,0,0
50.84,81052,43.48,0.181,0.625,0,11,992,1,0,0
11.48,31453,32.1,0.422,1.0,0,6,382,0,1,0
61.33,46659,28.77,0.082,0.704,0,10,1629,1,0,0
80.07,37024,6.59,0.126,0.771,0,8,413,1,0,0
27.12,86189,63.03,0.353,0.692,1,9,600,0,0,0
28.46,81445,7.82,0.165,0.561,0,6,531,0,0,0
14.67,25935,5.04,0.43,0.626,0,9,71,1,1,0
17.56,67609,25.44,0.12,0.62,1,10,1081,1,0,0
396.42,28151,3.31,0.319,0.345,3,9,529,0,1,1
86.0,36138,67.59,0.158,0.771,0,8,1771,0,0,0
25.6,68020,15.42,0.175,0.783,0,12,422,0,0,0
9.41,39670,4.47,0.289,0.521,0,11,713,1,0,0
33.26,40173,78.97,0.356,0.565,1,11,70,1,0,0
52.51,27981,18.11,0.032,0.849,0,10,504,1,0,0
26.57,3384,18.27,0.227,0.663,1,6,587,1,0,0
87.83,60416,12.19,0.283,0.918,0,12,1234,0,0,0
50.5,82442,45.2,0.489,0.749,1,14,1002,1,0,0
11.71,18077,8.48,0.363,0.488,0,9,857,0,0,0
17.44,69719,0.35,0.314,0.576,0,18,841,1,0,0
32.49,80880,17.19,0.203,1.0,0,7,501,1,0,0
7.15,7495,65.05,0.071,0.9,0,12,223,1,0,0
35.48,65231,7.98,0.226,0.536,0,8,256,1,0,0
6.62,84256,7.74,0.366,0.896,1,5,988,0,0,0
61.48,55369,33.49,0.192,0.724,0,14,58,1,1,0
56.03,65272,37.35,0.305,0.965,0,6,839,1,0,0
40.6,30827,14.3,0.182,0.768,0,10,144,0,0,0
15.79,24067,44.84,0.226,0.602,1,8,302,0,0,0
31.07,83634,4.72,0.069,0.872,1,10,1696,1,0,0
17.98,13088,11.43,0.208,0.459,1,12,143,1,0,0
11.89,10976,12.95,0.38,0.832,1,5,470,1,1,0
20.68,68712,9.38,0.128,0.671,0,12,495,1,1,0
47.4,32125,6.14,0.142,0.697,0,7,1088,1,0,0
28.08,35666,10.32,0.118,0.53,0,7,326,1,0,0
86.54,28148,0.45,0.344,0.767,0,14,575,1,0,0
50.03,83184,30.38,0.193,0.696,0,10,37,0,0,0
45.92,72479,28.8,0.257,0.797,0,7,4139,1,1,0
7.48,6850,14.96,0.093,0.664,1,10,919,1,1,0
21.58,48332,9.75,0.199,0.596,0,12,520,1,1,0
11.57,31160,14.23,0.21,1.0,0,16,657,1,0,0
23.42,1554,68.93,0.251,0.976,0,8,546,1,0,0
15.57,56531,23.13,0.268,0.742,0,10,477,1,0,0
20.04,57396,32.86,0.133,0.885,0,9,1066,1,0,0
63.37,60926,6.52,0.215,0.511,0,15,276,0,0,0
39.65,66207,2.49,0.187,1.0,1,11,291,1,0,0
60.68,61448,2.17,0.087,0.847,1,11,59,1,0,0
7.53,78048,15.97,0.093,0.921,0,11,727,1,0,0
28.4,43437,31.53,0.058,0.707,0,10,209,0,0,0
58.75,34219,37.19,0.592,0.876,0,12,1286,0,0,0
90.47,70773,31.86,0.394,0.64,0,5,157,1,1,0
7.86,56190,60.98,0.06,0.98,0,7,136,0,0,0
20.47,55195,1.34,0.23,0.829,0,18,424,1,0,0
62.02,26596,48.33,0.251,0.587,0,8,390,1,0,0
23.25,23522,27.02,0.054,0.463,0,7,240,1,0,0
13.09,43085,4.83,0.093,0.661,0,7,901,0,0,0
7.85,25751,28.67,0.063,0.725,1,6,767,1,1,0
12.69,9474,17.92,0.072,0.912,0,11,338,1,0,0
7.02,534,11.12,0.081,0.766,0,8,2379,1,0,0
28.41,12040,7.12,0.012,0.358,0,6,444,1,0,0
55.54,40529,15.6,0.241,0.869,0,11,2021,1,0,0
9.89,4666,6.83,0.227,1.0,0,10,1635,1,0,0
33.32,37441,2.16,0.259,0.96,0,12,1584,1,0,0
53.31,67698,46.79,0.05,0.647,0,8,628,1,0,0
27.05,36766,22.46,0.159,0.611,0,11,369,0,0,0
7.47,23885,11.3,0.181,0.868,1,11,1622,1,0,0
36.93,36460,14.8,0.329,0.889,1,6,3421,0,0,0
25.95,26415,50.03,0.484,0.757,1,5,567,0,0,0
23.92,41290,9.64,0.043,0.46,0,11,879,1,0,0
17.51,54815,11.96,0.184,0.731,1,4,1338,0,0,0
29.06,60116,36.32,0.184,0.773,1,11,1256,0,0,0
40.77,46038,5.59,0.104,0.592,1,7,1158,0,0,0
183.56,49725,26.92,0.122,0.983,0,9,1428,1,0,0
29.66,38914,14.24,0.279,0.723,1,5,106,1,0,0
90.82,40318,17.34,0.201,0.697,0,14,1600,0,0,0
36.1,42131,38.65,0.132,1.0,0,10,2440,1,0,0
25.04,43513,124.52,0.094,0.658,0,11,525,1,0,0
30.53,45139,44.52,0.065,0.591,0,10,1042,0,0,0
10.2,42381,4.38,0.14,0.67,1,11,365,0,0,0
34.63,10423,6.36,0.136,0.866,0,9,2319,1,0,0
39.97,2216,4.72,0.294,0.539,2,4,366,0,1,1
13.6,32304,31.76,0.039,0.399,0,8,2979,0,0,0
29.6,71872,17.8,0.217,0.899,0,13,93,0,0,0
70.47,15573,58.02,0.259,1.0,0,8,1457,1,0,0
85.16,24094,1.25,0.165,0.665,0,9,146,0,0,0
22.44,74907,7.48,0.219,0.919,1,9,2500,0,0,0
30.71,36363,6.19,0.122,1.0,0,13,1135,0,0,0
59.59,20751,34.08,0.076,0.517,0,10,816,0,0,0
9.36,55008,15.63,0.173,0.566,1,6,1266,0,0,0
37.48,10051,0.38,0.151,0.831,0,5,565,0,0,0
13.98,54153,37.12,0.231,0.654,1,7,30,1,0,0
23.63,737,11.23,0.163,0.795,0,11,354,0,1,0
18.78,76520,7.54,0.13,0.684,1,9,702,0,1,0
38.41,19202,5.04,0.14,0.848,0,8,239,1,0,0
42.11,13086,72.97,0.173,0.737,0,11,1007,1,0,0
3.31,84083,171.26,0.601,0.204,0,7,61,1,0,1
35.82,78784,1.99,0.352,1.0,0,10,928,0,0,0
31.1,84996,6.62,0.599,0.733,0,6,2705,1,0,0
119.49,28737,25.97,0.214,1.0,1,11,240,1,0,0
8.01,41486,27.75,0.504,1.0,0,12,1022,0,0,0
105.27,33216,13.52,0.244,0.857,0,12,1192,1,0,0
21.5,44180,21.01,0.135,0.847,0,8,720,1,0,0
42.81,14436,30.32,0.051,0.794,2,3,1024,1,0,0
20.89,49094,75.15,0.168,0.469,0,7,892,0,0,0
15.46,23818,32.28,0.16,0.797,0,13,595,1,0,0
39.95,72409,2.92,0.539,0.908,0,9,1656,0,0,0
62.41,72233,31.63,0.04,0.68,0,9,208,1,0,0
39.58,4161,1.75,0.116,0.509,0,7,496,1,0,0
17.57,10043,17.45,0.234,0.907,0,9,823,0,1,0
487.4,65655,18.71,0.369,1.0,1,14,1776,0,0,0
70.73,14580,37.66,0.41,0.905,0,12,1286,0,0,0
57.21,53636,0.29,0.36,0.75,0,7,627,0,0,0
20.44,12574,51.94,0.207,0.771,0,8,3813,1,0,0
16.44,31791,27.26,0.043,0.699,0,12,1855,1,1,0
21.67,84767,0.79,0.067,0.878,0,12,403,0,1,0
64.4,50942,4.36,0.092,0.965,0,8,727,1,0,0
12.27,49502,1.01,0.279,0.852,0,6,1561,1,0,0
11.54,10394,36.3,0.163,0.744,0,14,952,1,1,0
41.75,2250,4.69,0.257,0.888,0,7,102,0,0,0
35.0,21444,1.17,0.097,0.764,0,5,2008,1,0,0
14.64,46964,3.71,0.034,0.959,2,11,120,1,0,0
11.33,22967,20.5,0.496,0.525,0,9,456,0,0,0
85.65,19621,17.1,0.111,0.879,0,7,596,0,0,0
36.08,24623,7.07,0.683,0.619,0,10,155,1,0,0
9.11,61140,71.59,0.331,0.908,2,7,39,0,1,0
9.63,54999,48.24,0.06,0.916,0,4,544,1,0,0
20.3,46045,9.44,0.281,0.874,0,6,780,1,1,0
48.73,46896,16.09,0.026,0.972,0,9,881,1,0,0
43.64,15016,18.18,0.286,0.969,1,8,599,1,0,0
67.04,80917,35.28,0.325,0.731,0,9,235,1,0,0
8.23,16321,13.96,0.007,0.896,0,7,682,0,0,0
32.43,11376,19.77,0.245,0.455,0,6,170,1,0,0
84.84,18276,13.3,0.27,0.743,0,11,1597,0,0,0
78.75,82817,35.97,0.213,0.615,0,9,2170,0,0,0
36.13,34506,20.29,0.277,0.618,1,11,436,0,0,0
177.4,79392,43.97,0.342,0.634,0,8,1604,1,0,0
44.14,25544,1.38,0.358,0.851,0,8,37,1,0,0
62.44,76730,58.67,0.054,0.826,0,10,1262,1,0,0
28.09,60504,42.79,0.343,0.686,0,4,1508,0,1,0
14.52,45701,42.66,0.129,0.466,0,9,424,0,0,0
13.46,35271,3.78,0.178,0.871,0,12,297,1,0,0
31.35,22444,7.65,0.187,0.538,0,16,632,0,0,0
22.89,9662,98.13,0.222,0.687,0,10,2234,1,0,0
6.59,52651,75.03,0.175,0.548,1,11,981,1,0,0
11.93,77358,6.42,0.658,0.805,0,10,444,1,0,0
21.02,13252,14.18,0.075,0.406,1,11,1021,1,0,0
48.51,27214,4.24,0.15,0.904,1,6,137,0,0,0
26.77,35329,7.62,0.152,0.714,0,6,1265,1,0,0
25.59,16350,5.11,0.213,0.868,0,9,1951,1,0,0
12.31,19987,2.11,0.03,0.586,0,7,1156,1,1,0
27.62,49538,21.66,0.106,0.967,0,5,33,0,1,0
77.89,6761,6.89,0.032,0.704,0,9,1247,1,0,0
30.71,24358,121.47,0.257,0.407,0,9,56,1,0,0
8.12,54601,18.11,0.242,0.384,0,13,1352,1,0,0
9.96,3751,11.12,0.116,1.0,0,5,1019,1,0,0
43.42,5844,61.09,0.094,0.843,0,9,539,0,0,0
22.66,29153,24.24,0.102,0.91,0,6,453,0,0,0
25.54,8491,3.4,0.22,0.731,0,14,52,0,0,0
16.61,16415,17.22,0.363,0.826,0,10,1341,1,0,0
40.56,8733,14.54,0.268,0.947,1,8,1525,1,1,0
21.31,30516,36.22,0.325,0.772,2,13,1017,1,0,0
23.35,49698,29.59,0.227,0.918,0,7,545,1,0,0
13.72,14759,11.58,0.423,0.598,0,7,164,0,0,0
56.68,86060,15.85,0.186,1.0,0,11,504,1,0,0
22.72,24955,18.29,0.099,1.0,0,11,205,1,0,0
44.09,83835,13.72,0.214,0.589,1,5,1178,1,0,0
10.43,54206,2.85,0.238,0.584,0,11,863,1,0,0
72.52,26761,52.91,0.264,0.614,0,15,324,1,1,1
75.33,24110,27.91,0.255,0.83,0,14,930,1,0,0
5.88,12695,15.86,0.412,0.775,2,5,242,1,0,0
14.27,75793,21.08,0.14,0.511,1,7,1545,1,0,0
39.73,50872,5.99,0.149,0.711,0,10,308,0,0,0
9.43,65453,18.91,0.188,0.925,0,10,239,0,0,0
24.4,32938,34.26,0.177,0.537,0,14,1367,1,1,0
38.14,31820,19.07,0.015,0.829,0,9,109,0,0,0
23.39,8591,16.38,0.015,0.777,0,8,3549,1,0,0
41.72,48013,15.52,0.076,0.717,0,6,1750,0,0,0
15.57,11784,35.85,0.107,0.988,0,8,621,1,0,0
4.5,64712,34.99,0.362,0.607,0,12,339,0,0,0
59.48,28228,34.66,0.321,0.745,0,9,1136,0,0,0
59.18,83260,7.06,0.262,0.764,0,5,1547,1,0,0
200.92,62986,24.05,0.194,0.804,0,7,2103,0,0,0
4.64,24466,37.73,0.238,1.0,0,7,50,1,0,0
49.44,11813,20.63,0.199,0.619,0,12,1584,1,0,0
5.61,6620,37.74,0.057,0.889,0,9,520,0,0,0
110.52,25924,48.17,0.088,0.878,0,11,113,1,0,0
40.06,73458,4.78,0.264,0.912,0,11,523,1,0,0
12.66,54006,9.14,0.319,0.796,0,11,815,1,0,0
50.61,34857,22.99,0.248,0.6,0,11,212,1,0,0
17.42,16939,8.55,0.157,0.921,0,8,856,1,1,0
34.48,75682,70.92,0.126,0.697,0,8,1290,1,0,0
31.97,62743,5.4,0.253,0.973,1,8,1748,1,0,0
109.44,68811,11.04,0.229,0.574,0,12,1412,1,0,0
115.81,15078,129.21,0.532,1.0,0,12,371,1,0,0
16.81,58146,5.24,0.317,0.995,1,8,390,1,0,0
63.21,37714,14.89,0.16,0.679,0,12,965,1,0,0
36.01,845,9.41,0.216,0.652,1,11,147,1,0,0
8.76,30678,41.49,0.126,0.695,0,6,1666,1,0,0
15.53,6653,9.07,0.121,0.767,0,8,350,1,1,0
175.72,66855,4.4,0.106,0.804,0,9,343,1,0,0
36.1,86037,67.63,0.078,0.848,0,6,267,0,0,0
60.33,42670,9.55,0.328,0.777,2,7,79,1,1,0
39.21,21487,110.78,0.202,0.493,5,10,40,1,1,1
17.6,79868,8.58,0.228,0.742,0,11,1126,0,0,0
27.71,24817,4.92,0.198,0.725,0,5,1311,1,0,0
21.91,68426,40.54,0.188,1.0,0,11,1330,0,0,0
8.21,35393,1.43,0.318,0.524,0,8,63,0,0,0
12.15,5513,10.09,0.325,1.0,0,11,95,1,0,0
47.77,60842,37.86,0.279,0.634,0,7,126,0,1,0
19.99,8644,17.94,0.09,0.551,0,8,499,0,0,0
27.68,34397,29.25,0.168,0.705,0,10,1164,1,0,0
32.72,23520,1.73,0.265,0.988,0,10,836,0,1,0
34.83,47512,34.64,0.383,0.96,0,10,709,1,0,0
67.85,53869,4.72,0.088,0.813,1,16,321,0,0,0
11.26,33326,41.35,0.292,0.807,0,9,657,0,0,0
42.79,40838,20.76,0.243,0.91,1,8,986,1,0,0
49.6,62311,33.6,0.084,0.821,0,9,375,1,1,0
59.66,43675,5.98,0.254,0.807,1,10,699,1,0,0
8.76,64079,12.58,0.33,0.517,0,15,1109,0,0,0
33.24,66604,40.5,0.348,0.51,0,9,604,0,0,0
107.0,43714,60.42,0.116,0.721,0,8,4198,1,0,0
25.05,42220,6.42,0.281,0.469,0,9,3113,1,0,0
39.92,10962,39.42,0.175,0.596,0,6,1684,1,0,0
50.62,65106,2.87,0.107,0.833,1,6,874,1,1,0
11.94,81008,13.87,0.066,0.875,0,8,666,0,0,0
117.57,73346,69.81,0.191,0.753,1,8,2196,1,0,0
40.43,73532,72.57,0.074,0.721,0,13,864,0,0,0
41.08,16833,8.8,0.36,0.854,0,12,153,1,0,0
7.17,69175,5.36,0.29,0.648,0,11,169,1,0,0
51.19,1913,4.05,0.139,0.523,0,14,260,0,0,0
40.66,43757,16.39,0.232,0.728,0,6,432,0,0,0
99.42,57076,2.41,0.105,0.69,1,9,719,0,0,0
21.14,70864,11.03,0.081,0.574,0,9,484,1,1,0
12.3,38177,0.43,0.222,0.998,0,7,1332,1,0,0
15.71,51697,7.51,0.203,0.807,1,11,62,1,1,0
18.1,61839,57.63,0.172,0.524,0,14,435,1,1,0
11.08,70863,14.81,0.081,0.799,0,8,71,0,0,0
76.11,30118,1.92,0.163,0.692,0,10,522,0,0,0
78.43,36229,26.02,0.481,0.93,0,12,448,0,0,0
23.18,7533,77.88,0.112,1.0,0,6,2715,1,0,0
19.8,64071,15.56,0.177,0.451,0,11,730,1,0,0
6.34,66995,24.47,0.1,0.757,0,8,102,0,0,0
47.31,64823,62.96,0.268,0.591,0,4,528,0,1,0
101.77,44178,13.58,0.135,0.368,0,12,189,1,0,0
16.28,30411,27.31,0.164,1.0,0,12,485,0,1,0
24.69,16840,14.53,0.169,0.737,2,12,110,1,0,0
33.26,8168,38.73,0.23,0.418,1,12,380,1,0,1
107.72,59228,17.52,0.332,0.628,0,15,334,1,1,0
31.81,38298,54.21,0.083,0.766,1,9,1113,0,1,0
31.7,66180,17.69,0.472,0.768,0,9,379,0,0,0
31.29,76057,27.59,0.186,0.653,0,6,1626,1,1,0
8.67,12701,12.2,0.095,0.762,0,3,1797,0,0,0
8.52,72800,62.39,0.181,1.0,0,9,1446,0,0,0
14.21,26786,26.03,0.128,0.6,0,12,1012,1,0,0
60.97,21322,0.5,0.194,0.712,1,7,833,1,1,0
20.73,46516,0.39,0.02,1.0,0,3,253,1,0,0
17.75,56515,28.19,0.086,0.737,0,6,74,0,0,0
17.5,71283,3.03,0.433,0.407,0,11,1508,1,0,0
24.29,86176,31.48,0.064,0.718,0,8,222,0,0,0
105.81,86270,9.72,0.265,0.366,0,10,1756,1,0,0
24.02,68297,19.35,0.217,0.662,0,10,1125,1,0,0
14.45,59386,4.79,0.112,0.84,0,7,269,1,0,0
27.67,57379,7.07,0.297,0.632,0,13,1645,0,0,0
110.4,64816,14.36,0.047,0.839,2,9,339,0,0,0
18.13,14301,27.38,0.465,0.669,0,7,298,1,0,0
10.54,74036,4.23,0.423,0.947,0,8,678,1,0,0
18.16,71553,8.26,0.249,0.841,0,12,1694,0,1,0
30.05,72383,5.8,0.245,0.695,0,14,1319,0,0,0
47.02,74516,49.63,0.239,0.569,0,11,321,0,0,0
60.67,16674,26.1,0.275,0.605,0,7,526,0,0,0
11.74,597,15.8,0.153,0.803,1,12,1301,1,0,0
12.67,37295,73.41,0.127,0.794,1,14,194,0,0,0
20.93,34325,33.28,0.116,0.867,1,8,353,0,1,0
46.88,53752,67.29,0.226,0.825,1,11,1366,1,0,0
9.89,33440,22.76,0.041,0.91,0,8,227,1,0,0
16.68,17962,3.71,0.078,0.604,0,12,93,1,0,0
16.87,83352,28.13,0.086,0.748,0,10,248,1,1,0
57.59,8232,5.63,0.134,0.81,0,7,316,1,0,0
41.37,4479,10.61,0.065,0.642,0,11,1279,1,0,0
55.87,84853,17.81,0.417,0.4,0,9,405,1,0,0
79.12,83234,4.28,0.15,0.764,0,10,1442,0,0,0
21.23,50967,0.53,0.27,0.638,1,9,1340,1,0,0
10.49,37046,9.9,0.433,0.425,0,9,1065,1,0,0
10.54,50215,43.48,0.005,0.577,2,7,1501,1,0,0
6.23,46678,0.39,0.253,0.659,0,7,422,0,0,0
18.78,11488,2.9,0.278,0.639,0,6,281,0,0,0
19.94,5404,41.11,0.234,0.805,0,11,1204,1,0,0
50.91,12425,9.13,0.06,0.733,0,5,42,0,1,0
27.48,71129,69.6,0.194,0.654,0,9,1231,1,0,0
18.32,45543,11.96,0.271,0.918,1,9,1067,1,0,0
24.71,62015,39.83,0.067,0.957,2,10,106,1,0,0
11.81,68212,7.49,0.195,0.911,1,11,260,0,0,0
61.58,58977,1.6,0.089,0.691,1,8,798,0,0,0
14.46,5265,53.33,0.38,0.745,0,6,2188,1,0,0
10.89,47512,65.53,0.045,0.919,0,7,186,0,1,0
52.16,83028,30.78,0.543,0.841,0,11,529,0,0,0
42.92,56926,36.75,0.282,0.624,1,8,1852,1,0,0
6.83,36629,0.18,0.213,0.709,0,7,1816,1,0,0
53.73,70490,35.04,0.345,0.779,0,7,2758,1,0,0
14.98,66648,15.98,0.184,0.842,0,5,1136,0,0,0
20.1,66648,15.07,0.405,0.827,0,11,58,1,1,0
31.49,16733,19.42,0.32,0.575,0,12,229,0,0,0
43.35,36730,7.91,0.06,0.7,0,10,1310,1,0,0
38.72,83843,29.79,0.056,1.0,0,9,530,0,0,0
26.05,23712,8.76,0.046,0.777,0,6,323,1,0,0
19.3,65578,20.45,0.114,0.782,0,9,905,1,0,0
37.7,71413,3.68,0.222,0.804,0,7,508,0,0,0
24.66,26881,28.1,0.202,0.639,0,7,1252,1,0,0
114.93,71510,5.26,0.151,0.974,0,11,193,0,0,0
43.34,15518,4.67,0.3,0.754,0,18,199,1,1,0
12.95,15491,0.61,0.222,0.671,0,5,1590,0,0,0
18.5,48686,3.25,0.084,0.758,0,14,266,1,0,0
28.18,32344,6.62,0.245,1.0,0,9,1019,1,0,0
76.67,78892,6.29,0.7,0.167,1,6,1891,1,1,0
83.84,46069,9.93,0.071,0.95,1,10,2410,1,0,0
19.75,46273,1.4,0.142,0.58,0,10,705,1,0,0
12.85,50438,68.41,0.362,1.0,1,5,831,0,0,0
11.6,59826,3.17,0.398,0.61,0,8,836,1,0,0
33.18,78353,30.26,0.246,0.773,1,5,278,1,0,0
171.23,55158,19.15,0.08,0.845,1,10,180,1,0,0
41.73,11560,20.12,0.093,0.728,0,7,251,1,0,0
7.58,81396,2.79,0.228,0.843,1,6,473,0,0,0
15.17,59460,6.97,0.084,0.758,0,6,391,0,0,0
16.46,50200,37.84,0.173,0.647,0,10,307,0,0,0
14.05,51767,15.58,0.343,0.715,1,8,463,0,0,0
19.88,16896,15.27,0.081,0.566,1,1,1607,0,0,0
36.43,22497,19.74,0.072,0.59,0,11,1024,0,0,0
46.79,82102,14.22,0.104,0.861,0,14,966,0,0,0
64.94,81794,41.01,0.107,0.735,1,5,1321,1,0,0
41.24,34869,34.53,0.194,0.815,1,6,416,1,0,0
5.68,82079,9.53,0.168,0.769,0,9,1127,0,1,0
31.59,44417,108.84,0.417,0.706,0,9,1118,1,1,1
23.89,5568,18.28,0.313,0.576,0,7,247,0,0,0
30.5,43271,24.7,0.557,0.96,1,9,295,1,0,0
54.01,19052,50.28,0.091,0.918,1,5,843,0,0,0
28.07,44013,16.16,0.163,0.833,2,6,456,1,0,0
28.24,19499,35.29,0.224,0.667,0,10,302,1,0,0
32.79,1307,24.73,0.25,0.7,0,12,1975,1,1,0
22.11,75922,13.91,0.068,1.0,0,6,1030,1,1,0
29.06,21943,38.9,0.089,1.0,1,10,174,1,0,0
66.73,77203,2.78,0.263,0.948,0,11,1586,1,0,0
25.35,75497,21.76,0.062,0.945,1,9,1564,0,0,0
26.47,85175,1.19,0.067,1.0,0,5,453,1,0,0
26.39,35362,4.25,0.486,0.821,0,8,1223,1,0,0
76.57,17616,22.84,0.086,0.756,0,9,898,1,0,0
11.17,4967,9.19,0.223,0.712,0,6,412,1,0,0
112.24,41534,7.61,0.045,0.811,0,7,486,1,0,0
10.58,16465,78.0,0.146,0.657,0,8,630,1,0,0
16.06,57606,11.39,0.109,0.679,0,12,3089,1,0,0
49.19,77718,20.8,0.086,0.598,0,9,132,0,0,0
61.82,19929,19.1,0.091,0.954,0,13,2076,0,1,0
8.82,22830,1.6,0.133,0.732,0,8,2225,1,0,0
11.31,86221,28.04,0.316,0.83,0,11,1639,0,0,0
33.86,50607,17.98,0.196,0.913,1,12,3018,0,0,0
176.89,16478,12.01,0.234,0.631,0,8,256,1,0,0
73.48,65086,1.71,0.314,0.986,0,8,1450,0,0,0
22.23,51189,8.67,0.05,0.726,1,9,83,1,0,0
3.91,15988,53.87,0.194,0.527,0,10,274,0,0,0
28.94,10441,4.77,0.081,0.586,0,13,186,1,0,0
36.23,15609,6.19,0.277,0.579,1,9,776,1,0,0
19.96,3670,5.74,0.166,1.0,0,10,2273,1,0,0
13.73,75073,55.37,0.242,0.725,0,16,387,0,0,0
30.79,21028,30.1,0.143,0.816,0,7,92,1,0,0
12.76,51836,53.39,0.143,0.599,0,10,248,0,1,0
121.26,74727,61.26,0.258,0.993,1,5,1207,1,0,0
91.23,9216,65.77,0.185,0.699,0,7,929,1,0,0
45.89,14255,16.62,0.359,0.555,0,9,927,0,0,0
29.13,21841,16.17,0.278,0.57,0,9,1174,0,0,0
15.99,12578,44.14,0.212,1.0,0,12,594,1,0,0
26.67,20550,10.08,0.148,0.484,0,14,500,1,1,0
100.63,69739,0.56,0.15,0.923,0,15,1427,0,0,0
54.32,48617,10.07,0.177,0.595,0,12,511,0,0,0
31.91,62644,31.5,0.119,0.587,0,9,459,1,1,0
56.78,34601,3.3,0.251,0.777,0,9,490,0,0,0
41.95,5384,38.4,0.087,0.583,0,6,264,0,0,0
37.23,85554,42.25,0.081,0.829,2,5,916,0,0,0
59.41,71655,2.66,0.342,0.58,0,10,1648,0,0,0
41.0,62683,2.57,0.442,0.945,0,16,960,1,0,0
53.88,82488,5.54,0.175,0.993,0,12,78,1,0,0
30.85,28835,11.02,0.057,0.717,1,11,341,1,1,0
22.12,21409,19.02,0.31,0.998,0,8,314,1,1,0
17.49,17676,16.62,0.164,0.578,0,8,1203,0,0,0
43.97,29878,30.78,0.556,0.0,2,9,568,0,1,1
7.51,63405,3.84,0.033,0.829,0,11,237,0,0,0
13.07,4275,29.9,0.103,0.845,0,9,988,1,0,0
12.77,7963,19.9,0.386,0.565,0,9,443,0,0,0
18.07,68181,33.37,0.424,0.765,0,13,1486,1,0,0
273.93,73373,92.69,0.512,0.353,2,10,757,1,1,1
23.9,80940,15.94,0.246,0.832,0,7,1825,1,0,0
32.9,60965,0.73,0.358,1.0,0,13,65,1,0,0
33.74,49760,3.09,0.466,0.704,1,7,607,1,0,0
96.55,73061,11.75,0.29,0.688,0,9,454,1,0,0
17.11,42042,16.41,0.236,0.729,0,8,414,0,0,0
22.69,58318,2.24,0.5,0.537,0,13,142,0,0,0
24.9,25550,43.57,0.191,1.0,0,8,267,1,0,0
67.3,37087,72.99,0.114,0.982,0,11,167,1,0,0
79.46,6953,22.68,0.239,0.864,3,6,341,1,0,0
39.63,21304,1.37,0.528,0.766,0,6,48,0,0,0
72.7,38739,33.56,0.302,0.7,1,8,634,1,0,0
31.25,24987,6.12,0.14,0.963,0,7,1830,1,0,0
23.62,6038,33.07,0.139,0.551,0,13,499,0,0,0
69.61,2775,14.24,0.094,0.837,0,9,1424,1,0,0
40.05,7477,1.37,0.387,0.903,0,16,2037,1,1,0
15.05,71910,8.17,0.298,0.801,0,3,1403,1,1,0
60.22,67819,13.92,0.093,0.798,1,8,692,0,0,0
22.95,17046,33.32,0.201,0.635,0,12,4683,1,0,0
20.81,79427,3.57,0.05,0.937,0,11,1504,0,0,0
55.39,20525,8.46,0.142,0.728,0,9,1205,0,0,0
25.25,41181,2.18,0.226,0.459,2,9,1040,1,0,0
37.01,751,23.92,0.181,0.67,0,11,2205,0,0,0
46.04,14491,16.07,0.298,0.762,0,9,46,0,0,0
14.49,27742,66.13,0.038,0.707,0,8,99,1,0,0
36.89,48736,33.73,0.239,0.886,0,12,2417,0,0,0
79.8,62257,37.61,0.076,0.671,0,12,197,0,0,0
12.61,50420,4.49,0.053,0.658,0,8,1011,0,0,0
38.86,53257,7.75,0.099,0.565,1,11,146,1,0,0
43.18,43096,99.26,0.463,0.026,5,10,475,1,0,1
61.38,31628,0.34,0.404,0.707,0,7,647,0,0,0
60.92,84293,51.03,0.207,0.873,0,5,1166,1,0,0
20.42,76061,37.6,0.048,0.646,0,13,1495,1,0,0
158.81,24790,1.49,0.092,0.505,0,9,182,1,1,0
65.71,75599,47.27,0.191,0.74,0,7,49,0,0,0
47.73,29767,0.11,0.119,0.512,0,3,244,0,0,0
45.63,5327,3.03,0.203,0.767,0,6,602,1,0,0
59.57,58325,1.42,0.03,0.78,1,9,1046,1,0,0
12.23,49553,16.31,0.128,0.54,0,8,577,0,0,0
31.68,63827,38.32,0.101,0.673,0,10,2397,1,0,0
36.84,57225,4.92,0.461,0.987,1,13,988,1,0,0
19.69,58249,36.9,0.453,0.964,0,11,122,1,0,0
39.32,12644,5.11,0.19,0.973,0,11,1922,1,1,0
72.63,31097,116.51,0.1,0.871,0,7,272,1,0,0
19.35,79163,48.01,0.154,0.538,0,5,1057,1,0,0
25.96,31630,33.41,0.053,0.75,0,8,314,0,1,0
14.06,71410,22.39,0.076,0.743,0,10,292,1,0,0
6.49,1106,6.94,0.145,0.667,0,9,666,0,0,0
50.56,79429,3.18,0.155,0.825,1,9,173,1,0,0
26.56,8419,15.42,0.005,1.0,0,8,383,1,0,0
28.16,56329,12.88,0.267,0.981,0,6,118,0,1,0
12.31,40908,28.06,0.033,0.698,0,5,971,0,0,0
130.04,38787,165.93,0.461,0.356,3,9,2294,1,1,1
68.54,54839,16.04,0.452,0.085,0,11,143,0,1,1
27.13,21024,29.55,0.248,0.822,1,5,464,1,0,0
27.75,22755,8.88,0.313,0.944,0,9,1144,0,0,0
32.01,55540,37.85,0.307,0.828,0,5,425,0,0,0
10.08,41574,14.13,0.089,0.923,1,7,207,0,0,0
44.7,28356,4.44,0.102,0.513,0,12,660,1,0,0
9.93,77260,5.42,0.053,0.827,0,8,2280,0,0,0
12.79,9127,8.17,0.213,0.513,0,7,1897,1,0,0
11.71,42704,4.3,0.245,0.843,0,4,491,1,1,0
23.57,78205,20.69,0.257,0.711,0,10,702,1,0,0
20.45,10878,74.47,0.076,0.566,0,7,4033,1,0,0
27.09,41481,56.6,0.329,0.602,0,11,863,0,0,0
13.14,63041,9.78,0.136,0.89,0,10,1525,1,0,0
60.61,65381,50.0,0.227,0.595,0,8,3530,0,0,0
52.84,2205,76.99,0.245,0.592,0,11,2518,0,0,0
23.59,64767,8.71,0.414,0.994,0,9,474,0,0,0
18.49,24401,58.92,0.109,0.585,1,10,977,0,0,0
17.06,33314,149.09,0.269,0.796,0,13,2617,1,0,0
21.16,43513,39.95,0.162,0.69,0,10,1519,1,0,0
21.92,67605,7.59,0.566,0.395,2,9,910,1,0,1
12.58,55362,23.45,0.064,0.827,0,6,696,0,0,0
53.95,56005,11.32,0.416,0.943,2,10,196,1,1,0
34.52,29519,137.8,0.057,0.884,1,9,768,0,1,0
100.23,81507,1.76,0.068,0.759,0,8,248,1,1,0
21.34,52087,55.89,0.134,0.555,0,4,1128,1,0,0
20.3,32784,1.94,0.363,0.889,0,7,680,0,0,0
19.56,2809,1.08,0.057,0.631,0,10,1064,0,0,0
21.0,8519,70.31,0.259,0.659,0,12,61,0,0,0
15.99,42957,50.49,0.036,0.975,0,10,389,0,0,0
33.68,24921,11.22,0.228,0.782,0,13,282,1,0,0
27.75,63727,78.98,0.238,1.0,0,6,576,0,0,0
18.03,67890,49.49,0.114,1.0,0,11,360,0,1,0
69.68,12463,100.22,0.501,0.259,2,13,462,0,1,1
16.56,14648,41.6,0.379,0.527,3,8,316,0,1,1
68.94,80777,79.45,0.265,0.805,0,9,1003,1,0,0
42.37,59726,41.46,0.363,0.547,2,10,2575,1,0,0
49.87,85370,70.32,0.128,1.0,1,7,1705,0,1,0
119.72,20089,8.27,0.096,1.0,0,12,524,1,1,0
49.81,47939,18.99,0.174,0.708,0,13,445,1,0,0
16.98,40475,50.56,0.369,0.9,0,16,840,0,0,0
37.11,2748,21.67,0.224,0.923,1,8,2893,0,0,0
44.75,42316,40.37,0.031,0.674,0,15,152,0,0,0
12.23,42326,90.39,0.215,0.835,1,8,1565,1,0,0
21.59,71948,40.81,0.254,0.853,0,10,941,1,0,0
65.39,73913,9.47,0.226,0.75,1,11,1590,0,0,0
6.3,25342,3.16,0.202,0.711,0,12,487,1,0,0
9.97,57378,7.96,0.142,0.505,1,9,2806,1,1,0
23.54,40871,27.18,0.216,0.686,0,10,451,0,0,0
35.98,70877,0.28,0.112,0.443,0,7,448,1,1,0
9.15,58989,5.26,0.274,0.792,0,12,275,0,0,0
24.5,40708,9.9,0.267,0.748,0,15,1077,0,0,0
68.24,28161,52.03,0.233,1.0,0,11,32,1,0,0
28.64,17181,1.31,0.326,0.804,1,10,839,1,0,0
57.47,23650,1.28,0.361,0.787,0,7,782,1,0,0
16.88,61449,20.06,0.181,0.604,0,6,717,0,0,0
14.18,85576,4.89,0.457,0.578,1,10,1281,1,0,0
53.47,22736,6.93,0.2,0.588,0,7,1784,0,0,0
36.43,75387,5.09,0.179,0.73,0,6,488,1,0,0
10.5,32805,21.78,0.177,0.943,0,9,2066,0,0,0
14.29,14429,1.43,0.411,0.569,0,14,280,1,0,0
94.79,15592,70.34,0.049,0.69,0,3,364,0,0,0
12.94,58230,3.29,0.101,0.828,0,8,44,0,0,0
57.25,62626,75.7,0.365,1.0,0,6,2369,1,0,0
18.49,64139,37.64,0.016,0.949,0,9,538,0,0,0
27.04,43689,44.01,0.065,0.821,0,10,86,1,0,0
34.32,32688,4.74,0.137,0.726,0,13,374,0,0,0
5.05,68990,27.69,0.137,0.768,0,10,1221,1,0,0
8.41,60007,42.47,0.264,0.756,0,12,374,1,1,0
29.05,86156,20.41,0.277,0.637,0,14,225,1,0,0
15.19,46567,20.02,0.214,0.896,0,11,202,0,0,0
60.18,3475,4.34,0.106,0.814,0,6,997,1,0,0
7.5,52529,13.37,0.198,0.743,0,5,910,1,1,0
42.61,21425,4.08,0.113,0.668,0,8,816,1,0,0
9.02,84104,90.17,0.033,0.462,0,7,740,1,0,0
20.46,45830,28.87,0.358,0.706,0,10,3396,0,0,0
11.57,54152,1.24,0.02,0.708,0,15,300,0,0,0
124.21,45673,16.19,0.424,0.671,0,7,3575,0,0,0
9.29,27248,25.4,0.15,0.219,1,13,162,1,0,0
24.59,15169,2.51,0.02,0.741,0,8,1168,1,0,0
6.81,69769,27.34,0.64,0.589,0,8,119,0,0,0
97.48,2462,4.88,0.186,0.562,0,7,573,1,1,0
37.38,19616,13.1,0.099,0.862,0,8,115,1,0,0
31.78,43627,3.6,0.551,0.551,1,9,616,1,1,1
88.19,24430,11.36,0.213,1.0,0,5,135,0,1,0
30.51,31877,11.99,0.253,0.721,0,7,1867,1,0,0
32.32,32014,46.39,0.248,0.833,0,10,71,1,0,0
30.13,53472,9.25,0.184,1.0,1,8,2026,1,0,0
42.56,29392,26.62,0.247,0.735,0,7,3530,0,0,0
18.28,19347,47.29,0.271,0.816,0,16,334,0,1,0
22.84,63935,4.14,0.187,0.738,0,8,1110,1,0,0
51.85,71452,1.18,0.212,0.942,0,12,40,0,0,0
33.85,75706,43.65,0.033,0.86,0,7,500,1,0,0
24.74,78271,20.03,0.273,0.527,0,5,952,1,1,0
8.84,32348,43.96,0.094,0.367,0,8,212,0,0,0
89.88,26539,5.99,0.122,0.737,0,4,1288,1,1,0
15.97,12542,44.69,0.327,0.96,0,14,2533,1,0,0
59.73,22267,2.5,0.412,0.589,0,11,122,1,0,0
31.21,776,53.68,0.143,0.747,0,10,382,0,0,0
9.63,44219,43.22,0.253,0.51,0,8,308,1,1,0
73.83,623,20.94,0.157,0.496,0,4,1924,0,1,0
33.24,62493,23.43,0.319,0.545,0,13,141,1,0,0
78.91,19770,10.61,0.124,0.947,0,11,1744,0,1,0
23.43,14723,5.63,0.229,0.328,1,5,41,1,0,0
47.62,37543,15.19,0.142,0.602,2,7,118,1,0,0
6.62,31327,26.78,0.556,0.455,0,7,302,1,0,0
18.17,61574,161.98,0.084,0.478,0,9,3048,1,0,0
9.79,33829,42.49,0.194,0.948,0,10,1068,0,0,0
20.09,33055,14.24,0.332,0.799,0,8,291,1,0,0
39.55,29764,33.99,0.152,0.81,0,10,278,0,0,0
16.72,52791,2.86,0.248,0.759,0,9,862,1,0,0
54.11,40723,13.41,0.283,0.741,0,9,5138,1,0,0
13.66,22719,13.83,0.265,0.742,0,9,230,1,0,0
55.05,75151,168.64,0.492,0.743,0,8,112,0,0,0
77.31,15882,12.4,0.109,0.758,1,6,365,1,0,0
61.0,78732,2.17,0.13,0.823,0,7,438,0,1,0
20.59,52237,1.74,0.438,0.682,0,11,484,1,0,0
4.95,79445,29.97,0.384,0.849,1,6,148,0,0,0
43.2,27092,8.53,0.073,0.968,0,8,551,1,0,0
24.53,21673,50.8,0.082,0.774,0,3,546,1,0,0
12.39,41638,16.49,0.103,1.0,0,13,3300,1,0,0
17.37,19841,10.03,0.115,0.457,0,9,1367,1,0,0
85.42,35512,35.59,0.177,0.917,0,7,891,1,0,0
10.91,18737,13.51,0.23,0.83,0,15,108,0,1,0
39.43,83568,33.43,0.381,0.633,0,10,3283,0,0,0
32.28,32061,31.3,0.141,0.689,1,11,493,1,1,0
20.37,14689,32.11,0.36,0.865,0,7,780,1,0,0
45.41,37770,48.64,0.117,0.64,0,5,45,1,0,0
100.06,3966,47.16,0.105,1.0,1,11,1434,0,0,0
21.4,51893,27.31,0.056,0.565,0,10,972,1,0,0
22.32,46534,78.64,0.253,0.523,0,10,147,0,0,0
44.6,63130,0.52,0.138,0.985,0,10,1151,1,0,0
56.52,82773,66.63,0.294,0.89,0,10,859,1,0,0
24.48,71871,4.01,0.179,1.0,0,6,809,0,0,0
21.24,19790,5.95,0.275,0.469,0,8,373,1,0,0
4.6,52104,42.51,0.212,0.677,0,11,49,1,0,0
14.55,54215,12.79,0.22,0.608,1,9,253,1,0,0
10.9,13185,13.85,0.147,0.737,1,13,204,0,0,0
46.89,75312,7.57,0.174,0.738,0,10,1238,1,0,0
22.31,10806,6.35,0.098,1.0,1,9,630,0,1,0
21.62,18255,2.81,0.224,0.64,0,12,932,0,0,0
26.92,17010,5.48,0.312,0.867,0,7,98,0,0,0
13.52,4766,20.91,0.288,0.885,1,9,1645,1,0,0
93.93,8217,30.66,0.258,0.718,0,6,215,0,0,0
76.6,35816,33.57,0.062,0.907,0,8,1203,1,0,0
98.94,41581,11.56,0.09,0.759,0,10,353,1,1,0
46.84,74444,63.76,0.093,0.874,1,9,656,1,0,0
26.48,51812,9.96,0.36,0.72,2,6,1001,1,0,0
98.67,73203,2.95,0.32,0.496,0,13,1520,1,0,0
15.72,50893,72.61,0.247,0.744,0,14,852,1,1,0
13.5,40671,19.45,0.183,1.0,0,14,1269,1,0,0
16.76,20117,88.84,0.288,0.772,0,6,2157,0,0,0
41.19,31178,12.51,0.188,0.774,1,10,409,1,0,0
14.74,70000,35.41,0.131,1.0,0,9,582,1,0,0
23.94,60118,2.91,0.276,0.462,1,10,1649,1,0,0
7.53,1845,48.12,0.052,0.755,0,8,61,0,1,0
39.84,77965,4.68,0.268,0.486,0,11,1866,0,0,0
8.06,24019,1.78,0.311,0.609,1,7,196,0,0,0
12.86,82450,2.57,0.343,0.758,0,7,803,1,0,0
71.79,56729,20.38,0.383,0.991,0,10,547,1,0,0
69.7,80698,8.63,0.148,0.666,0,6,431,1,0,0
36.58,56469,81.08,0.111,0.821,0,5,337,0,0,0
33.8,19262,47.88,0.464,0.7,2,5,184,0,1,0
59.69,3404,145.49,0.339,0.627,0,13,738,1,1,1
14.61,64585,41.47,0.236,0.904,0,7,675,0,0,0
20.29,49534,55.34,0.311,1.0,0,13,580,0,0,0
8.08,54162,50.1,0.277,0.858,0,8,274,1,0,0
33.18,48478,65.85,0.155,0.856,0,6,244,1,0,0
28.19,42249,68.09,0.089,0.765,0,13,39,0,0,0
12.85,5068,8.86,0.04,1.0,0,7,2776,0,0,0
95.1,46736,6.2,0.295,0.815,0,11,866,0,0,0
44.06,10229,25.76,0.428,0.733,0,7,995,0,0,0
47.16,77444,3.29,0.249,0.988,0,9,340,0,0,0
18.36,43412,5.93,0.032,0.921,0,7,3857,1,0,0
27.08,44454,37.07,0.305,0.585,0,9,914,1,0,0
44.79,68550,26.2,0.298,0.927,0,12,1383,0,0,0
30.64,36942,26.31,0.323,0.583,1,6,3037,0,0,0
3.59,58070,17.94,0.266,0.512,0,8,861,1,1,1
23.03,68640,27.54,0.247,0.548,0,9,201,1,0,0
18.11,19321,14.09,0.349,0.762,2,10,113,0,0,0
45.03,14017,8.22,0.443,0.922,0,9,1166,1,0,0
9.86,42673,10.33,0.12,0.762,0,9,32,1,0,0
56.79,77599,8.14,0.042,0.599,0,5,673,1,0,0
9.58,82870,0.89,0.106,0.373,0,7,359,1,0,0
45.19,50587,7.58,0.451,0.721,0,15,2183,1,0,0
16.14,4565,45.1,0.19,0.885,0,8,1029,1,0,0
39.7,78761,32.57,0.109,0.922,0,14,2642,0,1,0
56.03,24321,24.31,0.209,0.999,0,8,953,1,0,0
30.65,59541,58.12,0.045,0.752,0,10,317,1,0,0
10.38,51352,7.67,0.266,0.844,0,11,3934,1,0,0
13.23,30623,21.55,0.066,0.642,0,13,776,1,0,0
15.14,27627,0.8,0.364,0.594,0,3,170,0,1,0
5.95,50822,55.64,0.064,0.494,0,10,1415,1,0,0
66.82,45629,14.84,0.131,0.827,0,8,1354,1,0,0
29.61,85284,4.9,0.22,0.825,1,7,509,1,0,0
10.93,84035,6.84,0.274,0.71,0,8,837,1,0,0
86.88,41184,47.14,0.1,0.992,1,6,527,0,0,0
15.47,846,2.88,0.352,0.672,0,11,1406,0,0,0
33.13,32392,64.82,0.138,1.0,0,9,812,0,0,0
14.01,64801,11.69,0.039,0.595,1,8,337,0,0,0
5.39,80118,7.23,0.196,0.719,0,14,102,0,0,0
9.1,54587,10.08,0.124,0.691,0,4,749,1,0,0
18.94,53539,13.15,0.308,0.85,0,9,1564,0,1,0
55.63,24031,19.86,0.187,0.751,0,11,78,1,1,0
35.77,6911,22.1,0.165,0.535,0,10,336,0,0,0
30.33,42543,14.85,0.053,0.409,0,12,1635,1,0,0
5.43,50368,14.78,0.535,0.889,1,9,1717,0,0,0
29.29,23625,19.83,0.27,0.317,3,5,57,0,0,1
32.43,78448,12.1,0.237,0.627,1,12,1508,1,1,0
24.64,75014,15.74,0.154,0.862,0,11,1673,1,0,0
67.08,60501,22.76,0.225,0.838,0,9,1916,1,0,0
73.55,32825,3.5,0.287,0.521,0,8,787,1,1,0
68.28,75412,36.1,0.107,0.643,0,12,3438,1,0,0
22.25,60832,28.53,0.127,0.976,0,7,541,1,0,0
12.15,81707,8.87,0.25,0.721,0,8,189,1,0,0
59.81,1304,15.37,0.272,0.954,0,11,331,1,1,0
9.1,50782,73.4,0.327,0.356,0,6,1920,1,0,0
128.74,53232,0.52,0.032,0.702,0,11,724,0,0,0
27.73,86223,41.7,0.216,0.615,0,7,2575,0,0,0
11.6,6003,17.92,0.585,0.607,0,6,3279,0,0,0
10.12,16796,24.11,0.261,0.633,2,10,2977,1,1,0
9.76,50770,28.84,0.223,1.0,0,8,271,1,0,0
30.33,70672,15.22,0.096,0.761,0,16,773,1,0,0
26.97,2777,5.33,0.18,0.424,0,7,3660,1,1,0
10.09,66275,60.09,0.137,0.752,1,10,335,1,0,0
20.39,54051,33.7,0.134,0.655,0,6,694,0,0,0
9.08,26824,20.5,0.162,0.866,0,7,3264,0,0,0
43.44,40353,14.88,0.35,0.775,0,7,253,1,0,0
25.95,46521,17.3,0.008,0.672,0,11,264,1,0,0
20.03,28658,43.37,0.316,1.0,0,10,461,0,0,0
9.67,71157,0.31,0.182,0.813,1,9,148,0,0,0
21.32,31825,50.12,0.164,0.757,0,8,345,1,1,0
19.46,24191,1.2,0.269,0.83,0,12,364,1,0,0
34.96,12367,23.92,0.049,0.579,0,16,407,1,0,0
30.99,1503,10.13,0.182,0.627,0,9,153,0,0,0
51.09,52379,28.35,0.034,1.0,0,10,270,1,0,0
18.4,827,2.24,0.224,0.584,0,5,451,0,0,0
6.12,19615,20.31,0.073,0.562,0,9,196,1,0,0
59.91,80625,48.32,0.466,0.522,0,7,286,1,0,0
12.82,52025,17.06,0.05,0.643,0,13,456,1,0,0
11.18,9809,2.2,0.131,1.0,0,7,565,0,0,0
26.19,78891,0.95,0.262,0.643,0,7,117,1,0,0
34.53,13947,24.27,0.151,1.0,0,12,603,1,0,0
17.73,5632,1.8,0.205,0.854,0,11,487,1,0,0
17.62,8886,1.85,0.22,0.529,0,9,716,1,0,0
19.83,20400,13.85,0.152,0.542,0,8,61,0,0,0
84.2,29792,5.88,0.147,0.588,0,11,1367,1,0,0
27.05,63414,5.71,0.245,1.0,0,9,385,1,0,0
12.5,22008,16.4,0.065,0.9,0,10,1409,1,0,0
12.6,81818,8.24,0.124,0.496,0,4,1238,0,0,0
22.18,5523,6.19,0.221,0.702,0,8,837,1,0,0
32.8,9438,18.06,0.099,0.851,1,5,457,0,0,0
39.93,18991,8.59,0.185,0.625,0,7,1720,0,1,0
29.94,48159,2.09,0.181,1.0,0,8,397,1,0,0
13.83,32759,28.7,0.169,0.784,0,8,373,0,0,0
19.31,61928,22.02,0.168,0.919,0,6,983,1,0,0
48.77,65823,5.96,0.132,0.979,0,8,773,0,0,0
10.84,15796,21.82,0.289,0.668,1,7,1158,1,0,0
18.68,70068,77.86,0.103,1.0,0,9,622,1,1,0
43.73,43137,78.36,0.385,0.79,1,12,134,0,0,0
54.61,33208,18.98,0.119,0.819,0,14,643,1,0,0
23.24,21996,2.58,0.18,0.781,1,6,852,1,0,0
19.51,4885,15.32,0.303,0.741,0,10,384,1,0,0
9.42,6864,0.68,0.335,0.613,0,9,629,1,0,0
41.29,56159,13.41,0.382,0.9,0,7,758,1,0,0
77.87,14565,60.04,0.27,0.774,1,5,565,1,1,0
211.06,65721,15.75,0.224,0.702,0,7,284,0,0,0
36.93,86177,19.99,0.345,0.678,0,18,1851,1,0,0
26.03,16348,4.3,0.089,0.745,0,9,2462,1,0,0
12.99,36311,0.39,0.092,0.883,0,6,650,1,0,0
6.03,37654,125.46,0.01,0.869,0,12,197,1,0,0
31.24,27154,10.32,0.049,1.0,0,8,1024,1,0,0
177.73,20548,8.19,0.231,0.739,0,11,748,0,0,0
74.94,31012,21.17,0.06,0.634,0,10,315,0,1,0
66.24,63190,34.19,0.255,0.789,0,10,1106,1,0,0
33.0,66170,7.24,0.252,0.903,1,3,2895,0,0,0
36.15,7577,18.56,0.298,0.867,1,10,2903,0,0,0
3.9,17687,10.11,0.361,0.81,0,10,2557,1,0,0
49.9,82452,16.39,0.13,0.814,0,7,1512,1,0,0
17.06,59225,4.4,0.058,0.569,0,4,179,1,0,0
15.47,19081,17.84,0.28,0.844,0,8,340,1,0,0
20.93,30620,1.21,0.558,0.645,0,5,2070,1,0,0
20.38,66488,45.81,0.201,0.735,0,5,1976,1,1,0
15.27,35573,24.7,0.307,0.76,0,8,824,1,0,0
27.42,47131,70.96,0.184,0.725,0,5,690,1,0,0
17.35,25555,22.89,0.117,0.857,0,16,282,1,0,0
29.38,4130,5.03,0.102,0.692,1,8,725,1,0,0
8.25,65115,16.54,0.154,0.666,0,13,1158,0,0,0
22.85,24326,27.32,0.482,0.746,0,10,359,1,1,0
11.28,52693,11.72,0.019,0.914,0,10,360,1,0,0
16.23,43533,20.11,0.025,0.651,0,6,407,1,0,0
30.41,3386,4.44,0.41,1.0,0,3,146,0,0,0
7.51,43837,37.53,0.067,0.8,0,7,336,0,0,0
14.04,42697,60.07,0.33,0.617,0,11,2865,0,0,0
42.74,26999,9.45,0.401,0.751,0,10,906,1,0,0
8.75,16149,39.42,0.362,0.766,0,7,99,0,0,0
112.43,60047,2.41,0.16,0.619,0,9,2375,1,0,0
71.06,78830,7.08,0.307,0.589,1,6,451,0,0,0
18.25,10727,15.49,0.092,0.98,0,10,622,1,0,0
14.44,71626,12.21,0.146,0.799,0,12,122,0,0,0
31.87,71031,24.16,0.33,0.658,0,12,422,1,0,0
8.52,51552,20.69,0.427,0.278,0,10,3963,1,0,0
5.46,12147,2.28,0.168,0.786,0,5,1046,0,0,0
18.78,69088,3.53,0.24,0.565,0,5,168,1,0,0
24.36,17362,1.33,0.112,0.57,0,10,491,1,0,0
29.24,39315,76.23,0.324,0.807,1,13,248,1,0,0
16.58,24978,25.92,0.13,0.543,0,9,447,0,0,0
75.13,10996,48.38,0.327,0.574,0,7,244,1,0,0
8.2,17898,19.48,0.041,0.783,0,6,1388,1,0,0
10.91,75275,5.39,0.148,0.926,1,12,696,1,0,0
40.02,16777,24.63,0.016,0.624,0,11,607,1,0,0
10.7,13297,17.6,0.323,1.0,0,9,399,1,0,0
98.6,67279,196.38,0.337,0.46,2,6,467,1,0,1
29.92,13536,11.62,0.459,0.586,0,18,1900,0,0,0
11.67,70972,26.25,0.149,0.404,1,12,1924,0,0,0
24.37,30589,24.04,0.171,0.606,0,6,86,0,0,0
15.49,421,4.11,0.05,0.507,1,6,848,1,1,0
13.61,55349,42.35,0.296,0.501,0,10,208,1,0,0
5.04,54444,25.27,0.103,0.661,0,9,1494,0,0,0
30.32,47350,19.19,0.202,0.653,0,9,114,1,1,0
10.0,6808,34.55,0.162,0.611,0,9,284,1,0,0
23.7,37481,4.17,0.215,0.848,0,12,2088,0,0,0
18.0,36544,63.05,0.34,0.638,0,10,443,1,0,0
22.98,86310,7.89,0.053,0.956,0,10,1194,1,0,0
24.05,78134,7.62,0.096,0.82,0,3,1004,1,0,0
31.66,28594,42.17,0.396,0.653,0,11,133,1,0,0
15.15,14980,10.16,0.204,0.518,0,15,1979,1,0,0
73.27,49401,44.4,0.324,0.719,0,4,223,0,0,0
6.18,37819,9.94,0.089,1.0,0,3,801,1,0,0
22.62,65126,20.0,0.208,1.0,0,10,1707,0,0,0
52.93,38879,6.56,0.227,0.493,2,18,3758,1,0,0
39.7,4391,32.87,0.335,0.895,0,12,678,0,1,0
12.43,85640,4.57,0.085,0.558,1,7,1119,0,0,0
14.2,20393,57.42,0.088,0.616,0,12,286,0,0,0
12.12,70441,11.62,0.049,0.981,0,13,882,1,0,0
43.79,51736,15.95,0.25,0.634,0,6,466,1,0,0
15.0,50917,0.61,0.101,0.67,0,5,1504,1,0,0
33.25,65526,93.02,0.099,0.809,1,6,726,0,0,0
33.5,63743,41.94,0.287,0.693,1,10,280,1,0,0
180.32,58486,14.81,0.189,0.796,0,17,1024,0,1,0
34.83,66650,63.23,0.175,0.638,0,18,1207,1,0,0
14.17,13010,66.86,0.059,0.938,0,6,768,0,0,0
8.43,50291,19.04,0.009,0.632,1,14,304,1,0,0
21.74,7967,6.66,0.326,1.0,0,8,661,0,0,0
24.65,42936,16.69,0.064,0.77,0,10,249,0,0,0
4.62,47692,9.82,0.03,0.76,0,10,499,1,0,0
15.32,33913,14.85,0.019,0.743,0,8,266,0,0,0
34.39,67163,60.59,0.127,0.934,0,3,1683,0,0,0
17.71,10050,8.28,0.336,0.612,0,15,1832,1,0,0
85.26,75210,31.95,0.531,0.828,0,14,192,1,0,1
7.79,58865,68.45,0.083,0.93,0,8,1292,1,0,0
46.6,14264,40.88,0.431,0.649,1,15,470,1,0,0
56.32,54007,18.73,0.167,0.79,0,11,2848,1,0,0
58.28,31961,20.75,0.113,0.77,1,9,311,1,0,0
7.75,49726,42.82,0.329,0.669,0,7,376,0,0,0
34.87,15759,1.14,0.2,0.675,1,10,542,1,0,0
15.88,5504,33.29,0.067,1.0,0,6,832,1,0,0
8.8,63699,18.82,0.113,0.885,0,13,387,1,0,0
19.47,47172,12.65,0.071,0.983,0,10,727,0,0,0
13.14,61816,36.41,0.22,0.487,0,13,306,1,1,0
56.63,64807,7.74,0.068,0.888,0,7,1006,0,0,0
40.87,21861,56.47,0.338,0.923,0,10,109,0,0,0
10.78,65152,29.16,0.323,0.819,0,12,1662,1,0,0
15.19,22289,23.55,0.11,0.501,1,8,741,1,0,0
19.99,51267,18.51,0.237,1.0,0,6,978,1,0,0
25.59,12271,5.98,0.122,0.926,0,11,2510,1,0,0
60.65,57504,23.99,0.11,1.0,0,9,1154,0,0,0
47.12,72729,32.27,0.251,0.472,0,7,170,1,0,0
28.25,41718,0.29,0.133,0.948,1,10,3908,1,0,0
22.01,32707,11.41,0.234,0.696,0,10,126,1,0,0
6.56,48573,44.66,0.205,0.676,0,11,917,1,0,0
76.22,9021,25.01,0.028,0.706,0,6,228,1,1,0
18.96,9040,23.88,0.525,0.856,0,10,211,1,1,0
94.05,73435,6.49,0.045,0.576,0,14,133,1,0,0
31.72,26552,25.0,0.308,0.557,0,16,867,0,0,0
137.03,4344,38.56,0.261,0.593,0,11,279,0,0,0
44.04,78938,12.84,0.09,0.705,0,6,120,1,0,0
8.62,7203,5.03,0.125,0.725,1,7,70,0,1,0
16.58,78854,2.01,0.089,0.725,0,8,1492,0,1,0
23.68,5440,17.62,0.459,0.822,1,10,839,0,0,0
13.48,43209,28.79,0.089,0.989,0,7,637,1,0,0
20.05,2892,4.44,0.046,0.902,0,10,627,1,1,0
9.08,85544,13.68,0.291,0.917,0,10,319,1,0,0
27.24,6687,21.02,0.193,0.695,1,9,157,1,0,0
32.78,23807,4.24,0.343,0.702,0,16,863,0,0,0
12.14,80925,7.86,0.124,0.773,1,12,271,0,0,0
128.02,30152,23.44,0.403,0.655,0,17,1859,0,0,0
28.53,25875,32.28,0.077,0.859,1,6,808,0,0,0
14.11,34939,25.26,0.099,0.783,0,6,440,1,0,0
7.36,28939,31.26,0.014,0.732,0,6,1273,1,1,0
28.44,8469,21.78,0.279,0.882,0,10,285,1,1,0
22.01,82943,45.17,0.079,0.912,0,8,1732,0,0,0
50.73,61515,43.82,0.096,0.475,0,5,278,1,0,0
24.17,70157,39.77,0.385,0.547,0,6,2362,1,0,0
10.43,78441,21.42,0.494,0.927,0,11,504,1,0,0
103.19,83637,128.45,0.14,0.856,0,14,91,1,1,0
38.42,56355,1.0,0.035,0.985,0,7,1920,0,0,0
22.13,51132,5.44,0.272,0.847,1,6,2357,1,0,0
30.93,53249,41.37,0.252,1.0,0,12,1794,0,0,0
39.62,62719,43.76,0.12,0.884,1,9,373,0,0,0
8.64,19004,42.7,0.244,0.901,1,11,1006,1,1,0
30.76,70762,51.53,0.073,0.859,1,8,576,1,1,0
18.91,5253,13.73,0.09,0.933,2,11,440,0,0,0
40.68,8726,67.15,0.297,0.631,0,7,1341,1,0,0
15.0,58952,5.87,0.024,0.851,0,8,2582,1,1,0
16.71,60258,69.1,0.225,0.75,0,8,2679,1,1,0
102.54,40000,20.34,0.364,0.785,0,12,1915,0,0,0
72.58,46273,4.47,0.163,0.604,0,6,450,1,1,0
1.94,48426,33.3,0.125,0.867,0,6,785,1,0,0
68.4,29735,8.77,0.198,0.803,0,13,632,1,0,0
25.56,65558,6.23,0.08,0.69,0,12,1085,1,0,0
15.39,41648,4.72,0.168,0.789,1,10,154,0,0,0
12.11,32519,0.75,0.132,1.0,0,8,765,1,0,0
12.69,1286,36.17,0.456,0.908,0,8,289,1,1,0
15.74,69396,16.66,0.182,0.857,1,11,972,0,0,0
11.0,75810,96.26,0.09,0.549,0,12,2295,1,1,0
9.17,10726,14.46,0.155,0.542,0,10,931,1,0,0
11.8,61540,46.34,0.171,0.655,0,12,1184,1,0,0
35.12,25916,86.12,0.129,0.478,0,8,2641,0,0,0
28.22,79826,0.57,0.142,0.713,0,11,1856,1,0,0
42.3,2377,2.78,0.14,0.829,0,10,1604,1,0,0
25.71,24771,10.69,0.365,0.507,0,7,76,1,0,0
9.53,49004,51.03,0.072,0.699,1,9,396,0,0,0
40.27,54780,45.5,0.125,0.67,0,7,783,1,0,0
12.14,75232,11.42,0.109,0.314,0,8,1339,1,0,0
45.48,51267,5.58,0.255,0.504,0,5,1142,1,0,0
10.67,21802,40.53,0.38,0.356,0,6,1190,0,0,0
15.64,84838,22.72,0.317,0.882,0,5,647,1,0,0
20.31,44984,0.8,0.168,0.681,1,6,312,1,0,0
46.5,25446,40.77,0.209,0.649,1,12,350,1,0,0
31.21,30860,78.64,0.364,0.827,0,10,633,1,0,0
27.55,75417,1.07,0.266,0.984,0,9,1299,1,0,0
122.55,83132,8.42,0.201,1.0,0,6,89,1,1,0
6.24,11837,42.8,0.127,0.543,0,9,459,0,0,0
39.05,62482,175.41,0.595,0.74,2,10,940,1,1,1
11.42,38992,113.57,0.118,0.999,0,10,411,0,0,0
6.58,8689,61.78,0.033,1.0,0,6,1327,1,0,0
15.25,1565,4.91,0.164,0.718,1,7,2529,1,0,0
47.0,24793,28.02,0.11,0.669,0,6,3370,1,0,0
16.89,4620,26.48,0.115,0.571,0,12,725,1,0,0
20.77,65200,2.94,0.172,0.718,0,8,1033,1,0,0
6.83,25937,2.34,0.293,0.864,1,9,830,0,0,0
14.34,83425,21.07,0.313,0.552,0,12,1355,0,1,0
18.74,59400,12.89,0.039,0.589,0,5,358,1,0,0
45.33,45277,19.71,0.491,0.757,0,8,1315,1,0,0
7.1,25372,6.82,0.085,0.692,0,6,63,0,0,0
18.84,4956,20.34,0.187,0.558,0,9,1856,0,1,0
64.68,61394,12.09,0.143,1.0,0,8,1009,1,1,0
18.99,11911,54.63,0.151,0.452,1,9,308,1,0,0
4.99,81232,9.14,0.112,0.592,0,6,3405,1,0,0
75.44,51403,51.17,0.529,0.591,0,10,1861,0,0,0
48.81,6670,12.36,0.35,0.539,0,9,367,1,0,0
54.35,59844,21.58,0.487,1.0,0,4,130,1,0,0
6.72,63137,8.44,0.121,1.0,1,7,5467,1,0,0
90.92,23473,41.4,0.209,0.638,3,10,310,1,1,0
14.61,47298,46.39,0.22,0.822,1,14,2126,1,0,0
18.04,21345,41.39,0.182,0.755,1,8,4425,0,0,0
15.45,25608,25.53,0.094,0.855,0,7,2723,1,0,0
57.83,44804,9.09,0.131,0.993,0,5,545,0,0,0
23.48,10286,25.3,0.152,0.602,0,3,2155,0,1,0
39.86,78636,80.17,0.274,0.676,0,12,865,0,0,0
28.81,16872,26.13,0.035,1.0,0,5,1974,1,0,0
25.13,42305,78.31,0.121,0.545,0,14,1779,0,0,0
12.71,41750,9.08,0.206,0.687,0,13,1440,1,0,0
115.55,44476,46.77,0.014,0.524,0,12,261,0,0,0
8.41,45148,31.69,0.056,1.0,0,7,2803,0,0,0
37.71,77961,42.76,0.021,0.633,1,8,2082,0,0,0
36.65,53559,31.01,0.233,0.955,1,11,607,1,1,0
68.27,71969,16.37,0.223,0.503,0,11,260,0,0,0
82.31,79936,29.0,0.046,0.709,1,11,821,1,0,0
24.29,73477,67.24,0.415,0.855,0,8,786,1,0,0
41.44,85189,13.51,0.359,0.331,0,12,456,1,1,0
111.26,19983,75.78,0.173,0.528,0,13,272,0,1,0
25.74,46016,1.27,0.023,0.498,0,11,254,0,1,0
11.55,16260,0.36,0.251,0.714,0,8,510,0,0,0
19.93,34041,17.02,0.248,0.906,0,8,708,1,0,0
9.55,66074,47.18,0.199,0.718,1,14,274,1,0,0
36.51,44713,7.12,0.134,0.185,1,10,859,0,0,0
63.53,69748,29.56,0.093,0.45,0,5,440,1,0,0
24.61,84859,19.79,0.097,0.991,1,10,2237,1,0,0
7.41,27190,8.59,0.197,0.853,2,6,150,1,0,0
61.39,17770,8.41,0.484,0.675,0,13,259,0,0,0
6.55,50201,1.9,0.138,0.911,0,9,332,1,1,0
7.87,11251,19.21,0.061,0.852,0,9,334,1,1,0
23.51,32155,14.95,0.095,0.593,0,11,2040,1,0,0
33.16,62939,8.54,0.217,1.0,0,8,68,0,1,0
38.01,8061,88.03,0.054,0.391,0,8,737,1,0,0
25.72,40057,42.66,0.13,0.86,0,8,1580,0,0,0
110.83,24408,18.61,0.106,0.874,1,9,1885,1,0,0
28.56,18188,18.44,0.115,0.771,0,8,69,1,0,0
62.04,22779,5.38,0.295,0.551,0,10,906,0,0,0
50.88,24687,26.18,0.274,0.739,0,4,3333,1,0,0
9.64,24214,76.78,0.137,0.727,0,10,1471,1,0,0
23.67,66505,57.14,0.358,0.758,0,15,112,1,0,0
148.21,83553,2.21,0.194,0.571,0,8,3144,1,0,0
18.11,21246,1.36,0.098,0.676,0,9,1498,1,0,0
15.8,33686,81.26,0.426,0.855,0,11,608,1,0,0
31.08,16551,5.58,0.148,0.575,0,8,906,1,0,0
18.64,19705,19.99,0.12,0.46,0,8,390,1,0,0
14.37,60149,1.94,0.243,0.554,0,9,643,1,0,0
18.42,15802,46.34,0.15,0.529,0,13,264,0,0,0
85.25,63391,3.14,0.464,0.728,0,6,1232,0,0,0
24.31,11031,25.8,0.137,0.877,0,10,718,0,0,0
9.37,55341,1.46,0.25,0.732,0,7,302,1,0,0
8.09,21521,4.26,0.369,0.948,0,12,1529,1,0,0
158.45,25333,17.94,0.137,0.712,1,5,2465,0,0,0
22.68,64731,1.17,0.265,0.871,0,9,813,0,0,0
38.38,37551,5.44,0.096,0.661,0,12,1085,0,0,0
14.63,37261,3.66,0.296,0.736,0,8,196,1,0,0
35.05,1973,1.04,0.166,0.753,0,5,1620,1,0,0
87.14,10900,88.51,0.304,0.77,2,5,215,1,0,0
16.09,49249,14.95,0.158,0.984,0,9,2643,1,0,0
39.13,19460,48.96,0.307,0.636,0,11,268,0,0,0
23.44,2206,153.23,0.265,0.536,2,9,88,1,1,1
136.77,57282,1.09,0.079,0.537,0,9,35,0,0,0
33.61,65622,29.74,0.168,0.597,1,9,260,1,0,0
19.49,9958,0.99,0.323,0.612,0,11,1388,1,1,0
21.36,11383,20.12,0.294,0.534,0,15,2205,1,0,0
18.03,69213,3.74,0.086,0.649,0,6,773,1,0,0
18.78,25257,27.78,0.258,0.707,0,11,550,0,0,0
3.83,80106,55.8,0.366,0.744,0,8,282,1,0,0
25.07,73181,77.96,0.237,0.992,1,17,945,1,0,0
24.24,45176,18.76,0.103,1.0,0,9,61,1,0,0
40.08,78320,19.02,0.113,0.55,1,10,88,1,0,0
17.84,27045,0.98,0.022,0.57,0,10,439,0,0,0
16.88,8326,223.65,0.427,0.385,3,9,830,1,1,1
26.94,28986,78.21,0.184,0.933,0,12,2442,0,0,0
7.46,10437,14.42,0.109,0.727,1,10,402,1,0,0
30.41,52941,39.46,0.202,0.694,0,5,716,1,1,0
6.11,13156,39.92,0.232,0.868,0,11,615,1,1,0
66.46,27777,38.51,0.159,1.0,0,12,1285,1,0,0
46.87,25310,35.54,0.141,0.469,0,7,351,1,0,0
12.92,19855,6.05,0.433,0.625,0,15,146,1,0,0
46.01,70975,34.8,0.207,0.657,1,6,502,1,0,0
29.64,36033,3.9,0.199,0.305,1,8,191,0,0,0
12.09,67504,31.16,0.357,0.633,0,6,1608,1,0,0
5.37,61455,0.09,0.066,0.526,0,5,603,0,0,0
34.92,52296,62.78,0.248,0.92,0,11,259,1,0,0
14.36,79475,43.92,0.163,0.548,0,5,2169,1,0,0
65.1,33992,28.72,0.282,0.67,1,7,963,1,0,0
27.42,40580,2.48,0.085,0.986,1,11,234,0,0,0
15.49,33955,43.57,0.049,0.788,0,15,61,1,0,0
114.24,81247,52.02,0.45,0.638,1,9,115,1,0,0
43.0,27108,29.12,0.131,0.465,0,10,1208,0,0,0
1.46,29303,93.12,0.4,0.649,0,9,683,1,0,0
18.37,60866,2.44,0.122,0.772,1,11,302,1,0,0
8.96,58781,30.83,0.214,0.741,0,10,495,0,0,0
14.3,50087,18.6,0.082,0.787,0,10,510,0,0,0
24.15,23582,3.93,0.175,0.816,0,3,2395,0,0,0
35.99,45146,26.85,0.239,0.612,0,13,492,1,1,0
33.42,38405,40.18,0.423,0.679,0,7,55,1,0,0
64.22,25021,4.5,0.123,0.612,0,6,516,1,0,0
45.12,1308,39.44,0.216,0.855,0,6,660,1,0,0
42.94,65107,2.44,0.567,0.53,0,10,2199,0,0,0
31.85,18289,22.38,0.205,0.507,0,10,720,1,1,0
75.9,57673,40.05,0.463,0.962,0,9,159,0,0,0
36.9,7782,81.29,0.353,0.0,1,10,1565,0,1,1
21.49,20062,21.19,0.464,0.877,0,5,85,1,0,0
5.9,26129,13.83,0.114,0.683,0,7,1447,1,0,0
63.11,29716,23.37,0.064,0.778,1,9,204,1,0,0
25.49,71566,13.8,0.042,0.687,0,6,818,0,0,0
283.41,2583,7.22,0.122,0.566,1,8,513,1,0,0
19.6,43232,7.32,0.289,0.412,1,9,278,0,0,0
13.3,76347,226.95,0.215,0.508,0,14,1671,1,0,1
41.98,22235,4.25,0.048,0.424,0,11,2124,1,0,0
11.23,23881,3.28,0.042,0.842,1,15,1111,1,0,0
36.12,69454,2.55,0.504,0.692,1,13,521,1,1,0
27.87,13869,1.93,0.367,0.74,0,7,1079,1,0,0
21.26,6511,0.36,0.09,0.995,1,9,1166,1,1,0
69.27,14116,4.37,0.056,0.566,0,8,409,1,0,0
13.16,35981,5.35,0.103,1.0,0,6,2266,1,0,0
33.78,69423,7.86,0.288,0.754,0,7,1439,1,0,0
86.81,56909,3.31,0.344,0.79,0,12,837,1,0,0
15.41,66758,2.47,0.251,0.759,0,4,386,1,0,0
21.38,71282,19.49,0.112,0.656,1,8,397,1,1,0
177.02,85027,31.71,0.144,0.695,0,9,854,0,1,0
31.09,84433,33.9,0.218,0.748,2,13,644,1,1,1
18.08,61877,20.34,0.164,0.635,0,8,718,0,0,0
51.53,21236,14.52,0.163,1.0,1,10,391,1,0,0
17.21,14432,25.13,0.251,0.822,0,11,3230,1,0,0
7.75,59895,58.04,0.052,0.941,0,9,781,1,0,0
81.28,28014,24.68,0.033,0.663,2,10,1752,1,0,0
11.22,81711,1.57,0.109,0.916,0,9,102,1,0,0
192.75,70519,21.12,0.169,1.0,0,4,1386,1,0,0
18.33,75925,18.57,0.155,0.902,0,10,867,1,0,0
149.4,86058,15.04,0.029,0.702,0,11,1129,1,0,0
9.07,17704,21.03,0.302,0.946,0,7,285,1,1,0
61.58,45968,27.92,0.241,0.821,0,8,389,0,0,0
40.44,18750,0.95,0.125,1.0,0,10,137,0,0,0
52.99,61134,16.36,0.268,0.764,0,13,1145,1,0,0
13.55,68071,20.02,0.319,0.419,0,5,426,0,0,1
18.21,51527,18.92,0.357,0.597,0,11,160,0,1,0
9.52,77942,1.76,0.141,0.801,0,12,723,1,0,0
26.03,13453,37.3,0.296,0.844,1,10,33,1,0,0
32.41,86305,70.9,0.216,0.975,0,6,761,0,0,0
18.59,59006,47.74,0.145,0.73,0,10,4599,1,0,0
33.85,29565,11.26,0.288,0.227,0,6,1229,1,0,0
35.29,68336,19.13,0.376,0.743,0,11,139,1,0,0
13.09,1280,22.37,0.218,0.542,0,8,1939,1,0,0
37.19,63663,31.45,0.151,0.877,0,7,479,1,0,0
21.89,83538,27.42,0.384,0.646,0,8,150,1,0,0
15.49,29834,5.55,0.247,0.744,0,10,392,0,0,0
50.9,61558,46.29,0.136,0.866,0,12,1158,0,0,0
14.56,56958,47.29,0.036,0.552,0,6,398,1,0,0
18.82,77410,12.95,0.108,0.878,0,8,1271,1,0,0
28.72,17985,3.51,0.12,0.723,0,9,946,1,0,0
71.81,2306,35.11,0.382,0.688,2,9,543,1,1,1
31.63,7822,11.05,0.242,0.782,0,8,1930,1,0,0
41.37,28403,33.81,0.271,0.462,0,8,184,0,0,0
21.37,58559,9.48,0.16,0.958,1,7,2260,1,1,0
25.46,942,7.63,0.296,0.812,0,9,2240,0,1,0
26.07,36699,50.57,0.207,0.718,0,5,552,0,0,0
34.28,26781,23.92,0.064,0.584,0,14,1381,0,0,0
21.4,36517,2.25,0.163,0.881,1,14,1260,1,0,0
79.2,70276,29.23,0.16,0.9,0,8,67,0,0,0
20.12,16373,34.93,0.256,0.577,0,6,76,0,0,0
6.92,48651,6.7,0.295,0.727,0,9,652,1,0,0
243.29,12419,85.78,0.474,0.297,0,12,99,1,0,0
20.87,82327,11.66,0.183,0.856,0,9,542,1,0,0
77.52,51195,70.58,0.068,0.925,3,8,640,1,0,0
83.42,70808,8.69,0.086,0.818,0,7,1731,1,0,0
57.75,80153,23.49,0.132,0.45,0,8,1032,1,1,0
23.14,74294,18.22,0.079,0.59,0,13,209,1,0,0
34.1,80639,121.21,0.325,0.549,0,7,869,1,0,0
9.78,54909,13.12,0.189,0.63,1,8,2813,1,0,0
133.24,47149,4.94,0.229,1.0,0,8,1917,1,1,0
13.72,12973,44.78,0.18,1.0,0,6,283,1,0,0
22.13,44330,1.07,0.383,0.705,0,15,916,1,0,0
29.35,34747,54.06,0.246,0.482,1,9,872,0,0,0
24.88,22548,2.93,0.264,0.395,0,7,440,1,1,0
16.03,20222,21.22,0.347,0.639,0,7,2016,1,0,0
82.72,13476,31.24,0.279,0.382,0,8,1418,1,0,0
57.99,67851,10.25,0.064,0.829,0,9,3076,0,0,0
35.08,4756,46.57,0.119,0.991,1,8,726,1,0,0
19.69,39564,22.52,0.061,0.952,0,8,1107,1,0,0
63.52,79850,12.57,0.046,0.942,1,11,290,0,0,0
18.7,44404,9.84,0.303,1.0,1,7,394,0,0,0
95.23,65568,2.97,0.301,0.827,1,13,1854,1,0,0
29.64,53483,25.57,0.271,0.703,0,6,1089,1,0,0
72.52,14533,11.32,0.08,0.819,0,10,1704,1,0,0
24.75,56042,9.66,0.098,0.346,0,13,121,0,0,0
28.71,74059,74.87,0.105,0.54,1,5,217,1,0,0
72.26,69751,7.96,0.5,0.651,0,8,561,1,1,0
156.83,16541,52.3,0.036,0.915,1,6,393,0,0,0
94.47,60452,92.12,0.045,0.537,0,8,1367,0,0,0
54.69,21329,43.25,0.089,0.663,0,13,190,1,0,0
43.44,52934,0.49,0.153,0.849,0,9,141,0,0,0
18.07,52973,50.74,0.261,0.852,0,9,2229,1,0,0
34.34,19072,6.0,0.311,0.638,0,9,241,1,1,0
13.06,25268,10.9,0.305,0.677,0,8,1594,0,0,0
36.62,28459,119.44,0.465,0.632,0,10,1111,1,0,0
38.55,43882,12.98,0.283,1.0,0,8,2452,1,0,0
5.65,64755,26.59,0.324,0.891,0,14,40,1,0,0
27.97,7846,9.3,0.114,0.619,0,12,1282,0,1,0
37.78,38153,11.53,0.073,0.802,1,10,726,1,1,0
25.36,51308,22.76,0.125,0.693,1,8,529,1,0,0
36.11,5454,74.05,0.509,0.541,0,7,276,1,0,0
9.27,34895,8.3,0.17,0.991,0,11,1102,1,0,0
14.58,29678,7.1,0.276,0.662,0,11,681,1,0,0
62.05,54752,0.67,0.275,0.645,2,10,330,1,0,0
27.13,56183,5.64,0.26,0.644,0,13,1451,0,0,0
35.58,7762,7.61,0.165,0.378,0,9,878,0,0,0
17.51,20581,1.62,0.093,0.725,0,8,1742,1,0,0
27.54,4426,20.73,0.24,0.904,0,11,387,0,0,0
4.3,67010,3.39,0.202,0.715,0,10,98,1,0,0
53.35,13051,17.89,0.141,0.805,0,7,732,1,0,0
115.16,5989,5.24,0.078,0.839,0,10,392,1,0,0
11.57,61863,68.61,0.046,0.953,1,7,431,0,0,0
12.78,9240,9.17,0.274,0.694,0,9,607,1,0,0
38.58,64056,2.44,0.104,0.705,0,12,1428,1,0,0
88.16,49567,45.22,0.109,0.689,1,6,431,1,0,0
27.07,38275,12.86,0.342,0.786,1,12,1404,1,1,0
10.14,5782,42.89,0.018,0.577,0,8,318,0,1,0
211.19,46671,23.47,0.19,0.694,1,13,2068,1,0,1
11.89,84298,17.33,0.23,0.711,0,9,808,1,0,0
15.88,25237,14.74,0.5,1.0,0,10,398,0,0,0
21.26,12646,20.41,0.449,0.847,0,7,382,1,0,0
12.89,72829,12.84,0.024,0.669,0,6,1625,0,0,0
14.55,49440,17.17,0.182,0.748,0,11,939,0,0,0
28.78,83645,28.43,0.116,0.853,1,10,726,0,0,0
32.2,14332,13.39,0.179,1.0,0,9,104,1,0,0
8.68,31159,28.83,0.328,0.557,0,10,44,1,1,0
37.23,57918,31.32,0.183,0.988,1,7,291,0,0,0
19.97,33484,34.55,0.089,0.893,0,7,205,0,0,0
48.24,85332,15.92,0.173,0.863,0,13,591,1,0,0
50.62,70859,0.09,0.535,0.857,0,9,1727,0,0,0
17.54,28598,35.01,0.111,0.596,0,7,878,1,0,0
44.31,51545,59.95,0.163,0.925,0,13,531,0,0,0
13.88,86000,26.43,0.172,0.944,0,16,255,0,0,0
78.18,11254,18.59,0.129,1.0,0,12,919,1,0,0
14.31,50164,20.5,0.45,0.783,0,10,996,0,0,0
35.95,31552,25.6,0.243,0.807,0,15,644,1,0,0
23.33,35128,162.97,0.145,0.892,0,10,606,1,0,0
12.02,67482,1.6,0.06,0.77,0,6,596,1,0,0
55.74,3512,0.54,0.127,0.674,0,9,5433,1,0,0
16.59,73654,83.22,0.288,0.883,1,8,1552,1,0,0
6.96,66887,14.52,0.12,0.738,0,5,108,1,0,0
2.7,48378,23.69,0.066,0.894,1,13,2109,1,0,0
37.98,19459,2.05,0.281,0.534,2,11,320,0,1,1
81.51,20288,33.88,0.127,0.654,1,3,212,1,0,0
74.16,10539,26.05,0.049,0.943,0,11,371,0,0,0
15.26,82447,15.96,0.286,0.997,0,7,529,0,0,0
20.09,10845,21.46,0.277,0.964,0,8,266,0,1,0
18.69,46870,32.7,0.127,0.815,1,7,1784,1,0,0
9.33,76702,47.56,0.25,0.848,0,7,517,1,0,0
12.69,13467,3.4,0.038,0.896,0,10,48,0,0,0
59.44,81329,8.14,0.124,0.376,0,11,133,1,0,0
40.57,46436,12.67,0.407,0.656,0,7,800,1,0,0
33.73,22031,27.38,0.321,1.0,0,12,773,0,0,0
9.32,60040,12.59,0.178,0.893,0,14,713,1,0,0
29.39,46943,6.82,0.317,0.447,0,9,467,0,0,0
69.77,68815,54.63,0.405,0.712,2,8,507,1,1,1
53.21,23116,46.21,0.168,0.632,0,10,539,1,0,0
33.34,53168,13.57,0.221,0.82,0,8,1055,1,0,0
9.24,13018,9.98,0.022,0.824,0,9,1455,1,0,0
98.8,15740,18.92,0.306,0.523,0,6,835,1,0,0
6.44,20320,3.28,0.232,1.0,2,7,226,1,0,0
41.44,33812,12.66,0.098,0.572,0,8,86,1,0,0
42.27,80018,34.84,0.253,0.849,0,9,1508,1,0,0
10.06,3439,33.31,0.109,0.853,0,8,1370,1,1,0
26.3,16696,36.95,0.262,0.939,1,10,180,0,0,0
7.32,15948,15.75,0.083,0.792,0,8,2538,1,0,0
2.78,67426,11.51,0.146,0.804,0,10,1048,0,1,0
11.54,79295,44.51,0.062,0.385,0,9,532,1,1,0
16.56,60962,4.76,0.14,0.612,0,7,1443,0,0,0
45.4,86141,32.29,0.349,1.0,0,6,975,1,0,0
28.61,12192,54.72,0.045,0.546,0,10,2377,1,0,0
29.22,23362,8.43,0.258,0.64,0,5,1356,1,0,0
12.04,25071,5.51,0.129,0.447,0,10,351,1,0,0
17.74,53991,17.96,0.12,0.796,0,9,264,1,0,0
23.75,53947,26.7,0.456,0.508,2,7,55,1,1,1
10.18,67564,51.15,0.329,0.674,0,14,1771,1,0,0
16.86,26668,7.01,0.074,0.616,0,12,494,1,0,0
28.78,81226,9.42,0.38,0.853,0,10,1640,0,0,0
17.15,2907,54.83,0.279,0.925,0,11,1984,1,1,0
20.93,68679,5.75,0.255,0.749,0,10,500,1,0,0
47.27,74455,54.02,0.129,0.501,0,6,1427,0,0,0
18.16,7574,5.89,0.406,0.784,1,5,1046,0,0,0
9.33,9306,60.71,0.155,1.0,1,12,1112,1,0,0
42.55,67213,9.56,0.024,0.635,0,6,736,0,0,0
33.54,34811,7.07,0.198,1.0,0,9,920,1,0,0
35.27,7681,16.21,0.331,0.777,1,13,215,1,0,0
44.73,31714,11.52,0.088,0.7,0,14,1003,1,1,0
39.07,68650,5.63,0.294,0.625,1,11,578,1,0,0
27.74,46421,10.33,0.13,0.867,0,7,414,1,1,0
183.67,4853,31.23,0.122,0.64,0,13,524,0,0,0
9.7,27462,44.58,0.379,0.701,0,13,674,1,0,0
16.96,62165,42.98,0.249,0.651,1,9,2589,1,0,0
58.78,6599,35.35,0.179,0.68,0,5,774,1,0,0
30.39,29446,0.14,0.122,0.603,0,8,1201,1,0,0
49.72,2341,13.9,0.215,0.838,0,8,326,1,0,0
31.06,55471,4.63,0.505,0.754,1,14,450,1,0,0
81.39,45012,1.91,0.314,0.549,0,6,79,1,0,0
12.11,83029,33.28,0.13,0.603,1,10,664,1,0,0
79.36,60925,39.43,0.136,0.5,0,10,1212,1,0,0
69.19,27217,42.13,0.09,0.954,0,14,579,0,0,0
10.3,7408,55.25,0.336,0.785,0,6,754,0,0,0
44.9,35841,22.29,0.138,0.736,1,11,122,0,1,0
26.19,21754,157.04,0.271,0.679,0,5,58,0,0,0
16.69,38313,16.53,0.163,0.697,0,7,649,0,0,0
5.98,66451,53.75,0.004,0.795,1,5,133,1,0,0
12.08,82181,3.0,0.039,0.886,0,6,1576,1,0,0
47.77,38282,4.03,0.08,0.996,1,14,323,1,0,0
51.99,47812,22.31,0.139,0.929,0,6,652,1,0,0
22.91,57302,3.31,0.442,0.847,1,10,4104,0,1,0
52.12,70439,1.96,0.207,0.3,0,8,559,1,0,0
57.75,45603,5.46,0.166,0.811,1,10,609,1,0,0
30.68,51814,38.72,0.268,1.0,0,5,1586,0,0,0
15.21,39009,65.59,0.347,0.855,0,11,301,1,0,0
38.58,34740,10.14,0.3,0.772,1,6,150,1,0,0
40.03,34942,91.98,0.13,0.449,0,4,53,1,0,0
46.49,50479,41.46,0.064,0.607,2,8,1492,0,0,0
54.18,21274,6.41,0.179,0.419,0,11,2263,1,0,0
9.12,28461,22.05,0.162,0.644,0,9,655,1,0,0
18.03,62842,100.15,0.16,0.627,0,14,809,1,0,0
5.94,9031,47.23,0.131,0.755,0,9,295,1,0,0
49.28,44796,11.29,0.268,0.744,0,7,841,1,1,0
22.88,55878,9.14,0.107,0.756,1,8,646,0,0,0
38.27,16931,42.77,0.162,0.788,1,9,1311,1,0,0
18.02,45122,77.83,0.431,0.874,2,14,1033,0,1,1
83.16,77394,4.46,0.276,1.0,0,11,779,0,0,0
10.43,62121,9.93,0.098,0.861,0,16,2459,1,0,0
50.38,62938,27.1,0.208,0.96,0,8,2289,1,0,0
29.8,59970,4.16,0.312,0.777,0,12,246,1,0,0
23.3,38320,29.99,0.074,0.743,1,10,551,1,0,0
21.84,69412,30.94,0.371,0.756,0,14,144,1,0,0
16.27,58669,7.89,0.518,0.808,0,7,638,0,0,0
76.41,36559,12.69,0.066,0.765,0,6,2309,1,0,0
27.39,84791,68.51,0.134,0.904,0,6,295,0,0,0
9.82,574,34.58,0.238,0.825,0,16,521,1,0,0
19.94,1101,38.76,0.016,0.867,0,12,2787,1,0,0
30.04,17759,18.16,0.366,0.553,0,8,2554,1,0,0
55.6,38002,5.99,0.154,0.635,1,8,3053,1,0,0
16.71,85868,22.37,0.322,0.799,0,13,280,1,0,0
17.63,79352,36.97,0.22,0.49,0,9,2656,0,0,0
27.63,72410,0.1,0.2,0.46,0,12,241,1,1,0
54.53,48281,3.02,0.107,0.819,1,10,1111,0,0,0
9.07,14319,16.08,0.331,1.0,0,10,836,0,0,0
40.62,85724,14.37,0.164,0.664,0,5,3273,1,1,0
18.7,86384,100.83,0.386,0.569,0,13,1122,1,1,0
20.91,38613,2.42,0.166,0.732,0,10,769,1,0,0
134.46,36499,9.78,0.072,0.696,0,17,3062,0,0,0
23.17,23909,42.2,0.198,0.377,0,10,396,1,0,0
49.59,20781,23.7,0.194,0.604,0,11,457,1,0,0
48.19,54942,20.62,0.102,0.57,0,9,626,1,0,0
10.55,43314,33.79,0.107,1.0,0,10,960,1,0,0
6.19,3750,1.02,0.22,0.741,1,12,346,0,0,0
52.29,52286,73.67,0.165,0.456,0,11,507,1,1,0
11.39,78660,5.31,0.225,0.632,0,15,138,1,0,0
7.16,17270,2.13,0.31,0.653,0,8,302,0,0,0
61.62,11999,10.35,0.027,0.621,1,7,2500,1,1,0
11.99,61128,30.3,0.218,0.69,1,4,270,1,0,0
14.61,31106,6.58,0.238,1.0,0,8,109,0,0,0
131.56,22985,1.28,0.266,0.748,1,9,1741,1,0,0
7.19,5527,1.48,0.042,0.731,0,12,549,1,0,0
9.92,55048,7.41,0.463,0.859,0,16,95,1,0,0
18.77,19841,3.63,0.295,0.729,0,10,240,1,0,0
22.37,23941,11.65,0.139,0.633,1,14,1792,1,1,0
13.26,36066,4.75,0.168,0.704,0,7,1495,1,0,0
10.73,77126,10.55,0.221,0.66,0,10,141,1,0,0
90.74,56654,14.7,0.12,0.963,0,6,258,1,0,0
33.46,45332,33.92,0.156,0.818,1,7,266,1,0,0
43.3,46947,6.45,0.027,1.0,1,12,209,0,0,0
24.29,54428,16.11,0.392,0.707,0,17,46,1,1,0
34.18,50678,42.23,0.209,0.799,0,8,194,1,0,0
57.19,47300,107.4,0.16,0.904,0,7,3875,1,0,0
11.33,46249,12.57,0.351,0.146,1,14,232,0,0,1
33.51,67692,14.15,0.288,0.759,0,10,159,1,1,0
47.32,76151,24.96,0.149,0.849,0,9,500,1,1,0
93.3,2794,16.65,0.25,1.0,0,11,911,1,0,0
128.81,48128,4.5,0.155,0.768,1,8,1370,0,0,0
28.67,68578,15.38,0.181,0.98,1,11,1883,1,1,0
67.42,72428,96.7,0.245,0.6,1,14,1543,0,0,0
3.2,4091,25.57,0.153,0.649,0,10,2475,1,1,0
93.86,19618,8.33,0.242,0.663,1,10,318,1,0,0
136.53,31521,27.41,0.264,0.646,2,7,1206,1,1,1
157.19,35140,174.57,0.44,0.847,3,11,723,0,1,1
38.59,10396,12.36,0.42,0.837,0,13,60,1,0,0
23.98,31857,23.97,0.286,0.943,1,7,1563,1,1,0
31.73,35802,21.04,0.189,0.486,0,4,906,1,0,0
96.56,38342,8.58,0.523,0.7,0,9,1113,1,0,0
19.94,71424,15.73,0.206,0.806,0,8,2557,0,0,0
11.36,74824,10.11,0.16,0.574,0,7,1071,0,0,0
115.67,57326,33.46,0.086,0.404,0,7,231,1,0,0
41.32,70585,3.27,0.221,0.536,0,10,575,0,0,0
126.19,25872,34.68,0.186,0.817,1,10,1542,1,0,0
54.1,82877,4.39,0.161,0.875,0,10,129,1,1,0
9.4,21215,9.13,0.308,0.747,1,6,1136,1,0,0
45.44,4968,10.14,0.043,0.544,2,12,409,1,0,0
12.34,41053,116.18,0.202,0.63,0,10,3993,0,0,0
30.94,19150,4.21,0.225,0.213,2,11,190,0,1,1
25.52,667,37.58,0.176,0.727,0,7,268,1,0,0
7.43,33282,20.26,0.086,1.0,0,10,357,1,1,0
14.15,37057,102.1,0.355,0.827,0,10,486,0,0,0
158.25,62373,4.88,0.229,0.688,1,7,68,0,0,0
32.81,33579,23.21,0.118,0.814,0,12,593,0,0,0
23.56,48336,39.91,0.44,1.0,0,12,46,1,1,0
115.62,22091,24.76,0.34,0.647,0,6,1690,0,0,0
19.75,55001,56.81,0.316,0.833,0,11,134,0,0,0
25.2,22456,22.95,0.067,0.881,0,7,74,1,0,0
59.9,50672,43.78,0.136,0.732,0,9,197,1,0,0
19.68,5749,4.83,0.228,0.755,0,9,490,0,0,0
14.92,17862,7.6,0.355,0.385,0,6,60,1,0,0
4.47,48207,14.68,0.247,0.916,0,10,122,1,0,0
12.82,25607,47.7,0.075,0.744,0,8,471,0,0,0
12.72,51290,13.9,0.48,0.767,1,7,663,1,1,0
30.78,61785,24.69,0.074,0.61,0,11,1198,1,1,0
16.64,68605,12.6,0.062,1.0,1,9,1132,1,0,0
152.39,49502,40.96,0.121,0.458,0,10,861,1,1,0
11.63,18689,5.59,0.327,0.498,0,16,1062,1,1,0
83.14,53943,22.52,0.234,0.778,0,9,113,0,0,0
32.32,34032,21.56,0.183,0.777,0,8,867,1,0,0
11.32,63081,60.19,0.525,0.366,2,9,119,1,1,1
49.25,55540,30.53,0.097,0.901,0,8,1295,1,0,0
4.6,6734,0.72,0.174,0.634,1,12,535,1,0,0
26.86,30632,46.05,0.033,0.782,0,8,1649,0,0,0
21.98,85826,10.69,0.312,0.785,0,7,671,0,0,0
10.95,80175,39.38,0.175,0.842,1,6,1212,1,0,0
39.16,46614,9.1,0.06,0.82,0,9,1104,0,1,0
107.04,52585,5.2,0.229,0.661,1,6,744,1,1,0
3.2,10499,12.34,0.319,0.722,0,7,3542,1,0,0
17.68,66201,39.91,0.135,0.738,0,9,104,1,0,0
10.01,80402,30.39,0.241,0.872,1,3,1734,1,0,0
28.72,69193,12.81,0.135,0.531,0,9,4210,0,0,0
20.89,48341,69.46,0.413,0.819,0,5,1195,1,0,0
16.7,86068,13.14,0.262,0.773,0,7,631,1,0,0
47.07,62341,10.8,0.083,0.981,1,9,1173,0,1,0
100.38,79488,3.91,0.042,0.649,0,9,401,1,0,0
227.93,30186,1.82,0.201,1.0,0,12,602,1,1,0
15.0,72439,10.77,0.05,0.73,0,9,304,0,0,0
6.32,50694,2.41,0.284,0.156,0,7,469,1,0,0
42.41,16215,15.53,0.01,0.794,0,4,3469,0,1,0
98.34,2920,49.15,0.158,0.678,2,13,362,1,0,0
51.98,33422,16.16,0.224,0.732,0,9,845,1,0,0
98.01,6328,16.38,0.155,0.821,0,9,1661,0,0,0
22.64,59119,7.31,0.495,0.936,1,10,730,1,0,0
16.65,27798,4.55,0.296,1.0,1,8,1309,0,0,0
29.74,36579,6.29,0.336,0.546,0,7,1769,1,0,0
20.81,64246,20.98,0.1,0.966,0,9,837,0,0,0
46.08,79973,22.4,0.068,0.815,2,8,883,0,0,0
58.9,60554,6.22,0.376,0.496,0,10,388,0,0,0
62.71,48515,12.73,0.185,0.902,0,6,447,1,0,0
40.79,6111,21.02,0.105,1.0,0,7,1745,0,0,0
33.0,10919,35.73,0.253,0.629,0,13,126,0,0,0
51.19,83001,9.63,0.273,0.671,0,9,141,1,0,0
5.64,55926,7.91,0.525,1.0,1,9,2521,1,0,0
32.09,77911,32.78,0.205,0.753,0,9,2952,1,0,0
28.28,27617,18.03,0.112,0.728,0,12,584,1,0,0
32.15,70899,48.58,0.142,0.419,0,6,1470,0,0,0
25.28,62530,5.92,0.054,0.643,1,6,172,1,0,0
38.3,76069,36.84,0.095,0.62,0,10,850,1,0,0
17.12,3201,4.42,0.269,1.0,0,5,191,1,1,0
66.93,6998,21.97,0.323,0.519,0,7,259,1,1,0
39.6,26663,8.34,0.292,0.783,0,10,689,1,0,0
30.59,38099,2.66,0.271,0.732,0,9,3608,0,0,0
15.52,16674,23.98,0.392,0.545,1,8,72,1,0,0
52.05,6960,17.67,0.102,1.0,0,4,1055,0,0,0
31.99,38506,16.64,0.211,1.0,0,12,139,0,0,0
14.81,68959,22.44,0.085,0.77,1,12,1446,0,0,0
25.91,76894,11.65,0.137,1.0,1,6,398,0,0,0
44.85,3499,27.73,0.168,0.509,0,11,1544,1,1,0
42.15,24557,3.51,0.077,0.876,0,7,59,1,0,0
40.03,45854,31.38,0.103,0.342,0,3,1929,1,0,0
29.2,21952,21.68,0.119,0.487,0,10,436,1,0,0
61.6,82763,16.66,0.076,0.504,1,5,323,1,0,0
72.98,82833,3.41,0.314,0.869,1,7,142,1,0,0
106.4,20823,9.78,0.383,0.522,2,13,804,1,1,1
16.95,32701,8.75,0.196,0.817,0,7,829,1,1,0
11.63,65436,6.66,0.211,0.712,0,9,346,0,0,0
17.55,20374,77.08,0.113,0.643,0,10,36,1,0,0
129.4,64541,61.82,0.218,0.636,0,9,646,0,0,0
33.97,41936,19.75,0.053,0.861,0,12,75,1,1,0
148.58,60670,5.76,0.015,0.915,0,10,367,1,0,0
24.63,26668,60.52,0.127,0.511,0,15,175,0,0,0
22.04,1200,34.6,0.069,0.989,0,10,455,1,0,0
25.55,18032,0.99,0.219,0.508,0,7,668,1,0,0
25.19,65657,16.87,0.052,0.587,2,5,207,1,0,0
14.6,69906,23.22,0.411,0.897,1,12,436,0,0,0
10.81,64388,1.72,0.114,0.455,0,10,161,0,0,0
40.49,3815,1.28,0.188,0.685,1,6,3115,1,0,0
63.05,37175,15.57,0.331,0.764,0,11,315,1,0,0
191.71,47521,0.05,0.21,1.0,1,16,2984,1,0,0
19.16,64248,1.2,0.029,0.764,0,10,32,1,0,0
20.45,17736,4.51,0.403,0.726,1,7,1140,0,0,0
14.63,66223,60.19,0.365,0.627,0,11,1116,0,0,0
66.73,26905,36.34,0.021,0.913,0,6,524,1,0,0
52.04,13556,14.97,0.149,0.842,1,8,2726,0,0,0
13.44,13444,16.31,0.217,0.776,0,11,156,1,0,0
13.17,50007,28.96,0.112,0.908,0,15,1491,1,0,0
58.09,47774,16.08,0.157,0.685,0,9,254,1,1,0
36.84,14103,1.65,0.562,0.747,0,8,1063,1,0,0
49.74,21,33.56,0.15,0.856,0,10,553,1,0,0
13.38,15973,1.49,0.104,0.643,0,7,2245,0,0,0
6.04,40085,16.64,0.3,0.669,0,7,447,1,0,0
13.46,18388,49.46,0.285,0.919,0,7,1316,1,0,0
47.0,6712,3.12,0.273,0.751,0,9,1304,1,0,0
146.77,55965,30.66,0.21,0.964,0,12,96,1,0,0
19.23,12144,1.19,0.171,0.873,0,5,753,1,0,0
167.45,28462,124.26,0.263,0.415,1,6,1809,0,0,0
52.66,33737,28.65,0.36,0.644,0,14,1072,1,1,0
8.9,69314,86.84,0.141,0.685,0,9,743,1,0,0
32.18,30684,27.58,0.373,0.631,0,6,4062,0,1,0
54.12,8536,6.94,0.041,0.66,0,15,1045,1,1,0
3.89,3331,65.22,0.343,0.907,0,9,346,1,0,0
45.4,69831,24.63,0.59,1.0,0,8,449,1,0,0
69.28,55300,21.45,0.034,1.0,0,7,2260,0,0,0
52.7,81498,39.26,0.393,0.514,2,7,683,1,1,1
25.81,85227,8.37,0.096,0.76,1,8,302,1,0,0
19.62,55018,31.31,0.413,0.326,2,11,627,1,1,1
22.53,80609,11.39,0.198,0.967,1,8,669,1,0,0
10.58,49691,48.11,0.177,0.916,0,8,1527,1,0,0
15.64,54423,0.73,0.271,0.615,0,7,1906,1,0,0
19.43,47999,18.88,0.187,0.684,2,6,547,0,1,0
29.69,10485,45.28,0.16,0.847,0,9,3143,1,0,0
17.37,13265,0.7,0.111,0.842,0,8,145,1,0,0
13.53,67024,8.29,0.186,0.867,1,8,1774,1,1,0
49.79,33053,1.32,0.213,0.791,0,6,1164,1,0,0
36.47,5733,22.6,0.196,0.657,0,8,1821,1,0,0
17.61,55634,9.52,0.479,0.676,2,7,1931,1,0,0
40.65,50389,80.3,0.107,0.666,0,10,460,1,0,0
18.87,82032,23.95,0.105,0.81,0,5,1563,1,0,0
28.52,6926,20.63,0.475,0.648,0,14,201,1,0,0
59.15,43766,62.3,0.024,0.724,0,10,331,1,0,0
16.73,1563,6.33,0.081,0.804,0,10,609,0,1,0
10.61,81363,20.65,0.253,0.284,0,8,52,1,0,0
24.14,79427,19.56,0.251,1.0,0,12,190,0,0,0
9.11,24932,2.14,0.051,0.784,0,8,1699,1,0,0
21.72,74198,67.23,0.462,0.554,0,9,2381,0,0,0
21.66,84834,30.12,0.088,0.656,0,8,1134,1,0,0
3.78,15586,54.76,0.009,0.797,0,19,281,1,0,0
41.45,14026,101.19,0.136,1.0,0,10,2376,1,1,0
23.43,35388,16.33,0.11,0.631,0,9,1052,1,1,0
69.79,11454,40.7,0.171,0.394,1,12,1236,1,0,0
32.21,74869,21.54,0.075,0.739,1,6,3609,1,0,0
48.84,37171,94.44,0.017,0.727,0,4,282,1,0,0
70.25,21043,7.1,0.155,0.642,0,9,169,0,0,0
24.4,17422,0.35,0.286,0.91,0,10,229,0,0,0
27.09,22951,5.14,0.063,0.678,0,6,858,1,0,0
7.7,28443,3.42,0.338,0.659,1,11,182,1,0,0
73.09,11742,14.36,0.553,0.877,0,12,3331,0,0,0
24.13,29791,2.01,0.19,0.744,0,10,413,1,0,0
12.13,81974,6.22,0.223,0.655,0,13,1510,1,0,0
49.0,57265,2.53,0.375,0.506,0,8,491,0,1,0
4.74,25877,16.67,0.094,0.934,1,10,859,1,0,0
19.23,40180,7.76,0.1,0.847,1,10,3950,1,0,0
56.07,12103,15.92,0.156,0.714,0,9,641,0,0,0
19.1,69003,2.33,0.374,0.947,1,8,46,1,1,0
15.27,1494,18.19,0.233,0.498,0,9,429,1,0,0
19.44,36901,3.48,0.032,0.977,0,7,928,1,1,0
5.43,69239,2.62,0.174,0.815,0,9,719,1,0,0
48.06,48267,9.28,0.297,0.735,0,6,1086,1,0,0
24.57,49334,51.87,0.252,0.908,0,12,146,1,0,0
21.81,34004,38.84,0.3,0.991,0,8,1971,0,0,0
21.87,12427,79.95,0.165,0.691,0,11,60,0,0,0
27.42,41580,15.41,0.143,0.678,0,11,1491,1,0,0
45.73,48606,9.37,0.184,0.641,2,12,2826,0,0,0
26.01,58888,88.43,0.218,0.685,1,16,952,1,0,0
9.12,65770,12.02,0.077,0.627,0,9,197,1,0,0
42.97,72,0.23,0.237,1.0,1,12,1659,0,0,0
40.4,22151,42.89,0.191,0.829,0,4,48,1,0,0
31.96,67325,4.63,0.127,0.919,0,8,413,0,1,0
64.08,57971,31.64,0.015,0.559,0,7,125,1,0,0
27.78,36791,0.38,0.112,1.0,0,10,64,0,0,0
65.96,60010,2.94,0.046,0.656,0,10,2104,0,0,0
83.58,77540,16.52,0.149,0.947,0,6,372,0,0,0
43.2,10531,1.76,0.432,0.77,0,4,224,1,0,0
14.9,31348,54.87,0.118,0.707,0,8,418,0,0,0
24.42,77087,34.64,0.404,0.955,0,14,2797,0,0,0
73.05,35028,9.94,0.355,0.81,0,13,363,1,0,0
8.18,37030,22.75,0.316,0.986,0,7,1711,1,0,0
19.81,31792,31.43,0.114,0.667,0,7,725,0,0,0
20.61,7388,35.2,0.068,0.694,0,10,3142,0,0,0
13.57,55697,12.59,0.388,0.541,0,17,1256,0,0,0
54.51,40224,57.27,0.138,0.702,0,8,805,1,0,0
36.65,46959,71.09,0.168,0.717,0,9,162,1,1,0
15.35,25544,5.45,0.088,0.872,0,7,1436,1,0,0
44.01,41138,60.55,0.331,0.736,0,6,1337,1,0,0
23.89,22698,31.18,0.039,0.9,0,4,1230,1,0,0
13.3,67587,54.76,0.168,0.773,0,9,648,0,0,0
15.33,86351,13.82,0.103,0.943,0,6,708,1,0,0
38.43,57538,27.06,0.112,0.809,0,9,863,0,0,0
57.47,47047,6.71,0.556,0.601,0,12,89,1,0,0
18.37,76545,34.77,0.094,0.784,0,10,544,1,0,0
41.91,3628,21.79,0.217,1.0,0,11,618,1,1,0
96.1,40402,16.39,0.155,0.892,2,8,464,1,0,0
9.9,42191,29.5,0.258,0.657,1,14,317,1,1,0
36.04,34727,20.09,0.223,0.765,1,15,836,1,0,0
52.7,34294,36.24,0.059,0.587,0,9,3126,1,1,0
25.13,24223,48.88,0.394,0.687,0,7,332,1,1,0
73.01,27648,40.31,0.129,0.955,1,12,373,1,1,0
157.44,72465,9.19,0.059,0.467,0,6,1850,0,0,0
35.68,63974,93.37,0.226,0.616,1,6,129,1,0,0
22.49,3519,26.23,0.188,0.496,0,7,1142,0,0,0
59.24,83615,9.77,0.15,0.532,0,6,856,1,1,0
53.18,22280,1.09,0.207,0.633,0,6,1323,1,1,0
3.61,55618,110.77,0.075,0.712,0,8,471,0,0,0
27.05,46839,22.85,0.24,0.821,0,11,792,1,0,0
19.77,45079,6.45,0.199,0.721,0,13,1250,0,0,0
37.24,376,16.89,0.385,0.862,0,9,890,0,0,0
23.22,778,12.67,0.016,0.719,0,7,3007,1,0,0
25.33,36111,75.59,0.181,0.769,1,6,136,1,0,0
13.59,79964,16.96,0.044,0.686,0,9,225,1,0,0
48.79,22376,16.57,0.139,0.457,0,11,726,0,1,0
101.9,3595,39.57,0.198,0.547,0,5,129,0,0,0
13.76,79597,12.39,0.23,0.577,0,13,189,1,0,0
8.87,79992,5.47,0.026,0.782,0,16,2014,0,1,0
27.55,18883,36.57,0.161,0.891,0,12,1028,1,0,0
26.5,78723,60.23,0.307,0.85,1,10,684,1,0,0
69.18,82506,1.17,0.276,0.55,0,9,653,1,0,0
10.14,73025,49.13,0.269,0.93,0,12,815,1,0,0
17.63,52151,14.4,0.074,0.801,0,10,129,0,0,0
4.86,32177,8.53,0.385,0.627,0,5,47,1,1,0
81.45,72280,1.0,0.128,0.587,1,11,1852,1,1,0
33.13,74337,5.75,0.115,0.587,0,11,2635,1,0,0
18.71,59520,10.12,0.058,0.871,0,10,3606,0,1,0
9.41,76228,1.83,0.069,0.739,0,5,307,1,0,0
10.13,58150,5.23,0.346,0.461,1,14,35,1,0,0
37.77,84403,33.37,0.319,0.546,1,13,245,0,0,0
11.18,46686,29.03,0.244,0.813,1,11,338,1,0,0
29.47,54947,36.72,0.043,0.761,0,7,1296,1,0,0
138.98,31226,4.52,0.493,0.848,0,5,1156,1,0,0
20.53,63426,1.1,0.182,0.682,1,12,95,0,0,0
12.56,40252,15.81,0.215,1.0,0,4,2439,1,1,0
36.8,15823,10.49,0.069,0.746,2,16,898,0,0,0
10.17,25927,37.48,0.019,0.607,2,13,541,1,0,0
107.34,65644,19.35,0.16,0.37,0,13,183,1,0,0
48.72,25101,20.39,0.641,0.544,2,6,1310,1,1,1
23.78,67034,1.58,0.079,0.312,0,9,1940,0,0,0
13.23,47776,11.3,0.177,0.81,0,10,242,1,0,0
19.29,50819,12.99,0.224,0.688,0,7,1997,0,0,0
21.4,52336,3.36,0.261,0.463,0,11,2986,0,0,0
36.85,57949,21.87,0.028,0.563,0,8,536,1,1,0
62.28,58968,1.03,0.374,0.669,0,7,271,0,0,0
159.98,48773,1.99,0.167,0.669,0,10,771,1,1,1
60.87,72964,0.95,0.086,0.592,0,5,1865,0,0,0
44.44,53554,51.68,0.047,0.976,0,17,1023,0,0,0
18.06,29581,1.68,0.152,0.863,0,9,366,1,0,0
11.37,17752,15.24,0.287,1.0,0,9,2626,0,0,0
29.75,24486,4.22,0.023,1.0,0,5,1201,0,0,0
11.62,80403,3.57,0.461,1.0,1,8,42,1,0,0
61.49,53785,31.93,0.28,0.69,0,10,458,0,0,0
11.03,81141,37.21,0.218,1.0,1,5,350,1,1,0
42.02,52890,33.6,0.273,1.0,0,11,2661,0,0,0
25.42,25503,12.94,0.148,0.741,1,5,356,1,0,0
17.31,69161,117.18,0.129,0.866,0,14,350,1,1,0
24.97,21584,10.39,0.215,0.629,0,14,730,1,1,0
64.33,51888,7.04,0.196,0.754,0,6,67,0,0,0
10.45,41664,141.41,0.312,0.725,0,6,703,1,0,0
19.5,57626,94.61,0.089,1.0,0,8,2138,1,0,0
14.86,12021,22.4,0.256,0.576,0,8,245,1,0,0
26.29,85603,5.86,0.052,1.0,2,7,202,1,1,0
15.68,82408,6.81,0.24,0.74,0,10,1084,1,0,0
6.59,11298,18.4,0.185,0.636,1,8,228,1,1,0
11.66,23845,37.41,0.125,0.6,0,11,1738,1,0,0
100.5,60197,2.02,0.124,0.483,0,10,201,1,1,0
33.03,73897,29.09,0.107,0.829,0,14,2620,0,0,0
32.13,44976,2.72,0.09,0.892,1,12,444,1,0,0
21.63,72686,46.47,0.11,0.897,0,9,100,0,0,0
238.53,42552,104.04,0.303,0.414,4,9,97,1,0,1
19.22,45923,114.38,0.245,0.897,1,10,908,0,0,0
41.33,41525,34.96,0.168,0.764,0,6,129,1,1,0
29.39,42377,17.19,0.339,0.667,0,10,1419,1,0,0
10.62,40123,3.8,0.229,0.669,0,7,356,0,0,0
33.21,46967,19.54,0.16,0.702,0,7,331,1,1,0
3.79,10837,3.04,0.133,0.797,1,10,149,1,0,0
37.75,19519,58.89,0.179,0.88,0,10,2999,0,0,0
8.78,86096,6.54,0.028,0.86,1,7,817,1,0,0
25.11,23307,50.13,0.232,0.439,0,10,1144,0,0,0
10.43,81899,9.06,0.217,0.674,0,12,720,1,1,0
27.17,19640,6.27,0.085,0.596,0,6,1640,1,0,0
43.06,23896,9.07,0.108,0.71,0,11,1954,1,0,0
90.22,63001,30.74,0.06,0.81,0,4,1928,1,0,0
7.9,56615,18.62,0.5,0.563,0,9,1031,1,0,0
59.17,11632,2.84,0.12,0.747,0,16,1103,1,0,0
30.11,21216,3.69,0.224,0.705,0,6,292,0,0,0
18.91,10124,11.89,0.123,0.777,0,7,916,1,0,0
49.79,27737,10.33,0.055,0.678,0,16,216,1,0,0
22.45,30135,47.72,0.414,0.478,0,8,838,0,1,0
48.14,68112,21.23,0.153,0.311,0,13,671,1,0,0
12.26,34839,5.17,0.072,0.611,1,6,645,1,0,0
89.21,19513,85.32,0.418,0.361,1,11,1424,0,1,1
57.68,44009,2.7,0.371,0.696,0,9,160,1,0,0
88.97,4284,30.13,0.07,0.897,0,12,1602,0,0,0
26.36,36303,46.95,0.295,0.885,1,11,278,0,0,0
2.92,39133,38.14,0.3,0.394,0,9,632,0,0,0
23.12,81819,39.0,0.047,0.592,0,7,233,1,0,0
27.83,15298,7.56,0.231,0.863,1,5,261,1,0,0
22.51,352,112.94,0.271,0.925,0,4,105,1,0,0
35.48,3122,2.26,0.395,1.0,0,6,680,1,0,0
18.51,5207,43.02,0.025,0.693,0,4,565,1,0,0
53.04,30941,2.55,0.315,0.349,0,6,2447,1,0,0
10.66,47591,7.78,0.118,0.47,0,7,289,0,0,0
72.93,18415,17.1,0.242,0.696,0,12,163,1,0,0
93.7,38593,1.37,0.158,0.491,0,11,253,0,0,0
13.06,69580,12.53,0.273,0.548,1,9,489,1,0,0
13.05,45156,10.77,0.487,0.628,0,11,225,1,0,0
37.66,37388,26.04,0.119,0.413,0,10,296,0,1,0
10.49,66706,31.65,0.114,0.786,0,5,199,1,0,0
18.28,81041,2.37,0.308,1.0,0,15,1136,0,1,0
65.5,5640,0.97,0.044,0.866,0,9,1827,0,0,0
48.92,59472,37.39,0.199,0.855,0,8,281,1,0,0
132.18,37685,18.77,0.143,0.954,0,9,2186,1,0,0
31.08,77361,19.12,0.073,1.0,0,10,1023,0,0,0
16.63,26181,98.71,0.371,0.82,1,12,4990,0,0,0
28.25,40074,14.39,0.095,0.926,2,7,129,1,0,0
24.04,47030,5.46,0.204,0.826,0,5,158,1,0,0
84.82,11125,90.47,0.338,0.428,7,9,89,1,1,1
26.6,5801,42.28,0.03,0.559,0,11,516,1,0,0
12.87,55897,17.45,0.243,1.0,0,10,751,0,0,0
33.98,48266,29.43,0.238,0.679,0,9,89,0,0,0
8.79,2292,18.04,0.178,0.49,1,10,2948,1,0,0
15.28,14977,13.08,0.212,0.868,0,7,1112,0,0,0
24.65,42193,0.87,0.245,0.835,0,10,1619,1,0,0
4.45,45387,4.77,0.191,0.59,0,11,634,1,0,0
50.16,28964,16.34,0.094,0.594,0,11,953,1,0,0
5.25,58073,12.63,0.241,0.418,0,12,188,1,0,0
46.32,46607,46.27,0.24,0.935,0,9,1442,0,0,0
9.64,70733,2.87,0.095,0.858,0,10,123,1,0,0
19.61,32577,1.29,0.272,0.952,0,9,410,1,0,0
41.07,23572,2.28,0.07,0.782,0,5,2022,1,0,0
157.36,79494,28.34,0.238,0.783,0,9,152,1,0,0
29.76,41204,22.56,0.616,0.966,0,11,3608,0,0,0
5.55,69002,25.01,0.216,0.794,1,7,396,0,0,0
174.63,77495,10.91,0.522,0.624,1,13,430,1,0,1
22.52,63541,18.16,0.356,0.981,0,8,716,0,0,0
28.67,37980,36.49,0.313,0.648,0,12,924,1,0,0
42.36,57272,28.79,0.13,0.735,0,15,163,0,0,0
4.57,5945,14.44,0.373,0.609,0,11,1157,0,0,0
27.25,21879,2.73,0.213,0.52,0,7,382,1,0,0
19.54,6319,51.13,0.249,0.689,1,10,63,1,0,0
72.06,45245,18.67,0.274,1.0,0,8,862,0,0,0
48.51,50933,55.1,0.293,1.0,0,12,278,0,0,0
7.38,27430,14.44,0.117,0.38,0,13,124,1,0,0
74.45,25791,6.76,0.071,0.703,0,7,1187,1,0,0
38.85,49767,9.18,0.069,0.663,1,7,446,1,1,0
7.86,86083,13.54,0.193,0.887,0,7,547,0,0,0
28.35,80195,23.81,0.456,0.733,0,11,2040,1,0,0
62.05,21658,36.62,0.119,0.795,0,7,862,0,0,0
10.27,63713,6.95,0.146,0.877,0,9,67,0,0,0
81.62,79975,5.2,0.111,0.634,0,7,300,1,0,0
8.08,20945,5.66,0.231,0.868,1,10,2446,0,0,0
14.4,72107,68.14,0.088,0.69,0,9,256,1,1,0
12.75,72672,4.48,0.285,1.0,0,5,100,0,0,0
81.58,10681,10.61,0.245,0.629,0,8,1370,1,0,0
18.31,47827,16.63,0.239,0.775,0,13,101,1,0,0
10.69,42109,20.31,0.037,0.542,0,6,192,1,0,0
38.71,85626,48.81,0.384,0.537,0,8,789,1,1,0
46.01,5155,2.99,0.288,0.597,1,12,231,0,0,0
46.25,23789,2.86,0.222,0.866,0,12,380,1,0,0
21.82,61572,9.51,0.115,0.801,0,7,454,1,0,0
33.24,29563,13.33,0.107,0.904,0,10,364,1,0,0
16.12,21730,11.7,0.266,0.804,0,10,798,0,0,0
103.53,79250,12.44,0.32,1.0,0,11,941,1,0,0
67.72,29067,47.67,0.212,0.546,0,11,1536,1,0,0
64.48,47358,45.3,0.155,0.799,0,19,1320,1,0,0
51.18,48059,40.93,0.053,1.0,1,7,1926,1,0,0
41.09,16466,35.19,0.112,0.823,0,12,1709,0,0,0
143.05,58867,127.64,0.395,0.489,2,9,438,1,0,1
45.0,55946,4.04,0.155,1.0,0,4,164,1,1,0
29.71,44340,32.94,0.274,0.456,1,6,217,0,0,0
133.55,43539,26.95,0.393,0.422,1,12,594,1,1,1
51.72,37704,28.02,0.195,0.878,0,9,213,1,0,0
42.11,50259,31.55,0.178,0.642,0,11,1498,1,0,0
7.05,67610,60.58,0.149,0.996,0,9,64,0,0,0
25.25,64502,25.21,0.06,0.611,0,8,1912,1,0,0
17.35,24121,8.06,0.083,0.919,0,10,263,1,0,0
33.18,70010,2.17,0.131,0.482,0,8,701,1,0,0
19.44,42884,14.14,0.61,0.496,1,13,1703,1,0,0
21.74,31112,30.93,0.054,0.751,0,5,820,1,0,0
65.28,74108,25.8,0.362,0.307,1,17,628,0,0,1
19.19,636,3.2,0.04,0.652,0,8,713,1,0,0
29.88,799,166.96,0.228,0.514,0,5,355,1,0,0
8.04,53164,13.57,0.035,0.504,0,13,2134,0,0,0
13.93,27131,6.09,0.128,0.29,1,14,968,1,0,0
45.83,49434,4.49,0.219,1.0,0,6,3286,0,0,0
10.13,86229,49.65,0.11,0.695,1,8,1376,0,0,0
73.45,55825,42.82,0.126,0.956,0,9,172,0,0,0
59.12,33384,23.75,0.211,0.436,0,8,797,0,0,0
21.88,67624,19.81,0.13,0.425,0,7,164,1,0,0
298.56,20257,75.62,0.217,0.336,0,9,521,1,1,0
73.29,56824,6.48,0.093,0.72,0,9,1169,1,1,0
12.69,53766,13.42,0.2,0.826,1,9,1308,0,1,0
49.25,25604,0.62,0.185,0.694,0,10,1606,0,0,0
28.58,66580,13.56,0.079,0.577,0,7,539,1,0,0
14.57,82565,12.12,0.018,0.786,0,5,1181,0,0,0
11.52,82860,74.64,0.271,0.708,0,6,362,1,0,0
60.09,45297,11.09,0.343,0.814,0,6,661,0,1,0
16.8,1666,45.01,0.215,0.477,0,13,864,1,0,0
24.99,35232,36.37,0.138,0.745,0,6,1062,0,0,0
12.98,37,3.98,0.333,0.831,0,5,4429,1,0,0
14.9,86351,82.23,0.086,0.8,0,9,948,1,0,0
24.49,43120,24.92,0.057,0.738,0,9,390,0,0,0
36.99,27992,22.69,0.184,0.694,0,8,612,1,0,0
3.42,56390,0.29,0.212,0.742,1,9,400,0,0,0
27.48,16647,30.03,0.183,0.891,0,12,321,0,0,0
14.93,62338,1.43,0.063,0.823,0,9,132,0,0,0
85.63,22911,217.23,0.603,0.018,0,3,544,1,0,1
285.49,38654,2.6,0.195,0.653,0,9,257,1,0,0
20.34,25990,11.88,0.078,0.845,0,6,2099,0,1,0
6.84,18137,39.71,0.18,0.713,0,9,2640,0,0,0
29.77,25137,30.72,0.434,1.0,0,6,67,0,0,0
23.0,63960,2.82,0.224,0.724,0,9,382,1,0,0
131.25,52734,40.04,0.255,0.602,0,10,952,1,0,0
102.85,38276,15.44,0.335,0.94,0,7,702,1,0,0
54.18,75493,0.83,0.119,0.916,0,7,686,1,0,0
16.96,86076,6.33,0.306,0.731,1,7,1376,0,0,0
46.63,5861,38.45,0.139,0.81,1,9,517,0,1,0
33.52,44501,33.04,0.361,1.0,0,10,202,1,1,0
32.89,44216,5.22,0.378,0.811,0,10,1103,0,0,0
7.79,31946,0.97,0.268,0.738,0,7,124,1,1,0
63.4,52255,8.75,0.288,0.884,0,5,720,0,0,0
29.55,79801,39.61,0.149,0.777,0,7,81,0,0,0
25.01,17429,69.67,0.149,0.635,0,8,185,1,0,0
16.77,8015,21.27,0.035,0.829,2,9,529,1,0,0
14.37,52009,2.39,0.174,0.633,0,10,399,0,0,0
34.95,33870,17.43,0.399,0.944,0,9,143,0,0,0
6.69,40071,167.96,0.068,0.722,0,6,43,1,0,0
50.99,60079,69.79,0.563,0.366,0,13,756,1,0,0
11.67,24962,124.81,0.111,0.773,0,6,286,1,0,0
5.22,83532,30.05,0.128,0.828,0,9,469,1,0,0
116.46,50717,13.88,0.107,1.0,1,11,1043,1,0,0
13.65,68043,55.9,0.18,0.57,0,9,1332,0,1,0
15.21,18584,56.39,0.364,0.775,0,7,693,1,0,0
67.2,53156,3.9,0.129,0.583,0,13,3051,1,1,0
119.53,76500,37.33,0.224,0.613,1,14,701,1,0,0
7.95,54962,62.93,0.3,0.31,0,3,977,1,0,0
12.62,74534,57.2,0.276,0.659,0,9,62,1,0,0
13.38,14822,30.68,0.253,0.719,0,5,140,0,0,0
57.27,85703,19.27,0.185,0.944,0,16,1505,0,0,0
100.62,48101,37.49,0.283,1.0,0,9,574,1,1,0
11.42,43989,18.15,0.12,0.618,1,14,2694,1,1,0
84.08,20470,9.69,0.359,0.775,0,14,244,0,1,0
15.38,34867,7.49,0.21,0.623,1,13,654,1,0,0
35.48,10834,19.45,0.353,0.957,1,12,5623,1,0,0
9.8,57019,15.22,0.265,0.774,0,6,802,0,0,0
24.59,80396,18.58,0.155,0.838,0,11,311,1,1,0
24.81,40666,7.55,0.131,0.901,0,8,396,1,0,0
21.07,61456,22.33,0.165,1.0,1,13,1513,1,0,0
36.89,77813,27.12,0.145,0.389,0,9,218,1,1,0
12.11,81235,41.11,0.118,0.643,1,8,1505,1,1,0
13.37,3749,22.29,0.32,0.817,0,11,133,1,0,0
38.49,4746,35.27,0.15,0.556,1,6,92,1,0,0
79.33,58778,4.64,0.099,0.885,0,11,736,1,1,0
26.62,78117,3.23,0.167,0.634,0,10,1739,0,1,0
40.57,50585,4.95,0.157,0.755,0,10,1525,0,0,0
49.72,78496,46.81,0.155,0.961,0,8,747,0,0,0
52.69,42399,20.31,0.046,0.46,0,6,1089,1,0,0
12.64,27544,15.19,0.389,0.941,0,6,2660,1,0,0
14.56,73639,35.9,0.024,0.424,0,9,55,1,0,0
15.61,78490,3.31,0.042,0.851,0,5,404,0,1,0
126.84,13013,0.16,0.301,0.801,0,8,1453,1,0,0
40.71,69984,9.31,0.085,0.584,0,6,150,1,0,0
39.28,61508,7.16,0.103,0.921,0,10,261,0,0,0
36.34,8668,9.18,0.061,0.49,1,7,126,1,0,0
9.42,21712,90.83,0.131,0.933,0,6,3711,1,0,0
127.81,5194,20.97,0.182,0.714,1,11,437,1,0,0
39.78,30549,22.24,0.462,0.583,0,8,147,1,0,0
48.35,47390,26.65,0.122,0.9,0,12,1318,1,0,0
6.6,5350,12.68,0.21,0.709,1,6,457,1,1,0
50.59,5696,96.55,0.335,0.629,1,9,1118,1,0,0
20.39,42248,90.54,0.068,0.832,0,10,131,1,0,0
9.41,25597,36.66,0.114,0.774,0,9,1070,0,0,0
12.64,34693,5.95,0.212,0.923,0,13,537,1,0,0
9.86,29031,53.05,0.205,0.518,0,10,451,1,0,0
9.72,79147,2.66,0.38,0.75,1,14,113,1,0,0
28.46,17532,24.85,0.177,1.0,0,6,807,1,0,0
19.9,29398,15.28,0.065,1.0,0,13,814,1,0,0
35.42,81777,1.0,0.145,0.888,0,7,372,0,0,0
103.63,75330,58.56,0.23,0.71,0,7,118,0,0,0
24.44,70833,81.16,0.109,1.0,0,9,1554,1,0,0
4.5,73732,59.49,0.098,0.423,1,7,3251,1,0,0
22.34,35829,5.34,0.179,0.686,0,9,230,1,0,0
40.12,8015,117.98,0.232,0.095,4,9,321,1,1,1
25.31,11742,77.94,0.237,0.71,1,7,376,1,1,0
92.15,3542,2.81,0.07,0.797,1,11,2676,0,0,0
38.95,1373,21.89,0.129,0.793,0,7,2978,0,0,0
6.23,70375,16.62,0.054,0.741,0,9,812,1,1,0
29.6,53331,4.12,0.253,0.781,0,7,379,1,0,0
34.38,59992,54.42,0.259,0.897,2,14,553,1,0,0
64.35,77026,3.6,0.357,0.731,0,14,5096,1,0,0
116.25,29806,22.46,0.149,0.824,0,7,546,0,0,0
56.05,85934,9.57,0.174,0.526,0,10,210,1,1,0
38.57,6049,13.53,0.149,0.948,0,13,257,0,0,0
46.57,22042,5.94,0.146,0.898,0,7,918,1,0,0
23.7,42948,24.5,0.056,0.661,0,10,879,1,0,0
8.41,25704,112.02,0.189,0.878,0,10,1131,1,1,0
28.03,25685,44.83,0.188,0.867,0,11,584,0,0,0
36.32,64451,28.74,0.018,0.777,0,11,2221,1,0,0
10.35,51702,35.3,0.129,0.786,0,5,429,1,1,0
78.36,74233,45.7,0.56,0.906,0,6,414,1,0,0
60.6,39796,15.99,0.193,0.789,0,10,677,1,0,0
9.05,25755,20.93,0.233,0.435,0,9,474,0,0,0
80.86,33263,56.46,0.084,0.997,0,7,469,1,0,0
21.19,23521,29.76,0.247,0.554,0,10,183,1,0,0
14.54,65921,3.66,0.034,0.547,1,10,104,0,0,0
64.29,30344,37.8,0.148,0.797,0,9,215,0,0,0
26.03,77262,0.57,0.087,0.849,0,12,635,1,0,0
123.88,37539,47.02,0.118,0.728,0,13,1216,1,0,0
13.7,7280,38.81,0.208,0.679,0,11,785,1,1,0
6.78,18280,44.41,0.677,0.995,0,12,69,1,0,0
21.66,28430,0.6,0.173,0.739,0,10,932,1,0,0
50.98,56160,89.79,0.281,0.952,0,9,504,1,0,0
12.91,29594,23.81,0.146,0.993,0,6,4111,1,0,0
9.36,33578,40.24,0.242,0.742,0,14,1321,1,0,0
32.56,3794,20.9,0.262,0.379,0,7,403,1,1,0
8.41,70843,10.38,0.442,1.0,1,8,596,1,0,0
135.2,26980,30.58,0.198,0.332,1,6,1618,0,0,1
20.65,64752,1.81,0.014,0.742,0,14,619,1,0,0
40.27,73657,19.55,0.19,0.734,0,10,702,0,0,0
8.96,5229,3.88,0.326,0.733,2,15,358,1,0,0
76.59,2955,20.96,0.221,0.593,0,12,212,0,0,0
23.42,49113,24.52,0.167,0.916,0,6,918,0,0,0
49.94,2953,14.59,0.102,1.0,1,12,222,1,0,0
58.43,70720,4.25,0.034,0.465,0,9,3334,1,0,0
10.74,17472,14.17,0.194,0.624,0,10,74,1,1,0
54.92,12010,52.73,0.163,0.919,0,10,1499,1,0,0
8.67,6238,15.31,0.165,0.775,1,9,425,1,0,0
9.06,12746,10.49,0.106,0.979,0,12,732,1,0,0
130.48,46788,24.84,0.076,0.935,1,7,679,1,0,0
65.99,57122,24.11,0.36,0.948,0,11,244,1,0,0
142.44,65930,2.37,0.299,0.816,0,6,3944,1,0,0
20.16,9765,6.75,0.547,0.893,0,2,1467,1,0,0
29.43,17446,17.05,0.221,0.83,0,9,474,0,0,0
41.34,84343,11.41,0.368,0.953,0,7,670,0,0,0
26.85,32419,9.64,0.186,0.781,1,10,590,0,0,0
14.93,30427,14.75,0.129,0.933,0,10,1730,0,0,0
13.24,53703,8.57,0.147,0.521,0,8,70,0,1,0
32.17,69907,10.67,0.107,0.964,1,6,2928,1,0,0
11.55,54826,37.14,0.139,0.802,0,9,2068,1,0,0
11.29,69117,17.85,0.289,0.783,0,6,230,1,0,0
37.15,13549,51.56,0.308,0.913,0,7,691,1,0,0
32.61,6548,4.35,0.506,0.793,2,11,311,1,0,1
57.38,69794,63.8,0.161,0.935,0,8,310,1,0,0
19.3,32063,7.32,0.169,0.539,0,8,1093,1,0,0
17.03,54047,16.01,0.108,0.66,0,7,58,0,1,0
38.05,72483,19.15,0.206,0.627,0,9,308,1,0,0
14.16,40004,47.8,0.117,0.614,1,12,107,1,0,0
16.01,37996,20.47,0.203,0.837,1,9,1892,1,0,0
16.53,12467,7.28,0.271,0.535,0,10,494,0,0,0
22.93,30851,19.83,0.159,0.529,0,7,2799,1,0,0
111.94,32737,1.13,0.155,0.636,1,12,492,1,1,0
9.01,21394,44.91,0.23,0.763,0,9,632,1,0,0
76.43,44024,20.87,0.071,0.898,0,6,153,0,0,0
48.92,20435,26.37,0.054,0.821,0,7,2762,0,0,0
94.97,19960,5.61,0.144,0.892,0,7,757,1,0,0
333.4,24479,20.42,0.19,0.635,1,9,131,1,0,0
85.21,55805,18.91,0.137,0.6,0,8,767,0,0,0
56.86,51444,24.17,0.221,0.718,0,7,188,0,0,0
9.49,23589,47.0,0.096,0.768,0,13,493,0,0,0
10.5,9552,36.16,0.162,0.602,0,9,542,0,0,0
36.17,80330,19.79,0.397,0.253,1,15,1524,0,0,0
6.97,24631,55.97,0.525,0.329,0,10,1786,1,0,0
44.36,45105,11.1,0.054,0.786,0,9,108,0,0,0
4.91,77164,16.96,0.05,0.914,0,10,1134,1,0,0
43.53,31092,7.61,0.566,0.583,2,10,328,0,1,1
20.96,75687,14.53,0.063,0.739,0,8,597,1,0,0
30.0,30057,11.21,0.173,1.0,0,8,1968,1,0,0
14.9,38959,2.98,0.406,0.889,0,9,244,1,0,0
5.94,5765,25.26,0.134,0.734,0,12,214,1,0,0
72.8,24813,5.35,0.372,0.787,3,10,548,1,0,0
78.93,35807,3.72,0.33,0.788,1,6,2580,0,0,0
20.47,48509,5.03,0.158,0.743,0,8,65,0,0,0
46.04,57732,29.16,0.105,0.488,1,7,1068,0,1,0
19.83,27982,3.72,0.213,0.726,0,19,564,1,0,0
34.15,85903,93.49,0.196,0.704,0,7,31,1,0,0
49.76,65391,35.53,0.254,0.792,1,9,565,1,0,0
42.27,81552,12.47,0.323,0.826,0,8,121,1,0,0
79.26,49338,22.49,0.218,0.667,0,7,2895,0,0,0
41.06,48247,0.19,0.154,0.87,0,13,2160,1,1,0
27.73,27319,46.53,0.141,0.865,1,11,204,1,0,0
14.74,68964,7.91,0.231,0.871,0,12,1146,0,0,0
18.49,26986,1.86,0.469,0.586,0,10,855,1,1,0
51.83,27810,35.48,0.246,1.0,1,12,409,1,0,0
8.15,30727,10.0,0.31,0.551,0,6,1186,1,0,0
65.67,65379,20.96,0.04,1.0,0,9,2544,1,0,0
21.65,19318,46.45,0.104,0.844,0,11,80,1,0,0
14.09,62422,37.4,0.25,0.956,0,11,981,0,0,0
11.26,20755,10.27,0.503,0.714,0,8,963,1,0,0
46.5,78648,50.76,0.038,0.478,1,7,1058,0,0,0
26.8,48069,12.31,0.388,0.6,0,8,481,1,0,0
96.64,48599,17.33,0.184,0.748,1,6,974,0,0,0
9.87,72470,23.7,0.245,0.818,0,7,78,1,0,0
17.07,6859,1.84,0.195,0.895,0,7,86,1,0,0
25.18,53121,22.73,0.138,0.395,0,11,848,1,0,0
14.86,28570,21.53,0.05,0.762,0,14,1433,1,0,0
27.25,81567,51.69,0.356,0.987,0,14,257,0,0,0
35.01,29148,10.91,0.022,1.0,0,9,765,0,0,0
39.95,76977,6.93,0.456,1.0,0,7,41,0,0,0
90.46,2751,16.18,0.095,1.0,0,9,63,1,0,0
9.56,83495,29.07,0.038,0.731,0,7,203,1,0,0
35.52,6503,20.63,0.405,0.822,1,6,1124,1,0,0
16.16,82976,3.72,0.238,0.948,0,13,351,1,0,0
38.24,22044,10.69,0.125,0.932,0,7,2202,0,0,0
38.29,71779,1.65,0.185,0.643,0,6,1162,0,0,0
12.31,49481,33.61,0.062,0.705,0,6,591,0,0,0
13.18,46144,53.63,0.135,0.601,0,10,458,0,0,0
25.26,51321,218.53,0.145,0.586,6,5,239,0,1,1
27.63,75306,18.63,0.097,0.899,0,6,148,1,0,0
22.74,22224,20.87,0.402,0.734,0,7,859,1,0,0
45.9,72681,14.44,0.151,0.815,0,9,127,1,0,0
48.69,53374,17.47,0.087,0.965,0,7,222,1,0,0
17.75,19299,30.98,0.084,0.851,2,10,180,0,0,0
13.71,13497,16.53,0.366,0.41,1,8,276,0,0,0
9.88,59482,63.03,0.16,0.765,0,8,2014,1,1,0
27.85,54826,19.46,0.09,0.7,0,7,138,1,0,0
8.68,51224,1.86,0.439,0.681,0,6,419,1,1,0
29.36,79458,76.61,0.353,0.685,0,10,223,1,0,0
71.77,64490,3.97,0.013,0.335,1,9,270,1,0,0
20.43,76543,38.37,0.237,0.972,0,12,872,1,0,0
17.66,872,18.71,0.104,0.811,0,11,1225,0,0,0
134.06,81330,33.76,0.347,1.0,0,8,1726,0,0,0
90.72,23881,18.01,0.375,0.476,0,10,503,0,1,0
14.71,22388,1.52,0.164,0.635,1,16,417,1,0,0
30.3,55589,11.75,0.183,0.636,0,8,633,1,0,0
35.27,45301,24.23,0.279,0.764,0,6,1758,1,0,0
31.91,36800,24.78,0.31,0.669,0,9,1071,1,0,0
115.79,80223,90.34,0.274,0.838,0,3,351,0,0,0
29.07,72702,23.31,0.03,1.0,2,13,533,0,1,0
32.78,8885,8.44,0.252,0.744,0,6,212,1,0,0
47.04,13026,1.11,0.212,0.882,0,9,2249,1,0,0
70.24,53189,38.83,0.194,0.661,0,4,998,0,0,0
57.37,23585,55.02,0.243,0.965,1,13,114,0,0,0
41.7,13006,23.77,0.113,0.868,1,8,2838,1,0,0
7.79,28532,16.46,0.347,0.847,0,7,316,1,0,0
18.35,71145,49.33,0.174,0.741,1,16,593,1,0,0
52.22,6642,6.87,0.202,0.934,1,8,1495,1,0,0
33.13,13556,12.72,0.332,0.867,0,10,245,1,0,0
52.5,42237,17.71,0.127,1.0,0,9,961,1,0,0
122.7,37996,1.27,0.186,0.577,0,10,1327,1,0,0
10.57,9139,29.17,0.41,0.789,0,8,1866,0,0,0
67.38,69909,5.22,0.17,0.762,1,10,228,1,0,0
20.82,79596,10.13,0.196,0.693,0,7,230,1,0,0
57.3,46108,13.38,0.029,0.797,0,5,2913,1,0,0
26.23,65933,25.44,0.134,0.882,0,6,627,1,0,0
148.65,47374,1.69,0.12,0.864,0,15,494,0,0,0
30.09,34545,10.42,0.083,0.821,0,8,212,0,0,0
16.24,69596,8.02,0.185,0.597,0,7,1389,1,1,0
37.94,31117,0.04,0.295,0.818,0,5,783,1,0,0
35.13,53106,29.41,0.09,0.524,0,4,966,1,0,0
67.39,60866,6.73,0.107,0.798,0,8,1963,1,1,0
38.8,81813,4.55,0.328,0.662,0,9,63,0,0,0
196.38,22112,39.98,0.048,0.954,0,5,657,0,0,0
24.8,78166,1.0,0.285,0.737,1,7,1370,1,0,0
25.04,31100,57.62,0.095,0.579,0,9,679,1,0,0
16.72,17158,29.03,0.155,0.876,1,9,903,0,1,0
29.04,81926,4.71,0.385,0.747,1,5,3166,1,0,0
32.62,66832,10.77,0.394,0.716,3,10,160,1,0,0
33.95,65823,74.88,0.204,0.695,0,4,503,1,0,0
28.61,51005,24.11,0.072,0.646,0,6,527,1,1,0
16.65,33337,23.46,0.103,0.89,1,9,303,1,0,0
13.39,21102,26.47,0.096,0.712,1,6,224,0,0,0
20.08,63673,15.53,0.162,0.857,0,8,605,1,0,0
67.57,25218,4.58,0.184,0.836,0,8,314,1,0,0
80.27,52824,4.09,0.414,0.931,0,9,1166,1,1,0
25.49,47583,29.06,0.388,0.765,1,12,544,1,0,0
12.77,39541,53.84,0.104,0.435,0,5,1683,1,1,0
25.41,18935,8.92,0.153,0.886,0,12,725,1,0,0
144.51,82029,17.5,0.084,0.711,0,10,1450,1,0,0
60.29,68755,121.46,0.002,0.698,1,15,4959,1,1,0
42.12,66267,7.43,0.211,1.0,0,4,653,0,0,0
58.57,45269,12.37,0.073,0.944,1,11,1853,1,0,0
92.99,76771,11.3,0.428,0.813,0,4,894,1,0,0
10.78,8759,0.83,0.179,0.702,0,11,1271,1,0,0
19.81,23488,17.81,0.059,0.779,0,10,1812,1,0,0
17.76,60215,5.85,0.301,0.35,0,13,1510,1,1,0
43.37,9549,3.44,0.032,0.939,0,5,186,0,0,0
30.82,29518,30.98,0.185,0.597,0,5,692,1,0,0
49.65,72799,36.29,0.222,0.506,0,10,1001,0,0,0
18.07,66607,54.93,0.186,0.563,2,10,97,0,0,0
16.02,57125,165.39,0.214,0.29,2,11,234,1,1,1
25.65,72981,50.83,0.463,0.823,1,9,1615,0,0,0
47.26,56522,3.27,0.279,0.752,0,11,34,0,0,0
70.55,35014,6.33,0.12,0.589,0,6,2407,1,0,0
66.16,43515,3.27,0.019,0.629,0,9,518,1,0,0
36.19,41083,10.91,0.006,0.531,1,7,1224,1,1,0
53.34,55495,43.86,0.343,0.393,1,10,243,0,1,1
109.22,65610,26.48,0.09,0.896,2,8,1357,1,0,0
40.89,1988,31.53,0.387,1.0,0,4,951,1,0,0
15.12,62597,4.35,0.203,0.733,0,11,607,0,0,0
43.23,31031,24.29,0.087,0.778,0,9,1457,1,0,0
26.32,68619,0.58,0.262,0.829,0,6,606,1,0,0
4.14,85738,14.25,0.11,0.883,0,12,1927,1,0,0
39.24,48934,8.4,0.417,0.432,0,4,1571,1,0,0
29.76,85611,162.47,0.372,0.659,2,8,3060,1,0,0
68.38,44939,64.03,0.154,0.687,0,10,366,0,0,0
14.88,13856,3.99,0.428,0.471,0,6,720,0,0,0
8.13,48895,62.33,0.349,0.95,0,11,278,1,0,0
31.03,57426,13.57,0.316,0.459,0,13,460,1,0,0
36.75,45748,21.49,0.269,0.497,0,11,852,0,0,0
29.23,46307,19.08,0.11,0.66,0,7,507,0,1,0
27.57,35833,32.38,0.126,0.702,0,10,1655,1,0,0
11.53,7954,10.2,0.166,0.999,0,12,1434,1,0,0
24.26,35001,1.81,0.52,1.0,0,12,462,1,0,0
20.52,79700,13.52,0.18,0.784,0,7,1587,1,0,0
63.95,48338,19.66,0.2,0.626,0,6,249,0,0,0
36.73,42744,20.24,0.045,0.537,0,14,220,1,0,0
21.71,71164,39.33,0.211,0.863,0,8,532,1,0,0
107.67,36936,1.13,0.134,0.535,0,10,572,1,0,0
21.86,85932,110.77,0.381,0.7,1,9,2291,1,0,0
42.36,56338,116.58,0.143,0.942,1,12,263,0,0,0
23.72,6308,2.61,0.153,0.853,2,9,1267,1,0,0
99.98,35082,10.54,0.228,0.623,0,10,56,1,0,0
29.06,75191,22.31,0.278,0.88,2,6,1468,0,0,0
29.76,21631,11.68,0.041,0.626,0,12,426,0,0,0
24.24,53144,16.72,0.341,0.987,0,12,1627,0,0,0
31.73,2914,9.86,0.344,0.619,0,7,594,1,0,0
70.78,42301,31.13,0.391,0.964,0,7,3183,0,0,0
53.34,85854,11.31,0.293,0.603,0,7,842,1,0,0
27.73,68237,14.05,0.22,0.904,0,8,211,1,1,0
105.75,69580,21.45,0.017,0.86,2,12,1422,0,0,0
54.51,49185,87.01,0.163,0.625,0,11,339,0,0,0
19.1,62673,25.67,0.313,1.0,0,4,1093,1,0,0
8.99,55611,2.55,0.108,0.503,1,13,2635,0,1,0
19.45,73023,9.6,0.187,0.691,0,10,304,1,0,0
37.74,78533,13.61,0.06,0.57,0,7,917,0,0,0
43.72,54825,33.69,0.123,0.803,0,12,322,0,0,0
80.42,49556,14.8,0.045,0.804,1,4,1768,1,1,0
11.3,37479,26.9,0.331,0.564,0,8,2749,0,0,0
19.08,34692,45.74,0.134,0.74,1,9,726,1,0,0
10.57,62652,2.75,0.314,1.0,0,11,123,1,0,0
16.15,71559,66.73,0.351,0.113,2,9,178,0,1,1
16.41,81283,34.22,0.439,1.0,0,8,1620,1,0,0
36.35,83165,42.83,0.562,0.821,1,10,2588,0,0,0
50.26,74167,78.13,0.134,0.483,0,5,480,1,1,0
12.7,29203,9.26,0.108,0.586,0,6,1452,1,0,0
14.19,46359,14.01,0.092,0.755,0,8,1011,1,0,0
6.53,43784,7.62,0.288,0.575,1,5,527,1,0,0
32.18,54519,9.9,0.35,0.771,0,9,833,1,0,0
15.09,58622,10.01,0.109,0.94,0,5,1673,0,0,0
102.56,40460,50.96,0.393,0.988,0,13,573,1,0,0
37.63,84868,1.62,0.151,0.74,0,7,499,1,1,0
23.64,73663,5.66,0.068,0.616,0,8,550,0,0,0
16.23,18989,23.58,0.134,0.914,0,5,307,1,1,0
8.2,83014,36.22,0.055,0.865,0,4,135,0,0,0
9.08,30778,29.88,0.104,0.743,0,11,564,1,0,0
16.48,5101,1.19,0.116,0.653,0,6,1566,0,0,0
15.5,1074,15.12,0.216,0.414,0,18,158,1,0,0
12.19,16399,5.1,0.139,0.807,0,9,959,1,1,0
36.66,34295,110.87,0.087,0.822,0,9,1677,1,0,0
40.91,68735,170.13,0.185,1.0,0,9,1900,1,1,0
18.79,76969,1.31,0.038,0.683,1,5,1971,1,0,0
127.5,63242,27.54,0.129,0.809,0,2,3133,0,0,0
6.7,40568,41.92,0.395,0.802,1,10,353,1,0,0
28.4,79027,9.82,0.046,0.927,0,9,650,0,1,0
22.76,76513,29.57,0.079,0.904,0,6,93,0,0,0
17.45,71358,5.2,0.079,1.0,2,7,715,1,0,0
15.52,50083,3.42,0.225,0.84,0,10,298,0,0,0
26.96,22828,64.86,0.256,0.849,0,14,2770,1,0,0
22.64,12805,25.72,0.131,0.962,0,10,1622,1,0,0
19.82,84058,42.45,0.045,0.795,0,10,517,1,0,0
9.59,4289,19.02,0.166,0.753,0,4,1143,1,0,0
17.41,52552,47.43,0.558,0.207,2,14,1072,1,1,1
21.52,13605,11.82,0.301,0.956,0,8,1848,0,0,0
19.65,8417,53.35,0.193,0.67,0,17,198,0,0,0
23.16,74172,0.39,0.05,0.724,0,10,467,1,0,0
24.86,10573,5.8,0.328,0.767,1,13,1290,1,0,0
17.85,77769,7.3,0.092,0.89,1,6,174,0,0,0
22.88,27710,7.63,0.162,0.652,1,6,217,1,0,0
13.7,1902,2.59,0.454,0.434,1,6,1721,1,0,0
91.76,3603,47.13,0.021,0.897,0,4,240,1,0,0
14.3,73972,4.34,0.049,0.708,0,11,624,1,0,0
20.15,69584,44.25,0.106,0.538,0,11,130,0,0,0
15.2,82724,10.97,0.289,0.487,0,10,722,0,0,0
14.99,1760,15.28,0.15,0.979,0,12,437,0,0,0
27.65,27692,15.54,0.312,0.972,0,7,974,0,0,0
24.98,14092,31.22,0.037,0.822,0,12,330,1,1,0
31.9,86315,2.39,0.198,0.493,2,8,288,1,1,1
21.61,70880,25.59,0.199,0.706,0,8,765,1,0,0
15.24,8265,37.15,0.276,0.651,0,7,1499,1,0,0
37.39,46195,0.21,0.13,0.629,1,9,111,1,0,0
140.35,14916,17.57,0.231,0.704,1,12,245,0,0,0
13.47,40649,18.56,0.175,0.569,0,10,187,0,0,0
37.16,12262,6.84,0.159,0.563,0,10,2309,0,0,0
28.11,57134,20.32,0.149,0.471,0,7,519,1,0,0
46.29,44122,15.74,0.376,0.516,1,14,2118,1,1,0
47.34,13873,15.97,0.11,0.62,1,4,1033,0,0,0
31.96,47011,3.15,0.124,0.52,0,13,60,0,0,0
26.26,4187,14.28,0.17,0.876,0,11,703,1,1,0
19.15,76647,36.36,0.1,0.714,0,7,870,1,1,0
14.7,76522,13.19,0.136,0.836,0,5,161,0,0,0
25.09,31547,16.71,0.219,0.704,1,5,285,0,0,0
9.7,36380,85.68,0.368,0.651,1,4,1001,1,0,0
16.86,23723,51.35,0.093,0.932,2,11,1091,0,0,0
65.73,70316,66.02,0.242,0.645,0,13,336,0,0,0
29.34,13460,2.02,0.303,0.634,0,10,2372,1,0,0
55.38,20379,24.1,0.118,0.851,0,15,648,1,0,0
87.86,56020,6.32,0.135,0.711,0,13,1305,1,0,0
23.53,44718,12.95,0.273,0.864,1,8,1057,1,0,0
32.0,8802,28.47,0.095,0.684,0,7,153,1,0,0
21.3,7645,21.62,0.578,0.442,1,8,1078,0,0,0
14.15,36983,17.62,0.093,0.664,0,7,384,0,0,0
12.65,1838,42.11,0.108,0.899,0,8,389,1,0,0
53.22,38416,28.69,0.105,0.506,0,5,229,1,0,0
32.04,72220,43.02,0.246,0.71,0,11,688,1,0,0
118.78,26671,67.18,0.312,0.43,0,6,345,0,0,0
59.01,62849,31.12,0.2,0.746,0,13,237,1,1,0
15.11,72480,12.58,0.083,0.812,1,8,2375,1,1,0
53.11,56447,5.98,0.055,0.626,0,9,731,1,0,0
21.24,52725,7.9,0.311,0.837,0,8,236,1,0,0
71.77,40382,12.63,0.248,0.36,0,12,702,0,0,0
18.37,40953,33.69,0.33,1.0,1,10,430,1,1,0
11.68,23536,1.02,0.251,0.98,0,12,608,1,0,0
14.34,6182,42.09,0.243,0.886,0,10,584,1,0,0
14.94,66008,35.48,0.44,0.919,0,9,183,1,1,0
13.84,25732,17.3,0.158,0.877,1,8,1342,1,1,0
17.15,16284,12.76,0.283,0.855,1,10,230,0,0,0
53.8,10375,2.99,0.132,0.983,1,12,1958,1,0,0
134.7,58771,47.93,0.323,0.45,4,10,486,1,1,1
9.35,48709,2.9,0.066,0.556,0,8,743,0,0,0
74.5,65059,42.72,0.161,0.423,0,15,3087,0,0,0
18.5,26399,17.8,0.069,0.802,0,8,544,0,0,0
35.81,55812,7.09,0.135,0.869,0,8,121,1,0,0
7.22,20839,0.46,0.118,0.892,1,16,629,1,1,0
41.23,54931,18.55,0.05,0.536,0,13,517,0,1,0
5.45,23788,34.87,0.218,0.665,0,10,1034,0,0,0
34.85,12006,36.36,0.186,0.627,1,9,71,1,0,0
33.31,9365,6.03,0.036,0.778,0,6,3335,0,0,0
31.59,53728,132.77,0.236,0.681,0,6,1166,1,0,0
15.06,62878,21.03,0.351,0.672,0,8,3083,0,0,0
42.08,6056,10.09,0.424,0.821,0,11,939,0,0,0
37.07,45276,12.47,0.233,0.794,0,11,1701,0,0,0
22.92,59657,3.32,0.197,0.839,2,9,1504,1,0,0
46.41,77258,17.0,0.266,0.795,0,9,1580,1,0,0
25.12,17060,34.99,0.337,0.523,0,15,1619,0,0,0
41.39,7223,13.17,0.196,0.498,0,8,790,1,0,0
24.52,31573,50.41,0.169,0.888,0,5,446,0,1,0
32.24,20323,16.19,0.452,0.758,0,7,1034,1,0,0
42.94,86258,57.72,0.155,0.964,0,10,56,0,0,0
19.72,75663,30.37,0.157,0.926,0,10,446,1,0,0
10.1,74920,1.41,0.159,0.779,1,7,813,0,0,0
33.81,43582,1.73,0.141,0.934,0,10,80,1,0,0
70.21,79280,40.25,0.071,1.0,0,7,1147,0,0,0
34.44,66201,11.03,0.166,0.771,0,9,3626,1,0,0
34.97,30557,5.24,0.172,0.559,0,5,1429,0,0,0
26.21,9793,50.12,0.092,0.786,1,10,2264,1,1,0
48.97,7452,102.32,0.225,0.888,0,9,281,0,1,0
23.37,55749,41.35,0.085,0.898,0,6,1602,1,0,0
18.86,65723,32.29,0.249,0.653,1,9,608,0,0,0
65.64,58048,0.02,0.256,0.608,0,8,905,0,0,0
17.74,27943,2.8,0.28,0.728,0,9,216,0,0,0
55.23,40458,27.79,0.138,1.0,0,12,1480,0,0,0
65.68,62131,13.17,0.195,0.731,0,9,1778,1,0,0
71.31,60797,68.12,0.214,0.071,1,7,208,1,1,1
9.98,25942,33.76,0.079,0.859,0,7,507,1,0,0
27.71,27225,13.57,0.267,0.839,0,8,1024,0,0,0
23.07,40158,26.88,0.287,0.87,0,10,612,1,0,0
18.23,82254,15.79,0.537,0.739,1,13,804,1,0,0
30.39,62177,0.67,0.185,0.729,0,9,1551,1,0,0
50.17,76112,25.26,0.082,0.656,0,13,477,1,0,0
18.79,47458,38.79,0.466,0.818,1,9,801,0,1,0
23.64,16739,4.24,0.197,1.0,0,10,713,0,0,0
22.36,51074,55.43,0.286,0.934,0,11,1170,1,0,0
68.79,4327,5.01,0.364,0.591,0,10,1347,1,0,0
22.07,3338,13.74,0.443,0.838,0,8,40,1,0,0
10.1,795,18.73,0.453,0.688,2,8,4166,0,0,0
7.7,82109,9.42,0.125,0.701,0,7,1254,1,0,0
36.24,77871,17.35,0.235,0.816,0,10,130,1,0,0
14.75,56603,31.68,0.331,0.685,0,6,1056,0,0,0
46.29,41773,31.33,0.112,0.708,0,9,360,1,0,0
9.35,79807,63.87,0.241,0.584,1,8,66,0,0,0
17.62,48129,49.53,0.277,0.745,0,9,461,1,0,0
9.35,75978,105.17,0.292,0.762,0,11,327,0,0,0
38.39,34826,22.62,0.306,0.869,0,7,1257,1,0,0
45.56,25796,12.79,0.234,0.435,0,9,1386,0,0,0
35.55,42587,6.86,0.235,0.8,0,7,560,1,0,0
11.37,62878,6.99,0.049,0.571,1,14,163,1,0,0
14.93,35148,4.09,0.263,0.357,0,10,1612,0,0,0
32.7,30872,32.43,0.124,0.946,0,11,1722,1,0,0
7.03,25975,26.55,0.146,0.822,0,7,396,1,0,0
22.36,37819,8.64,0.083,1.0,0,10,408,0,0,0
91.24,75891,55.67,0.142,0.837,0,14,599,0,0,0
23.48,19093,20.09,0.135,0.882,0,11,360,1,0,0
8.24,29364,1.79,0.286,0.434,0,3,136,1,0,0
16.68,26662,1.59,0.117,0.889,1,7,1176,1,0,0
16.37,12086,3.86,0.299,0.736,0,7,3419,1,0,0
150.24,43933,5.93,0.016,0.697,1,7,934,1,0,0
102.78,64838,54.61,0.465,0.814,1,11,2292,1,1,0
48.65,39640,37.68,0.184,0.795,1,9,1755,0,0,0
20.61,50305,5.63,0.014,0.683,0,9,104,1,0,0
70.85,39687,7.14,0.182,0.931,0,6,626,1,0,0
10.95,32369,25.32,0.191,0.71,0,12,1562,0,0,0
64.15,69694,51.3,0.199,1.0,1,10,1348,1,0,0
56.96,79968,9.52,0.121,0.724,0,8,5720,1,0,0
24.02,79259,18.64,0.132,0.768,0,5,296,0,0,0
67.45,21949,55.27,0.363,0.795,0,5,482,1,0,0
19.81,39636,70.72,0.366,0.234,5,9,273,0,0,1
9.85,46688,55.53,0.15,0.923,0,6,34,1,1,0
59.29,49088,8.15,0.212,0.908,0,5,523,0,1,0
25.33,65771,29.36,0.163,0.433,1,6,424,0,0,0
43.88,32635,3.03,0.139,0.495,0,11,2343,0,0,0
116.36,44603,23.94,0.575,0.382,1,4,329,0,1,0
15.21,18180,9.06,0.304,0.587,0,15,60,0,0,0
24.17,70821,30.22,0.163,0.512,0,8,208,1,0,0
95.17,40163,3.83,0.021,0.709,0,8,287,1,0,0
46.29,42350,27.38,0.107,0.845,0,13,1915,1,0,0
15.49,80796,30.82,0.231,1.0,0,13,2032,1,1,0
12.63,38297,48.65,0.282,0.565,0,10,866,0,0,0
17.77,76859,29.04,0.212,0.846,0,16,3383,0,0,0
15.02,18595,18.5,0.119,1.0,0,8,62,1,0,0
32.78,62693,38.33,0.253,0.642,1,11,2488,1,0,0
28.87,78705,8.37,0.174,1.0,1,3,102,1,0,0
33.9,19612,28.29,0.24,0.923,0,8,312,1,1,0
13.84,64505,32.23,0.049,0.603,0,12,1460,0,1,0
25.62,33694,12.46,0.275,0.689,1,9,786,0,0,0
5.24,5822,112.67,0.1,0.961,0,11,2465,1,0,0
30.45,19305,11.0,0.163,0.574,0,6,124,0,0,0
69.43,44405,2.21,0.277,0.527,0,11,306,1,0,0
8.67,61382,9.04,0.145,0.67,0,9,1675,1,1,0
39.91,80762,2.62,0.482,0.595,0,10,1543,0,0,0
16.63,23719,10.36,0.317,1.0,0,5,610,1,0,0
51.52,57464,3.42,0.444,0.69,0,10,1846,1,0,0
30.78,50117,14.47,0.024,0.611,0,8,679,0,0,0
37.48,3719,37.62,0.048,0.471,0,7,119,1,0,0
28.56,85833,1.75,0.205,0.481,0,10,127,0,1,0
78.47,78462,20.7,0.198,0.444,1,11,235,1,0,0
35.8,61168,1.12,0.264,1.0,0,6,816,1,1,0
15.42,45429,53.99,0.129,0.879,0,8,82,0,0,0
29.34,52331,63.58,0.233,1.0,0,10,592,1,0,0
20.18,36138,16.95,0.2,1.0,1,8,1099,1,0,0
30.87,30831,36.66,0.35,0.777,0,5,390,0,1,0
19.38,48533,22.47,0.009,0.69,0,8,225,0,0,0
15.78,61385,10.41,0.315,1.0,0,6,331,1,0,0
31.8,10115,7.03,0.398,0.978,0,10,1795,0,0,0
28.35,21522,35.53,0.322,0.798,2,12,165,1,0,0
63.51,61160,14.05,0.146,0.515,1,10,346,1,1,0
19.45,9968,63.22,0.111,0.791,0,8,500,1,1,0
5.56,53808,92.92,0.4,0.679,1,7,466,0,0,0
20.27,22681,5.91,0.174,0.362,1,9,317,1,0,0
16.03,19251,21.73,0.352,0.257,2,12,179,1,1,1
37.81,36317,19.25,0.257,0.53,0,15,1408,1,0,0
7.11,55679,50.64,0.14,0.456,0,7,91,1,0,0
12.3,37544,29.36,0.141,0.686,2,12,517,1,1,0
20.29,60613,23.37,0.062,0.714,2,12,203,1,0,0
93.24,49330,28.41,0.135,0.713,0,9,863,1,1,0
11.49,25190,12.34,0.232,0.833,0,9,59,0,0,0
27.38,67290,80.65,0.089,0.843,0,13,1438,1,0,0
43.12,8238,1.48,0.019,0.764,0,10,1221,1,0,0
88.88,8015,0.74,0.332,0.727,0,10,1139,1,0,0
50.51,44643,13.43,0.212,0.996,0,9,41,1,1,0
65.05,55478,4.2,0.341,0.574,0,7,1274,1,1,0
54.13,72033,19.68,0.181,0.46,0,10,755,1,1,0
10.31,68070,0.23,0.121,0.794,1,9,544,0,0,0
36.15,24791,15.39,0.229,0.466,0,9,178,1,0,0
53.46,52091,8.74,0.124,0.747,0,5,262,1,0,0
12.61,13734,5.65,0.314,0.897,0,8,2021,0,0,0
17.05,54917,14.7,0.198,0.69,0,11,162,1,0,0
14.26,52028,48.2,0.243,0.704,0,9,557,0,0,0
50.3,48136,26.63,0.214,0.985,0,11,184,1,0,0
25.65,25812,4.36,0.116,0.693,0,11,805,1,0,0
20.97,31882,17.27,0.086,0.694,0,5,1879,1,1,0
9.72,33775,67.09,0.042,0.736,0,10,356,1,1,0
25.69,4829,14.46,0.281,1.0,0,9,775,1,0,0
17.22,39232,15.9,0.071,0.606,1,18,2794,0,0,0
32.94,26714,70.91,0.28,0.762,0,7,1069,0,0,0
10.87,73593,3.65,0.189,0.482,0,11,48,0,0,0
31.26,34927,33.2,0.046,0.5,0,11,572,1,1,0
45.25,85104,25.08,0.435,0.116,2,11,866,1,1,1
9.98,57717,50.23,0.376,0.603,0,5,414,1,0,0
9.38,16362,1.4,0.044,0.809,0,3,309,1,0,0
10.57,34054,116.15,0.214,0.675,0,4,186,0,1,0
22.99,70009,36.59,0.012,1.0,0,10,1214,1,0,0
29.87,4920,8.36,0.115,0.904,0,7,1021,0,0,0
33.64,14892,35.77,0.102,0.766,0,13,829,0,0,0
34.68,17678,64.09,0.202,0.822,1,12,469,0,0,0
14.78,36744,3.0,0.051,0.513,1,10,877,0,0,0
63.23,47789,61.21,0.324,0.798,0,12,302,1,0,0
19.03,65709,11.16,0.266,0.677,0,8,73,1,0,0
38.87,12323,0.16,0.085,1.0,0,12,474,0,0,0
23.78,61741,2.98,0.096,0.743,0,12,778,1,0,0
36.62,70517,54.03,0.437,0.602,0,8,1766,1,0,0
22.84,3834,101.38,0.196,1.0,0,12,144,1,0,0
37.15,2429,56.43,0.397,0.635,0,7,480,0,0,0
26.95,79725,14.56,0.199,0.553,1,9,475,1,0,0
51.99,55719,81.37,0.381,0.79,0,4,1773,0,0,0
14.08,46758,13.06,0.341,0.692,0,4,1903,1,1,0
6.58,76501,3.02,0.408,0.697,0,11,476,0,0,0
12.44,72998,10.42,0.099,0.527,0,15,451,1,0,0
63.76,58036,161.28,0.3,0.583,0,7,625,0,0,0
23.96,27605,24.58,0.553,0.687,0,6,946,1,1,0
29.18,61758,10.39,0.324,0.454,0,10,3775,0,0,0
11.67,85016,24.47,0.124,0.657,1,7,1293,1,0,0
28.57,85544,14.02,0.281,0.915,0,8,2064,0,1,0
11.96,5553,1.27,0.159,0.694,0,6,362,1,0,0
13.46,75834,5.61,0.098,0.418,1,10,1331,0,0,0
19.65,12464,0.49,0.056,0.918,0,12,970,0,0,0
38.71,77251,7.35,0.426,0.467,0,13,437,1,0,0
42.16,8500,33.64,0.259,0.852,0,10,935,1,0,0
43.09,24729,5.37,0.078,0.82,1,7,1429,0,1,0
7.61,25542,18.77,0.333,0.483,1,9,73,0,0,0
26.97,1163,30.23,0.405,0.669,0,7,480,1,0,0
23.16,51968,19.89,0.224,0.941,0,10,588,0,0,0
7.96,81477,0.39,0.397,0.663,0,7,362,1,0,0
27.46,57728,11.29,0.065,0.475,0,9,434,1,0,0
22.19,51947,14.57,0.619,0.933,0,10,308,1,0,0
40.82,42691,10.49,0.211,0.673,0,8,763,0,1,0
28.93,11634,19.76,0.383,1.0,1,6,334,1,1,0
17.47,15719,18.0,0.009,0.722,0,12,333,1,1,0
56.86,9861,5.19,0.059,0.721,1,12,631,0,0,0
4.59,85996,34.86,0.15,0.767,0,6,128,1,0,0
25.75,3774,4.39,0.177,0.773,1,4,323,0,1,0
6.62,1459,15.36,0.111,0.509,0,13,589,1,0,0
13.07,63310,35.3,0.193,0.509,0,11,722,0,1,0
41.26,5,29.87,0.075,0.541,0,14,4432,1,0,0
9.78,72474,14.15,0.143,1.0,1,13,799,0,0,0
8.68,75369,38.89,0.058,0.484,0,5,1104,0,0,0
182.28,73704,31.27,0.061,0.627,0,6,464,1,0,0
9.14,8109,12.13,0.243,0.765,0,9,2340,1,0,0
101.54,3829,56.47,0.156,0.597,0,11,316,1,0,0
23.62,14148,3.83,0.331,0.871,0,12,1151,1,0,0
17.82,54502,11.1,0.239,0.729,0,9,47,1,0,0
42.67,38288,29.92,0.379,0.718,0,10,1217,0,0,0
78.99,23254,51.58,0.212,0.925,0,10,404,1,0,0
10.84,57960,9.74,0.149,0.401,0,9,3186,0,0,0
18.03,9077,20.6,0.079,0.514,0,8,1114,1,0,0
53.38,39718,0.3,0.065,0.95,0,8,230,1,0,0
34.14,42177,11.58,0.071,0.569,0,8,974,1,0,0
65.47,16551,10.05,0.103,0.571,0,9,671,1,0,0
40.94,84622,46.2,0.12,0.905,0,14,426,1,0,0
115.19,4439,1.92,0.056,0.539,0,11,1424,1,0,0
31.28,86027,1.6,0.267,0.694,1,11,743,1,0,0
32.38,85525,14.62,0.306,0.656,0,10,42,1,0,0
35.07,75281,13.08,0.133,0.882,2,10,153,0,0,0
24.19,37437,4.41,0.094,0.885,1,10,1352,0,0,0
53.44,53179,7.64,0.204,0.804,0,10,181,1,0,0
32.77,23118,91.43,0.175,0.966,2,5,299,0,0,0
50.93,84457,18.0,0.084,0.566,0,5,121,1,0,0
57.72,79014,2.3,0.191,0.654,0,12,885,0,0,0
38.2,61904,1.28,0.108,1.0,0,10,1003,1,0,0
40.5,84877,1.07,0.149,0.867,1,6,1040,0,0,0
12.08,79582,12.32,0.388,0.904,0,8,251,1,0,0
17.46,2664,50.18,0.221,0.909,0,9,1348,0,0,0
53.23,34557,44.73,0.225,1.0,0,13,1153,1,0,0
84.68,53254,11.47,0.184,0.942,0,4,1359,0,0,0
5.74,3234,37.23,0.149,0.664,0,7,1569,1,0,0
17.21,46274,34.88,0.25,0.508,0,9,727,0,0,0
27.63,49470,16.49,0.141,0.945,0,8,734,1,1,0
13.42,18561,12.95,0.514,1.0,0,6,2727,0,0,0
14.04,75884,4.98,0.509,0.943,0,10,671,1,0,0
39.64,43513,8.17,0.05,0.86,0,10,128,1,0,0
96.07,12594,10.34,0.185,1.0,1,14,121,1,0,0
5.34,30504,41.88,0.311,0.826,0,9,749,1,0,0
23.66,900,20.13,0.13,0.533,0,6,2639,1,0,0
39.28,40190,5.61,0.112,0.883,0,11,146,1,1,0
50.61,33516,2.52,0.219,0.833,0,10,3431,0,0,0
35.0,55296,17.16,0.137,0.711,0,10,848,1,0,0
110.95,54024,27.44,0.381,0.772,0,13,806,1,0,0
27.75,69825,42.72,0.096,1.0,0,6,1650,0,0,0
77.45,64450,39.9,0.291,0.886,0,11,84,1,1,0
16.17,30841,43.45,0.139,0.908,0,8,2134,1,0,0
28.4,76139,14.85,0.089,0.638,1,11,1094,1,1,0
83.21,33795,152.37,0.525,0.239,1,11,464,1,1,1
55.74,77972,14.7,0.242,0.9,0,7,633,0,0,0
24.62,44092,4.6,0.004,0.544,0,13,666,1,0,0
36.1,47949,12.66,0.234,0.927,0,11,3125,0,1,0
21.1,21209,10.39,0.349,0.468,0,10,785,0,0,0
43.34,4553,12.45,0.368,0.862,1,7,1501,0,0,0
37.26,30714,26.87,0.447,0.979,0,15,104,1,0,0
12.23,15441,26.74,0.107,0.906,0,5,1000,1,0,0
12.81,50906,6.37,0.489,0.731,0,13,550,0,0,0
26.52,23376,9.49,0.172,0.987,0,8,2208,1,0,0
45.95,34378,22.62,0.256,0.678,0,10,70,0,0,0
120.34,13650,2.2,0.356,0.676,0,9,2394,0,0,0
34.55,58831,29.17,0.229,0.993,0,8,325,1,0,0
60.7,4758,4.93,0.231,0.539,0,8,1524,1,0,0
7.46,15307,47.55,0.077,0.639,1,6,1111,0,0,0
135.69,9469,12.84,0.158,0.67,0,12,150,0,0,0
44.02,80437,6.24,0.03,0.828,1,9,443,0,0,0
26.06,72378,27.55,0.517,0.897,0,8,154,0,0,0
23.77,72594,20.19,0.483,0.58,0,8,824,0,0,0
11.18,10520,4.72,0.305,0.714,0,12,87,1,1,0
14.05,48780,43.88,0.238,0.807,0,5,902,0,1,0
125.0,67092,15.1,0.276,0.832,0,13,34,1,1,0
12.29,50709,4.13,0.185,1.0,0,11,95,1,0,0
12.1,29886,39.76,0.115,1.0,0,10,1624,0,0,0
56.86,74032,198.51,0.45,0.938,4,6,376,1,0,1
10.4,49146,86.08,0.079,0.699,0,6,669,1,1,0
27.45,61771,14.58,0.154,0.849,1,12,228,1,0,0
64.79,26613,32.57,0.086,0.939,0,10,1305,1,0,0
16.64,14084,15.04,0.292,0.821,0,6,2468,0,0,0
9.04,10908,5.19,0.336,0.802,0,9,1106,1,0,0
34.24,27396,35.48,0.336,0.921,0,11,466,1,0,0
25.93,45606,8.54,0.25,0.826,0,5,906,1,0,0
60.47,69538,28.68,0.172,0.637,0,9,170,1,0,0
18.85,1360,7.44,0.259,0.79,0,9,395,0,0,0
22.02,74781,6.9,0.043,0.866,0,8,397,0,0,0
24.06,4353,15.29,0.324,0.908,1,11,2989,1,0,0
29.11,82702,42.35,0.096,0.782,0,7,545,0,0,0
19.81,35378,23.77,0.123,0.926,1,9,702,1,0,0
17.4,75542,1.67,0.265,0.736,0,14,1798,0,1,0
6.17,65769,33.09,0.242,0.505,0,9,634,1,1,0
17.25,26649,21.67,0.078,0.73,0,4,114,0,0,0
48.05,76159,24.43,0.19,0.332,0,12,527,0,0,0
53.53,15895,10.91,0.251,0.832,0,13,61,0,0,0
18.6,20872,20.31,0.031,0.586,0,10,1030,1,0,0
76.68,57805,11.63,0.146,0.438,0,8,1509,1,0,0
26.5,33606,2.13,0.153,0.504,0,8,73,0,1,0
9.3,68320,46.52,0.071,0.827,1,9,2123,0,0,0
7.23,65376,28.33,0.349,0.544,1,11,705,0,0,0
71.85,61549,27.75,0.096,0.64,0,7,425,0,0,0
20.12,1351,5.38,0.164,0.792,0,5,103,0,0,0
10.27,65741,27.24,0.343,0.581,0,12,582,1,0,0
4.45,50246,6.6,0.198,0.798,0,5,790,0,1,0
47.7,16568,54.84,0.315,0.856,2,9,108,0,1,1
37.48,72438,10.14,0.254,0.706,1,6,2648,1,0,0
15.52,38270,4.28,0.04,0.772,0,8,791,1,0,0
11.67,62330,59.18,0.119,1.0,0,9,2873,1,0,0
17.47,78222,2.76,0.096,0.808,0,4,512,1,0,0
73.3,54930,35.86,0.118,0.81,0,13,82,1,0,0
8.9,68265,2.68,0.056,1.0,1,8,322,1,0,0
16.23,62417,28.86,0.064,0.768,1,6,435,1,0,0
71.42,57045,2.92,0.076,0.767,0,7,886,1,0,0
40.26,82233,17.77,0.058,0.911,0,8,510,1,0,0
31.29,85013,5.21,0.454,0.688,0,5,960,1,0,0
16.14,15960,50.36,0.324,0.562,0,5,381,1,0,0
27.78,44917,12.83,0.192,0.253,1,6,658,1,0,0
17.63,86015,0.39,0.06,1.0,0,4,3027,1,0,0
13.63,19123,24.73,0.177,0.612,0,9,807,0,0,0
11.43,3336,14.73,0.026,0.704,0,6,102,1,0,0
50.77,35889,49.11,0.069,0.443,0,6,169,0,0,0
25.83,56037,14.19,0.229,0.846,0,8,1412,1,0,0
34.87,40310,13.24,0.14,0.978,0,12,476,1,0,0
30.61,26684,15.13,0.168,1.0,0,12,1508,1,0,0
38.58,15378,49.13,0.233,0.969,0,12,252,1,0,0
22.11,2355,22.1,0.339,0.759,0,6,124,0,0,0
18.44,63286,27.67,0.263,1.0,1,11,194,1,1,0
14.12,57880,31.86,0.245,0.683,0,10,659,1,0,0
8.75,23758,69.32,0.121,0.848,0,8,428,1,0,0
30.82,81220,51.97,0.23,0.569,3,5,572,0,1,1
20.24,53322,65.53,0.075,0.839,0,6,49,1,0,0
7.52,58785,10.51,0.195,0.62,0,9,3497,1,1,0
8.97,77080,6.05,0.017,0.299,0,4,1756,0,0,0
62.41,6737,5.68,0.445,1.0,0,7,36,1,0,0
32.44,73465,48.76,0.079,0.451,0,13,106,1,0,0
18.89,66144,44.39,0.149,0.909,0,9,722,1,0,0
166.88,82531,26.27,0.032,1.0,0,9,75,0,0,0
7.25,45840,1.63,0.241,0.613,0,8,439,1,0,0
59.17,240,9.57,0.163,0.852,0,9,2127,0,1,0
24.8,2052,33.13,0.394,0.759,1,12,484,1,1,0
50.81,5334,7.14,0.576,0.751,1,10,394,1,0,0
29.58,63974,24.46,0.171,0.809,1,12,536,1,0,0
195.21,76132,58.2,0.424,0.547,5,7,130,0,1,1
29.26,20873,7.62,0.447,0.627,1,7,1435,0,1,0
35.46,58758,68.08,0.301,1.0,0,7,158,1,0,0
4.69,83996,7.42,0.18,0.775,0,9,1082,1,0,0
128.41,79664,56.3,0.151,0.629,0,9,389,1,0,0
34.78,57352,19.46,0.32,0.339,0,9,313,1,1,0
46.41,31943,2.41,0.129,0.792,0,11,305,1,0,0
10.67,69052,44.84,0.262,0.637,0,10,837,1,0,0
47.11,54197,39.19,0.17,0.671,0,10,4053,0,0,0
64.82,10469,44.44,0.18,0.829,0,9,1135,0,0,0
33.21,83771,25.41,0.045,0.611,0,12,685,1,0,0
26.91,54579,31.09,0.16,0.775,0,8,391,1,0,0
13.27,16248,59.39,0.179,0.721,0,6,158,1,0,0
22.81,32074,3.42,0.175,1.0,0,11,367,1,1,0
18.0,41738,2.17,0.068,0.798,1,11,483,1,0,0
42.85,36199,3.34,0.417,0.807,0,4,1206,1,1,0
13.74,81482,51.02,0.117,0.666,0,10,578,1,0,0
42.59,27830,20.69,0.27,0.765,0,6,751,1,0,0
13.86,4482,4.84,0.134,1.0,0,11,179,1,0,0
21.98,6252,3.82,0.184,0.842,1,5,1425,0,0,0
44.38,3271,14.74,0.141,0.981,1,10,351,1,0,0
15.44,27828,42.28,0.164,0.982,1,12,198,1,0,0
45.62,60955,40.89,0.042,0.781,0,13,557,1,0,0
42.2,10804,47.64,0.158,1.0,0,10,243,1,0,0
21.83,30455,36.63,0.199,0.616,1,5,471,1,0,0
68.68,42805,1.59,0.105,0.877,1,12,85,0,1,0
28.85,3508,31.84,0.263,1.0,0,13,94,1,1,0
65.49,39744,18.3,0.082,0.568,0,10,105,1,1,0
113.84,20276,32.4,0.306,0.838,0,3,4161,1,0,0
22.35,35879,16.55,0.127,0.639,0,9,2228,1,0,0
45.42,20701,16.52,0.16,1.0,0,7,1250,1,0,0
41.08,51018,28.68,0.242,0.25,0,10,131,1,0,1
11.87,52924,58.91,0.025,0.917,0,11,540,1,0,0
23.19,27618,11.73,0.126,0.631,0,8,1188,1,1,0
9.11,61569,21.83,0.075,0.708,0,13,227,1,0,0
12.81,2095,5.8,0.263,0.346,0,10,1042,0,0,0
43.52,44800,11.51,0.217,0.502,1,10,592,0,0,0
17.98,74554,51.12,0.154,0.855,1,4,974,1,1,0
47.87,60831,5.88,0.138,0.828,0,7,139,1,0,0
34.45,37463,5.77,0.351,0.506,1,9,189,1,0,0
119.21,33537,7.54,0.387,0.775,0,8,1026,0,1,0
41.24,23098,21.37,0.249,0.761,0,11,55,1,0,0
66.11,28546,18.39,0.178,1.0,0,3,535,1,0,0
37.39,74800,4.82,0.094,1.0,0,13,316,0,0,0
34.78,48203,29.44,0.087,0.999,0,6,1022,0,0,0
68.84,48673,59.52,0.166,0.675,1,9,418,0,1,0
46.3,5367,5.54,0.13,0.607,0,5,223,0,0,0
32.07,30525,27.94,0.023,0.859,0,3,1820,0,0,0
31.96,55585,22.07,0.055,0.572,0,11,269,1,0,0
41.7,21014,9.97,0.352,0.694,0,10,429,1,0,0
15.85,80699,24.05,0.059,0.881,0,9,214,0,0,0
15.32,5502,5.89,0.327,0.804,1,12,2444,1,0,0
84.8,26874,44.89,0.143,0.466,0,11,272,0,1,0
120.49,14576,0.56,0.24,0.836,0,11,690,0,0,0
12.9,52123,20.93,0.152,0.593,0,6,1558,1,0,0
15.88,28505,9.6,0.044,0.604,0,9,235,0,1,0
67.63,47660,53.29,0.342,0.566,0,7,5798,0,0,0
41.55,79435,17.3,0.145,0.635,0,4,371,1,0,0
46.58,18026,40.55,0.446,0.493,0,12,2350,1,0,0
55.55,17401,64.37,0.057,0.818,0,2,200,0,0,0
22.36,63035,10.17,0.319,0.473,0,6,287,1,0,0
35.3,53194,53.08,0.159,0.829,0,12,1096,0,0,0
33.17,71153,32.39,0.085,0.879,0,7,203,0,0,0
13.64,77201,2.86,0.356,0.811,0,6,1172,1,0,0
34.89,32412,2.74,0.065,0.784,1,7,486,0,0,0
72.98,4471,42.5,0.217,0.529,0,15,302,1,0,0
20.75,47014,15.79,0.009,0.949,0,13,169,1,0,0
30.63,49838,17.09,0.232,0.67,0,12,154,1,1,0
31.99,20850,55.47,0.417,0.768,0,13,1046,0,0,0
21.59,20634,58.53,0.163,0.709,0,10,1752,1,0,0
46.6,14877,2.99,0.292,0.967,0,6,2652,0,0,0
15.74,78505,11.7,0.141,0.862,0,8,473,1,0,0
78.74,80970,56.4,0.052,0.389,0,6,921,0,0,0
44.74,71491,42.85,0.263,1.0,0,11,484,1,1,0
12.81,12131,31.91,0.465,0.847,0,6,916,1,0,0
105.47,11136,2.69,0.211,0.687,1,7,429,0,0,0
31.02,85419,24.27,0.072,0.749,0,8,1011,0,0,0
15.21,11110,21.8,0.263,0.926,0,5,1415,1,0,0
13.42,1444,117.1,0.445,0.003,3,9,719,0,0,1
40.28,80544,37.16,0.467,0.828,0,12,465,1,0,0
6.57,27504,9.35,0.267,0.838,0,9,3906,1,0,0
17.8,31713,24.23,0.132,0.944,1,9,276,1,0,0
33.9,30373,11.23,0.173,0.969,0,9,283,0,0,0
4.82,21660,2.2,0.072,0.794,0,12,233,1,0,0
29.02,48308,18.6,0.328,0.655,0,7,1124,1,0,0
30.77,20771,9.16,0.258,0.931,1,7,778,1,0,0
10.52,13927,1.85,0.062,0.71,0,10,3597,1,1,0
33.67,80494,5.53,0.347,0.709,1,7,389,1,0,0
27.28,21252,24.11,0.166,0.828,0,7,4905,0,0,0
10.45,59027,2.67,0.183,0.867,0,8,2135,1,0,0
56.58,54748,2.29,0.104,0.789,1,10,1765,1,0,0
53.0,31559,72.07,0.034,0.842,0,6,358,0,0,0
21.5,78747,2.84,0.423,0.718,0,11,370,1,1,0
23.13,62896,11.79,0.1,0.418,0,9,1811,1,0,0
48.47,64680,3.58,0.18,0.765,1,6,40,1,0,0
23.09,27025,70.03,0.236,0.699,0,15,1389,0,1,0
5.79,53405,16.4,0.199,0.706,0,6,289,1,1,0
40.03,71735,2.94,0.323,0.365,0,10,387,0,0,0
14.15,17480,36.61,0.172,0.545,0,8,2181,1,0,0
19.85,17353,37.94,0.049,0.289,0,7,313,1,0,0
87.03,56055,57.87,0.242,0.758,0,12,690,1,0,0
24.36,51672,30.58,0.312,0.907,1,7,345,0,0,0
27.15,61018,1.41,0.433,0.982,0,7,1234,1,0,0
40.76,65729,19.98,0.064,0.908,0,6,471,1,0,0
40.62,13047,12.11,0.412,0.663,0,6,989,1,0,0
13.0,83172,34.52,0.245,0.821,0,6,158,0,0,0
25.84,17178,22.35,0.391,0.726,0,11,365,1,0,0
27.91,16082,32.29,0.167,0.684,0,9,2738,1,0,0
33.7,63753,4.97,0.267,0.798,1,6,264,1,0,0
34.17,37958,14.37,0.349,0.667,1,11,65,1,0,0
214.85,41050,14.15,0.403,0.8,0,10,1369,0,0,0
10.58,44637,99.05,0.643,0.944,1,8,2191,1,0,0
59.39,72779,0.48,0.329,0.518,0,6,624,0,0,0
69.87,47548,42.33,0.24,0.566,0,9,1701,0,0,0
40.21,7364,2.55,0.219,0.942,0,8,1266,1,0,0
16.11,31927,2.09,0.264,0.758,0,6,414,1,0,0
102.69,53324,9.94,0.091,0.822,0,11,630,1,0,0
4.69,77247,30.16,0.164,0.667,1,11,1444,1,0,0
15.7,83240,28.36,0.32,0.623,0,13,1323,1,1,0
69.22,36227,24.71,0.323,0.625,0,13,198,1,0,0
20.16,2369,37.24,0.083,0.683,0,11,391,1,0,0
97.24,18852,6.61,0.234,0.69,0,11,190,1,0,0
8.09,43553,25.12,0.138,0.702,0,7,1815,1,0,0
11.14,11569,25.41,0.156,0.678,0,7,2266,1,0,0
17.72,20421,26.56,0.11,0.646,2,6,1154,1,0,0
37.86,16729,22.56,0.436,0.63,1,5,151,1,0,0
22.7,31434,6.26,0.355,0.976,0,10,966,1,0,0
18.31,50816,61.42,0.381,0.885,0,11,2066,1,0,0
84.46,53025,93.25,0.292,0.77,1,8,496,1,0,0
90.99,38148,29.21,0.46,1.0,1,8,189,1,0,0
19.46,40619,14.68,0.097,0.875,0,9,278,1,0,0
6.9,27282,19.26,0.072,0.672,0,6,146,1,1,0
4.83,71828,2.87,0.114,0.98,1,12,862,1,0,0
32.83,34680,11.29,0.195,0.777,1,9,87,1,1,0
45.82,77413,93.38,0.183,1.0,0,12,324,1,0,0
28.51,62926,19.84,0.056,0.863,0,13,460,0,1,0
25.62,24434,20.56,0.027,0.622,0,10,317,1,0,0
14.24,62205,76.97,0.195,0.829,1,11,809,1,0,0
45.79,59153,54.37,0.038,0.454,1,7,293,0,0,0
103.81,8058,21.02,0.105,0.697,0,13,53,1,1,0
4.6,38448,7.83,0.141,1.0,0,11,2592,1,0,0
25.48,19644,3.11,0.124,0.848,0,6,2491,0,0,0
12.47,67648,49.81,0.263,0.421,1,10,592,1,0,0
8.23,41635,63.17,0.129,0.936,0,9,65,1,0,0
10.98,63711,17.04,0.361,0.696,0,14,200,0,0,0
36.74,33243,2.48,0.29,0.718,0,5,149,0,0,0
37.49,325,23.3,0.259,0.712,0,11,813,1,0,0
87.2,56838,11.45,0.395,0.474,0,12,2489,1,0,0
27.3,85183,4.3,0.067,0.781,0,7,186,0,0,0
6.64,40807,62.88,0.275,0.585,0,4,765,0,0,0
22.41,84055,6.84,0.097,0.985,0,10,974,0,0,0
8.94,81353,31.05,0.263,0.645,0,8,1200,1,0,0
10.32,20637,14.03,0.178,0.869,0,7,2990,0,0,0
43.14,75024,44.0,0.055,0.734,0,13,240,1,0,0
31.67,54187,30.17,0.315,0.838,0,13,244,0,0,0
43.38,64843,3.29,0.163,0.396,1,8,1513,0,0,0
20.37,65817,14.93,0.172,0.594,0,8,1410,1,0,0
51.03,33424,7.52,0.058,0.879,0,8,1429,1,0,0
19.48,2210,31.26,0.446,0.603,0,6,68,1,0,0
66.24,31851,19.67,0.391,0.661,0,11,366,1,0,0
35.72,74628,10.39,0.181,0.437,0,13,3010,0,0,0
22.97,40236,9.99,0.322,0.978,0,7,1583,0,1,0
32.13,45386,3.04,0.057,0.913,0,7,1341,1,0,0
26.73,85289,6.01,0.134,0.565,1,12,119,1,0,0
97.21,36701,31.25,0.408,0.755,1,6,646,1,0,0
32.99,56507,23.53,0.017,0.842,0,6,957,1,0,0
27.08,59831,10.99,0.257,0.851,0,8,561,1,0,0
22.4,51687,45.21,0.083,0.831,0,12,1412,1,0,0
53.23,62675,16.56,0.223,0.985,1,6,321,1,0,0
47.77,43543,39.55,0.195,0.132,0,7,715,1,0,0
21.78,64450,37.99,0.116,0.818,0,10,1655,1,0,0
10.76,64215,47.1,0.333,0.785,0,10,346,0,0,0
13.18,49801,47.39,0.177,0.847,0,13,988,1,0,0
23.4,21144,28.41,0.314,0.859,0,7,292,0,0,0
79.77,85211,34.6,0.317,0.72,0,8,1443,0,0,0
22.19,60265,37.5,0.188,1.0,0,8,1299,0,0,0
16.86,52173,4.63,0.128,0.683,0,11,1288,1,0,0
6.63,67584,8.93,0.145,0.919,0,10,1264,1,1,0
91.0,61422,2.75,0.133,0.568,0,13,2572,1,0,0
42.74,27672,5.25,0.183,0.804,0,13,2481,1,0,0
51.25,70859,37.66,0.109,0.977,0,13,911,1,0,0
58.52,43887,73.49,0.052,0.886,1,6,1486,1,0,0
23.77,1894,27.99,0.114,0.816,0,7,1286,1,0,0
29.01,5320,54.3,0.216,0.283,1,10,2463,0,0,0
89.2,36744,9.57,0.365,0.856,0,14,2111,1,0,0
31.3,13225,46.74,0.038,0.893,0,11,172,1,1,0
43.38,28125,10.34,0.106,0.746,0,6,2751,0,0,0
54.4,6887,56.15,0.272,0.799,0,10,312,1,1,0
45.35,63448,39.99,0.032,0.815,0,7,266,1,1,0
24.47,8145,102.76,0.355,0.889,0,5,2398,1,0,0
26.39,20561,43.9,0.288,0.828,0,11,2540,1,0,0
50.51,33370,12.7,0.585,0.97,1,5,710,1,0,0
50.44,85675,2.92,0.051,0.761,0,5,761,0,0,0
69.03,47031,51.84,0.071,0.501,0,10,146,1,0,0
42.13,32289,21.17,0.214,0.931,0,7,82,1,0,0
43.7,20453,48.82,0.385,0.968,0,11,1491,0,0,0
18.97,48389,12.24,0.18,0.934,0,6,266,0,0,0
17.03,47759,0.73,0.287,1.0,0,7,1485,1,0,0
50.63,38102,1.35,0.323,0.797,1,8,2353,1,0,0
17.13,74715,27.75,0.163,0.819,0,11,467,1,0,0
26.67,20618,3.04,0.398,0.631,0,5,2249,1,1,0
81.71,35886,34.21,0.503,1.0,0,11,220,1,0,0
71.98,1083,13.59,0.024,0.323,0,8,496,1,1,0
17.74,50236,147.4,0.298,0.786,6,8,1320,1,1,1
21.39,50901,40.39,0.153,0.737,0,9,900,0,0,0
24.56,52318,7.29,0.212,0.575,0,9,207,1,0,0
54.28,58999,13.31,0.131,0.587,0,4,453,1,0,0
26.33,69082,32.69,0.204,0.56,0,8,380,1,0,0
17.35,64218,62.66,0.063,1.0,0,12,367,1,0,0
71.71,34118,8.57,0.129,0.926,1,8,1101,1,1,0
31.35,18378,24.37,0.385,0.789,1,5,894,0,0,0
17.08,14140,75.51,0.232,0.454,0,16,577,1,0,0
39.77,82663,26.16,0.32,0.722,0,11,354,1,0,0
58.97,36050,55.82,0.13,0.499,0,12,895,0,0,0
12.11,53285,70.22,0.11,0.886,0,7,384,0,0,0
23.1,6611,66.25,0.347,0.889,0,8,281,0,0,0
22.26,43324,35.52,0.331,0.625,0,8,805,1,1,0
38.93,58450,20.08,0.171,0.866,0,4,1263,0,0,0
44.95,52579,2.54,0.241,1.0,0,9,398,0,0,0
59.16,61978,46.31,0.463,0.348,5,11,70,1,1,1
8.21,36753,7.39,0.187,0.696,0,8,1467,0,1,0
61.89,22140,0.85,0.203,0.62,0,8,112,0,1,0
11.07,39209,2.69,0.288,0.806,0,7,631,1,0,0
33.68,7976,8.73,0.106,1.0,0,7,3172,0,0,0
24.4,20537,2.38,0.143,0.784,0,9,615,0,0,0
30.88,32039,4.64,0.295,0.683,0,9,524,1,0,0
101.59,58826,1.4,0.227,0.861,0,9,122,0,0,0
308.16,67485,13.47,0.18,0.718,0,9,2715,1,0,0
7.34,59787,43.05,0.377,0.814,0,10,36,1,0,0
59.57,21877,41.82,0.223,0.851,1,7,420,1,0,0
23.93,3133,58.82,0.094,0.872,0,7,740,0,1,0
62.7,11709,34.22,0.3,0.549,0,8,101,0,1,0
58.31,2134,7.01,0.152,0.808,1,13,355,1,0,0
83.75,33378,30.3,0.293,0.553,0,6,469,0,0,0
34.05,40334,35.04,0.283,0.561,1,7,2758,1,0,0
13.31,58491,19.58,0.039,0.971,1,10,578,0,1,0
56.95,22501,41.13,0.092,1.0,0,4,316,1,1,0
29.8,32731,1.85,0.059,0.877,1,8,1903,0,0,0
13.09,26906,38.13,0.302,0.844,3,8,64,1,1,1
18.52,35329,16.34,0.23,0.762,0,13,725,1,0,0
60.65,33596,40.9,0.163,0.872,0,5,69,1,1,0
97.78,18079,3.42,0.087,0.74,0,11,1188,1,0,0
10.42,43164,5.98,0.116,0.491,1,10,1561,0,0,0
44.59,43233,20.45,0.077,0.814,1,6,660,0,0,0
20.13,76608,73.53,0.179,0.422,2,12,187,0,0,0
8.38,22158,2.17,0.138,0.388,1,15,275,0,0,0
30.51,36233,34.0,0.276,0.762,0,10,34,0,0,0
13.92,49417,5.75,0.394,0.933,0,12,78,1,0,0
7.67,34057,2.79,0.266,0.835,0,12,299,0,0,0
14.51,38179,12.55,0.087,0.833,0,9,1194,0,0,0
11.91,27967,21.87,0.236,0.58,0,10,1725,1,0,0
16.16,82392,43.86,0.132,0.753,0,10,153,0,0,0
9.39,54344,25.18,0.014,0.819,0,8,711,1,1,0
19.76,76303,16.92,0.366,0.779,0,8,508,1,0,0
15.32,1896,8.41,0.074,0.736,0,7,2046,1,0,0
36.62,19538,8.65,0.307,0.599,0,12,163,1,0,0
43.59,58233,36.8,0.183,0.907,1,10,7188,0,0,0
33.39,11691,3.03,0.239,0.86,0,8,234,1,0,0
22.46,83531,3.96,0.251,0.723,0,4,168,0,0,0
21.98,22818,31.8,0.033,0.748,0,5,825,1,1,0
13.88,20860,81.13,0.32,1.0,0,8,4789,1,0,0
14.15,64050,3.2,0.181,0.798,0,8,195,0,0,0
47.6,32106,23.5,0.102,0.602,0,7,171,1,0,0
6.63,24761,6.83,0.154,0.962,0,11,64,1,0,0
25.42,78852,0.65,0.053,0.738,0,9,313,1,1,0
20.93,77733,44.63,0.372,0.473,0,5,376,1,0,0
43.79,36101,17.76,0.18,0.947,0,10,601,1,0,0
8.67,84146,0.6,0.29,0.748,0,12,579,1,1,0
27.38,3213,56.45,0.304,0.714,0,6,218,0,0,0
35.67,68053,19.18,0.087,0.789,1,6,370,1,0,0
5.91,29676,33.4,0.201,0.733,1,10,149,1,0,0
11.48,11240,13.77,0.2,0.616,2,9,1077,1,1,0
25.19,14906,5.11,0.508,0.872,0,9,88,1,0,0
40.91,85022,15.66,0.063,0.773,0,6,71,1,0,0
31.37,20002,8.48,0.229,0.776,0,3,106,1,0,0
42.45,20227,8.8,0.109,0.782,0,11,1317,1,0,0
11.43,82440,25.81,0.064,0.768,1,8,366,0,0,0
7.61,654,2.47,0.078,0.789,0,10,520,1,1,0
29.01,65577,12.65,0.136,0.933,0,4,3135,1,0,0
10.14,64698,19.78,0.145,0.886,0,12,907,1,0,0
13.57,80468,30.93,0.128,0.986,0,10,2011,1,0,0
57.16,76639,25.05,0.111,0.788,1,10,655,1,0,0
31.54,59167,54.34,0.314,0.803,0,9,268,1,0,0
17.21,13135,121.94,0.35,0.644,0,10,3100,0,0,0
46.69,67049,12.21,0.518,0.397,5,12,188,0,0,1
44.56,85656,36.11,0.132,0.698,0,7,56,1,0,0
32.12,64183,28.96,0.167,0.937,1,8,137,1,1,0
10.26,9472,0.9,0.194,0.699,0,13,249,1,0,0
5.71,37692,19.06,0.187,0.867,0,15,718,0,1,0
122.17,27714,27.25,0.279,0.526,1,8,2263,0,0,0
10.2,41179,13.32,0.216,0.615,0,10,1285,1,0,0
60.51,60738,14.45,0.575,0.424,6,13,477,1,1,1
90.79,53161,19.55,0.147,0.911,0,9,103,1,0,0
137.07,44767,59.02,0.278,0.325,4,5,1368,1,1,1
16.77,26608,7.56,0.121,0.771,0,8,605,1,0,0
8.66,23610,12.73,0.269,0.596,0,9,88,1,0,0
8.57,3249,26.47,0.122,0.797,0,8,634,1,0,0
36.65,16844,5.15,0.022,0.921,0,4,2101,0,0,0
86.56,82209,45.03,0.345,0.985,0,13,214,0,0,0
19.76,64835,27.42,0.234,0.642,0,15,54,1,0,0
137.82,30901,27.21,0.376,0.3,1,9,285,0,1,1
47.37,59857,32.02,0.277,0.62,1,14,822,1,1,0
15.66,223,8.19,0.425,0.677,0,9,369,0,0,0
33.77,2445,37.23,0.19,1.0,0,10,1099,1,0,0
28.03,82373,1.83,0.196,0.567,0,8,57,1,0,0
19.54,45418,13.91,0.281,0.828,0,13,493,0,0,0
26.78,30544,7.58,0.211,0.906,0,8,358,1,0,0
177.03,60066,62.43,0.363,0.408,3,10,1315,1,1,1
43.98,5911,34.93,0.485,0.68,0,14,1087,1,0,0
64.97,12880,46.11,0.067,0.975,0,5,883,1,0,0
13.0,44835,26.36,0.031,0.699,0,12,64,0,1,0
65.15,25266,39.66,0.247,0.634,0,10,329,1,0,0
45.21,5479,14.44,0.276,0.646,0,8,807,1,0,0
8.17,3386,28.33,0.046,0.873,2,9,534,1,0,0
41.76,53853,0.79,0.159,0.715,0,8,1392,0,0,0
17.98,21208,53.16,0.269,0.86,0,6,690,0,1,0
7.87,38933,28.86,0.068,0.708,0,7,178,1,1,0
30.08,18852,50.27,0.213,0.952,1,6,2222,0,0,0
41.73,55242,36.84,0.197,1.0,0,12,1056,1,0,0
30.61,29821,8.44,0.327,0.779,2,10,121,1,0,0
24.85,65291,7.97,0.215,0.673,0,10,51,1,1,0
20.81,51467,40.19,0.139,0.548,0,10,912,0,1,0
195.05,20309,5.11,0.217,0.837,0,10,1508,1,0,0
10.53,47718,2.93,0.058,0.739,0,9,476,1,0,0
54.51,43575,0.38,0.195,0.808,1,16,337,0,0,0
27.45,49890,8.86,0.169,0.651,0,6,566,0,0,0
13.69,37993,2.61,0.176,0.603,1,10,97,1,0,0
26.08,56948,40.45,0.202,0.875,0,6,439,0,0,0
8.9,67754,16.57,0.322,0.774,1,8,141,1,0,0
16.84,14669,7.28,0.297,0.858,0,4,5356,1,0,0
26.11,7915,23.04,0.333,1.0,0,12,1694,0,0,0
7.84,55695,1.82,0.064,0.877,0,8,572,1,0,0
40.65,72642,32.38,0.338,1.0,0,12,569,0,0,0
12.54,66410,17.4,0.227,0.86,1,7,214,1,0,0
8.49,80829,0.16,0.47,0.964,0,10,180,1,1,0
11.42,31577,9.61,0.194,0.81,0,10,106,0,0,0
154.59,8526,34.68,0.046,0.525,0,12,1209,1,1,0
5.57,38755,5.21,0.143,0.911,0,12,403,1,0,0
39.16,64239,20.09,0.1,0.709,3,8,551,1,1,1
14.86,82549,56.74,0.049,0.65,0,12,932,1,0,0
20.49,71550,37.65,0.239,0.537,0,10,159,1,0,0
43.95,32848,2.05,0.289,0.869,0,10,449,1,0,0
42.26,33677,10.92,0.068,0.846,0,14,2506,1,0,0
15.73,41409,8.85,0.045,0.741,1,11,2819,0,0,0
9.15,35838,3.7,0.444,0.893,0,9,637,1,0,0
44.6,20462,196.81,0.17,0.974,0,6,1572,1,0,0
42.18,63319,3.98,0.164,0.89,0,7,2259,1,0,0
21.59,83899,9.47,0.022,0.949,0,5,364,1,0,0
38.61,4775,53.04,0.24,0.708,0,6,1207,0,0,0
18.98,60739,3.9,0.153,0.815,0,8,59,1,0,0
13.99,729,15.85,0.193,0.957,1,6,308,0,0,0
27.2,43971,92.92,0.458,0.777,0,5,1023,0,0,0
41.07,7905,7.1,0.046,0.65,0,7,1160,1,0,0
34.72,52172,30.36,0.125,0.643,0,8,176,0,0,0
40.74,74741,2.09,0.308,0.603,0,4,36,1,0,0
14.75,50472,22.96,0.143,0.752,0,13,239,0,0,0
96.11,71868,10.35,0.123,1.0,0,9,931,0,0,0
20.62,36032,30.06,0.319,0.688,0,8,2913,0,0,0
24.65,53760,14.18,0.692,0.672,0,6,64,1,0,0
9.44,52060,8.88,0.212,1.0,0,8,873,0,0,0
23.22,19427,19.74,0.248,0.407,0,8,2242,1,0,0
41.5,2190,3.76,0.304,0.35,0,13,502,0,0,0
49.9,71482,42.11,0.115,0.801,1,8,1049,1,0,0
94.59,76297,34.73,0.119,0.807,0,7,314,1,0,0
41.11,19888,19.68,0.392,0.925,0,14,567,1,0,0
33.84,29725,11.43,0.153,0.986,0,8,176,1,0,0
18.97,44259,61.69,0.124,0.788,1,9,1327,1,0,0
15.97,73500,25.16,0.02,0.428,0,4,230,1,0,0
58.92,67500,8.38,0.318,0.909,0,9,705,1,0,0
58.02,62943,41.09,0.221,0.421,1,8,177,0,0,0
11.45,32678,25.2,0.291,0.769,0,6,468,1,0,0
48.35,27848,3.4,0.075,0.901,0,9,1281,1,0,0
45.62,1344,3.03,0.28,0.75,1,11,377,0,0,0
11.12,32465,69.56,0.102,0.774,0,8,968,1,0,0
41.78,84565,8.49,0.074,0.801,0,9,255,1,0,0
11.71,43567,27.23,0.221,0.531,0,8,2186,1,0,0
3.88,42912,0.93,0.134,0.728,0,7,333,1,0,0
23.85,22405,20.33,0.366,1.0,0,9,1839,1,0,0
33.32,27973,6.57,0.142,0.772,0,7,3394,1,0,0
24.73,21302,3.76,0.463,0.672,0,10,1608,0,0,0
268.72,46897,37.13,0.302,1.0,0,8,100,1,0,0
36.71,37173,41.46,0.064,1.0,1,12,282,1,0,0
30.5,55935,31.4,0.174,0.502,0,11,79,1,0,0
38.23,27950,0.28,0.211,0.588,1,13,703,0,1,0
19.05,37560,8.38,0.301,0.582,0,8,410,1,0,0
57.03,69249,11.19,0.111,0.935,1,10,858,1,0,0
36.19,28324,29.35,0.054,0.74,0,6,1405,1,0,0
34.89,77524,35.22,0.285,0.826,0,11,605,1,1,0
16.46,27276,24.71,0.106,0.762,0,11,174,1,0,0
7.76,69952,38.91,0.433,0.98,0,6,702,1,0,0
18.15,11740,13.93,0.198,0.637,0,13,130,0,1,0
33.99,16687,19.51,0.346,0.604,0,4,988,1,0,0
19.0,29598,1.66,0.189,0.703,0,5,1243,0,0,0
34.24,58284,13.93,0.114,0.672,0,14,235,0,1,0
22.51,71701,14.17,0.268,0.722,1,7,1210,1,0,0
38.26,43838,23.64,0.161,0.611,0,5,122,0,0,0
12.41,79131,11.87,0.229,1.0,1,7,239,1,1,0
31.64,63915,6.81,0.52,0.556,0,10,1309,0,1,0
16.24,73830,6.78,0.212,0.433,1,7,173,0,0,0
7.92,80881,3.59,0.142,0.859,2,6,2264,1,0,0
23.76,65108,30.18,0.516,0.681,1,12,277,1,0,0
92.67,35218,24.36,0.101,0.891,0,11,595,0,0,0
8.44,74683,21.64,0.16,0.438,0,6,245,1,0,0
29.83,21298,18.93,0.146,0.888,0,12,860,1,0,0
51.32,25315,11.45,0.208,0.78,0,8,187,1,0,0
170.72,61601,36.6,0.221,0.837,0,11,1822,0,0,0
18.28,47319,63.78,0.615,0.564,0,10,752,1,0,0
16.35,36317,14.49,0.106,0.645,0,7,1364,1,0,0
31.31,33330,27.03,0.133,0.544,0,10,122,1,0,1
67.52,21394,4.44,0.273,0.732,0,8,3067,1,1,0
13.55,65234,27.77,0.106,0.663,1,12,407,0,0,0
20.16,30581,20.42,0.138,0.938,0,8,145,1,0,0
6.18,15010,110.57,0.103,0.538,0,5,47,1,0,0
54.99,17726,21.95,0.395,0.766,0,6,527,1,0,0
68.48,51047,8.51,0.135,0.57,0,9,709,1,0,0
53.34,61827,20.69,0.267,1.0,0,7,639,1,0,0
7.51,6228,104.49,0.291,0.736,1,11,366,1,0,0
44.07,31234,32.12,0.257,0.911,0,10,2554,0,0,0
7.11,84202,3.44,0.102,0.502,0,7,50,1,0,0
28.4,374,10.51,0.025,1.0,1,10,2036,1,0,0
31.95,75122,8.87,0.06,0.631,1,12,110,1,0,0
34.75,29584,48.59,0.162,0.68,0,9,674,1,0,0
41.58,25499,23.61,0.199,1.0,0,17,86,1,0,0
26.94,9032,41.53,0.23,0.826,0,6,204,1,0,0
5.64,30089,4.85,0.164,0.959,0,3,902,1,0,0
41.6,80532,59.66,0.252,0.374,0,5,523,0,0,0
29.31,37491,1.5,0.236,0.574,2,9,38,0,0,0
13.17,83971,11.74,0.103,0.791,0,10,1459,1,0,0
7.73,14869,0.36,0.268,0.866,0,9,681,0,0,0
118.24,14013,13.61,0.195,0.5,2,14,172,0,0,1
72.61,67083,81.9,0.405,0.362,0,8,657,1,0,0
47.69,44938,2.04,0.211,0.708,0,12,979,0,0,0
15.78,42396,3.93,0.115,0.753,0,6,2272,0,0,0
3.62,60604,64.71,0.203,0.609,1,10,936,1,0,0
49.99,2364,30.96,0.116,0.914,0,11,55,0,0,0
36.36,14874,13.06,0.507,1.0,0,10,1181,1,0,0
20.09,40366,1.78,0.184,0.625,0,5,843,1,0,0
66.68,7821,38.43,0.07,0.913,2,8,1040,1,0,0
53.43,4614,16.97,0.036,0.769,2,7,653,0,0,0
31.21,82843,9.75,0.125,0.642,0,11,658,0,0,0
27.88,42410,11.19,0.057,0.632,1,7,1298,1,1,0
28.24,26121,17.59,0.085,0.65,1,9,260,1,0,0
46.71,46028,20.03,0.05,0.837,0,10,2274,1,0,0
13.65,6758,42.61,0.144,1.0,0,3,356,0,0,0
38.12,23851,36.93,0.321,0.823,0,6,181,1,0,0
12.98,64673,36.42,0.124,0.845,0,13,717,1,0,0
78.98,64960,32.67,0.146,0.412,0,8,569,1,0,0
41.5,77541,35.45,0.098,0.666,0,6,512,0,0,0
15.63,43864,28.3,0.153,0.755,0,6,254,0,0,0
28.92,35026,50.63,0.433,0.781,0,6,2681,1,0,0
13.69,70078,20.38,0.067,0.882,0,4,867,1,0,0
90.31,75052,18.39,0.223,0.546,0,10,177,1,0,0
99.32,31181,30.21,0.207,0.795,0,7,41,1,0,0
47.32,40893,4.54,0.168,0.885,0,12,673,1,0,0
94.19,367,37.51,0.547,0.479,0,8,907,1,1,0
30.61,38076,68.78,0.066,0.717,0,6,3215,0,0,0
49.94,22913,8.78,0.237,0.576,0,5,279,1,0,0
72.22,37844,23.61,0.316,0.954,0,27,381,1,0,0
26.99,23309,0.83,0.219,1.0,0,5,981,1,1,0
28.7,55972,36.29,0.197,0.621,1,10,845,1,0,0
57.22,59908,20.51,0.16,1.0,0,8,77,1,0,0
45.48,68737,27.99,0.127,0.645,0,4,328,1,0,0
14.81,83840,3.86,0.028,0.853,0,11,733,1,0,0
4.71,11285,41.45,0.289,0.657,0,8,194,0,0,0
23.56,75816,7.39,0.125,0.697,0,13,2368,0,0,0
46.81,49304,84.07,0.189,0.658,2,12,977,1,1,1
12.27,53805,22.48,0.192,0.774,0,10,474,1,0,0
13.47,23901,26.52,0.087,0.699,0,8,917,0,1,0
17.2,12220,1.29,0.167,0.67,0,8,489,0,0,0
52.27,46692,33.86,0.088,0.547,0,10,64,1,1,0
62.19,9262,39.65,0.35,0.903,0,5,594,0,0,0
40.73,39241,16.1,0.128,0.495,1,5,2223,1,0,0
44.97,69326,13.14,0.235,0.767,0,10,142,1,0,0
45.83,36866,10.48,0.062,0.658,0,9,1127,0,0,0
3.68,23960,65.74,0.114,0.649,0,11,1861,0,0,0
27.33,33827,35.17,0.156,0.761,0,4,253,0,1,0
6.44,52010,29.98,0.118,0.875,0,13,2783,0,1,0
40.74,45051,64.96,0.075,0.713,0,14,182,1,0,0
5.08,12013,10.72,0.269,0.585,0,4,324,1,0,0
23.47,9633,24.87,0.117,0.908,0,3,697,1,0,0
42.02,18632,28.96,0.279,0.746,0,10,1222,1,0,0
254.17,53641,98.81,0.504,0.386,2,5,78,1,1,1
58.52,40474,13.93,0.196,0.589,0,5,1252,1,0,0
40.66,40754,12.78,0.103,0.791,0,8,1080,1,1,0
36.77,66371,2.21,0.039,0.891,1,8,896,1,1,0
47.39,63611,2.59,0.274,0.885,0,12,313,0,0,0
20.34,76056,17.93,0.149,0.973,0,10,1275,1,0,0
30.62,66543,4.69,0.18,0.92,0,11,1109,1,0,0
27.33,8958,1.89,0.145,0.601,0,8,825,0,0,0
26.84,24975,83.73,0.059,0.69,0,7,256,1,0,0
15.84,33096,75.61,0.264,0.677,1,10,1277,1,0,0
10.03,26347,9.84,0.153,0.606,0,6,356,0,0,0
20.71,47486,39.0,0.527,0.887,0,9,567,1,0,0
19.82,67148,51.5,0.05,0.708,0,15,892,1,0,0
15.04,29003,15.63,0.315,0.562,0,5,748,0,0,0
53.61,30882,6.33,0.214,0.388,0,14,1468,1,0,0
10.61,53397,3.48,0.224,1.0,0,8,188,1,0,0
23.64,2004,3.79,0.055,0.659,1,13,766,1,0,0
68.93,72239,39.86,0.179,0.741,1,9,1242,1,1,0
56.11,22008,12.13,0.099,0.667,0,17,1457,0,0,0
71.74,55871,29.56,0.136,0.639,0,6,399,1,1,0
16.9,84930,19.34,0.193,1.0,1,7,309,1,0,0
50.78,69781,12.55,0.155,0.686,0,10,253,0,0,0
11.58,9800,3.3,0.17,0.711,0,8,504,1,0,0
21.74,52270,10.14,0.082,0.959,0,8,397,0,0,0
23.44,48935,45.84,0.041,0.739,0,9,131,0,0,0
17.1,47874,41.7,0.054,0.785,0,5,136,0,0,0
20.3,36958,0.72,0.391,0.359,0,8,2122,1,0,0
18.27,40036,3.78,0.039,0.579,1,9,79,1,1,0
12.36,36229,35.25,0.237,0.448,0,6,316,0,1,0
53.79,85901,10.23,0.159,0.827,0,9,1793,1,0,0
23.43,79442,25.79,0.147,0.608,0,14,1102,1,0,0
31.85,15289,20.68,0.443,0.488,1,10,784,1,0,0
30.91,10321,26.39,0.131,0.617,0,12,65,1,0,0
28.33,21112,1.38,0.138,0.904,0,11,768,1,0,0
29.2,80867,66.88,0.502,0.784,1,9,715,1,1,0
21.24,10652,0.53,0.078,0.72,0,7,1241,1,1,0
84.33,18434,0.2,0.428,0.706,0,8,526,0,0,0
49.83,86179,6.41,0.103,0.713,0,9,2714,0,0,0
27.51,4712,125.88,0.223,0.72,1,10,662,1,0,0
18.96,9560,1.88,0.198,0.581,0,7,253,0,0,0
24.65,53413,51.89,0.17,0.44,1,10,184,0,0,0
37.87,76874,4.33,0.185,0.572,1,8,1517,1,0,0
90.01,55016,2.89,0.079,0.438,0,9,2499,1,0,0
9.04,22909,37.74,0.252,0.779,1,7,717,0,0,0
45.96,31816,46.88,0.098,0.783,0,10,379,1,0,0
66.78,80661,39.28,0.331,0.837,0,14,84,0,0,0
8.25,21626,6.89,0.158,0.904,0,12,1172,0,0,0
23.45,20946,52.97,0.076,0.866,0,10,1062,0,1,0
11.57,7456,1.87,0.062,0.56,0,10,284,0,0,0
38.26,57859,10.46,0.516,0.71,1,10,1677,0,0,0
20.35,63968,15.55,0.377,0.724,0,13,700,1,0,0
24.43,6380,1.75,0.269,0.641,0,11,125,0,0,0
19.51,74447,21.68,0.308,0.626,0,8,956,1,0,0
48.24,46464,20.49,0.118,0.634,0,8,63,1,0,0
32.56,33941,121.29,0.038,0.718,0,5,655,0,0,0
32.61,14047,24.3,0.287,0.989,0,7,410,1,0,0
30.83,37434,12.67,0.09,0.818,0,11,632,1,0,0
42.86,66710,39.04,0.448,0.861,0,5,1148,1,0,0
139.23,85664,14.86,0.458,0.0,1,7,145,1,1,1
105.7,69744,19.03,0.126,0.761,0,6,229,1,0,0
10.1,46311,1.43,0.28,0.278,1,10,2713,1,0,0
6.82,75669,9.74,0.101,1.0,0,9,435,1,0,0
13.01,39869,23.52,0.38,1.0,2,7,231,0,1,1
5.14,69557,30.29,0.334,0.893,0,10,30,1,1,0
46.46,8889,2.61,0.433,0.617,2,11,3038,1,1,0
42.14,1774,39.89,0.059,0.816,0,8,1033,1,0,0
71.25,21750,57.6,0.113,0.649,0,6,2463,1,0,0
11.64,11403,8.25,0.182,1.0,0,7,1096,1,0,0
49.22,36831,36.24,0.13,0.521,0,6,46,1,1,0
28.37,57275,4.97,0.398,0.618,0,11,922,0,0,0
30.98,71804,18.53,0.27,0.686,0,10,2740,0,0,0
44.72,28910,39.94,0.377,0.753,0,12,191,1,0,0
14.81,53760,12.21,0.175,0.881,0,6,289,0,1,0
214.82,68216,0.67,0.243,0.916,1,10,432,1,0,0
78.69,3603,19.41,0.08,0.485,0,7,745,1,0,0
17.72,19728,46.56,0.087,0.628,0,11,119,1,0,0
11.33,79024,2.87,0.136,0.839,0,10,449,1,0,0
25.27,29600,0.75,0.156,0.716,0,10,222,1,0,0
31.37,71449,41.39,0.11,0.716,1,16,774,0,0,0
63.59,40986,7.77,0.156,0.467,0,9,1251,1,0,0
10.64,20155,11.33,0.156,0.274,0,9,1250,1,0,0
34.07,39510,2.27,0.338,0.49,0,11,376,1,0,0
7.98,46541,2.54,0.281,0.824,0,8,252,0,0,0
38.44,59571,23.83,0.121,0.821,0,7,396,0,0,0
24.88,67059,20.09,0.06,0.647,0,14,1903,1,1,0
127.66,2364,8.65,0.043,0.748,0,11,548,1,0,0
7.87,56753,15.07,0.192,0.573,0,13,2191,0,1,0
81.17,70590,12.28,0.162,0.919,0,11,699,1,0,0
6.94,69501,29.69,0.327,0.514,0,7,1336,1,0,0
9.38,69228,49.53,0.184,0.799,0,8,3093,1,0,0
7.09,37849,36.22,0.073,0.554,0,10,54,0,1,0
33.12,1773,0.11,0.23,0.405,0,11,616,1,0,0
10.6,52089,2.62,0.167,1.0,0,8,354,1,0,0
9.22,23920,14.03,0.041,0.538,0,14,541,1,0,0
31.89,65178,47.73,0.133,0.739,0,9,2432,1,0,0
38.92,80648,6.76,0.159,0.825,1,12,253,1,0,0
27.99,24503,52.79,0.225,0.972,0,11,1445,0,0,0
23.81,6106,2.91,0.117,0.549,0,7,764,0,0,0
117.11,58090,1.88,0.101,0.825,0,5,1023,0,0,0
30.47,9766,61.17,0.019,0.629,1,10,587,0,0,0
51.65,79502,4.42,0.235,0.637,0,7,866,0,0,0
30.4,52753,15.58,0.055,0.626,0,7,2979,0,1,0
11.26,26675,9.86,0.483,0.633,1,6,1327,0,0,0
42.09,36284,3.99,0.101,0.851,0,8,675,1,1,0
16.04,11997,25.0,0.021,1.0,0,5,646,0,0,0
25.21,52004,82.88,0.487,1.0,0,6,513,1,0,0
34.62,82511,26.83,0.246,1.0,0,8,77,1,0,0
5.74,66228,10.91,0.11,0.614,0,6,297,1,1,0
7.48,50315,31.1,0.206,1.0,0,11,2412,0,0,0
56.12,11984,3.87,0.157,0.776,0,8,3436,1,0,0
15.94,24984,21.69,0.229,0.848,0,8,1290,1,0,0
16.56,67918,15.85,0.216,0.953,0,12,296,1,0,0
30.97,74132,11.16,0.162,0.727,0,11,697,0,1,0
19.91,64176,33.64,0.092,0.795,0,12,962,0,0,0
37.87,54310,3.15,0.145,0.814,0,9,518,1,0,0
26.03,10314,19.02,0.085,0.652,0,14,44,1,0,0
31.78,67120,48.17,0.251,0.766,0,13,213,1,0,0
39.79,72949,49.13,0.168,0.597,2,8,659,1,1,1
31.65,17126,7.68,0.271,0.735,0,9,1251,1,1,0
65.63,12030,27.02,0.179,1.0,0,9,553,0,1,0
17.22,60618,37.02,0.172,1.0,0,11,437,1,0,0
56.39,9055,8.33,0.195,0.386,1,5,982,0,0,0
26.02,20366,11.15,0.251,0.815,0,11,262,1,0,0
48.79,85966,33.67,0.172,0.77,0,5,666,1,0,0
30.05,30214,8.4,0.127,0.615,0,14,2187,1,0,0
26.4,36452,27.43,0.231,0.635,2,7,2850,0,0,0
35.87,45351,4.32,0.227,0.696,0,11,3109,1,1,0
71.58,83035,13.25,0.221,0.85,0,10,41,1,0,0
32.75,68373,29.17,0.03,0.644,0,8,1829,0,1,0
39.76,3428,15.4,0.469,0.858,0,11,542,1,0,0
20.19,2193,0.49,0.279,0.873,1,10,1156,1,0,0
95.27,19722,13.04,0.51,0.796,0,20,339,0,0,0
45.25,2166,8.5,0.242,0.726,0,6,543,1,1,0
28.85,50678,2.67,0.162,0.733,0,13,107,0,0,0
24.58,57607,0.23,0.211,0.756,0,6,71,1,0,0
59.28,42259,1.16,0.109,0.977,2,11,39,1,0,0
16.69,80954,74.52,0.073,0.742,0,9,884,1,0,0
6.51,19802,34.64,0.162,0.779,0,13,983,1,0,0
28.73,60380,70.23,0.122,0.637,1,6,580,1,0,0
70.25,19096,3.05,0.128,0.565,0,9,749,0,1,0
96.84,64626,21.13,0.018,0.639,0,14,30,0,0,0
24.88,49938,2.17,0.332,1.0,0,10,497,1,0,0
28.07,43369,0.68,0.417,0.775,0,8,1821,1,0,0
41.08,44006,15.7,0.446,0.643,0,12,1311,0,1,0
21.94,49387,25.99,0.126,0.842,0,12,2005,1,0,0
40.98,13889,1.64,0.061,0.516,0,8,2736,1,0,0
25.32,17458,11.36,0.156,0.516,0,7,672,1,0,0
60.89,78240,2.36,0.077,0.747,0,12,1064,0,0,0
48.35,76618,11.24,0.049,0.987,0,7,888,0,0,0
51.84,33511,15.96,0.07,0.965,1,6,1393,1,1,0
23.01,82925,10.29,0.033,0.662,0,7,101,0,0,0
126.56,8204,21.47,0.346,0.692,0,10,298,1,0,0
39.93,64905,21.96,0.157,0.879,0,9,809,0,1,0
33.04,56176,10.12,0.258,0.754,0,11,2648,1,0,0
14.75,83770,12.34,0.59,0.809,0,8,146,0,1,0
25.09,36371,14.54,0.186,0.719,0,7,700,0,0,0
29.71,35028,11.78,0.149,0.648,0,8,61,0,0,0
14.44,58327,35.75,0.298,0.98,0,11,999,0,0,0
21.46,7814,3.77,0.131,0.781,0,7,730,1,1,0
23.74,29445,48.63,0.164,0.585,0,10,3761,1,0,0
28.35,59303,10.06,0.244,0.865,1,6,1071,1,0,0
6.62,75956,32.18,0.072,0.591,0,9,637,1,0,0
24.33,75490,53.81,0.083,0.72,0,12,2242,1,0,0
20.05,50440,54.61,0.078,0.906,0,7,1410,1,0,0
26.66,74744,15.05,0.343,0.608,2,9,3674,1,0,0
62.07,84073,7.41,0.24,0.623,0,5,475,1,0,0
140.04,15168,23.27,0.303,1.0,0,11,859,1,0,0
46.65,53651,5.08,0.4,0.673,1,5,971,1,0,0
10.1,33375,39.09,0.008,0.605,0,9,1457,0,0,0
20.57,28794,31.06,0.221,0.889,0,2,363,1,0,0
43.67,2836,39.7,0.147,0.704,0,8,422,0,0,0
39.91,61476,14.2,0.025,1.0,0,3,394,1,0,0
59.73,14091,20.38,0.51,0.66,0,13,946,0,0,0
25.08,33534,2.71,0.205,0.736,0,11,1994,1,0,0
20.27,12790,29.09,0.024,0.873,1,8,314,0,0,0
110.16,47700,16.68,0.228,0.599,0,10,1074,1,1,0
28.42,65635,17.79,0.238,0.781,0,12,121,0,0,0
12.02,40390,46.93,0.199,0.793,0,5,512,1,1,0
88.24,50902,37.0,0.144,0.562,0,8,1172,1,0,0
8.19,61292,19.15,0.156,0.706,0,8,1402,0,0,0
1.66,20053,10.97,0.385,0.685,0,8,84,0,0,0
50.17,33161,14.78,0.302,0.704,0,6,870,1,0,0
56.18,25169,10.8,0.301,0.674,0,12,176,0,0,0
37.76,74613,4.11,0.204,0.651,0,6,4927,0,0,0
9.56,73675,25.95,0.051,1.0,0,4,1061,0,0,0
25.87,3052,29.4,0.435,0.961,0,9,1337,0,1,0
21.7,41464,88.69,0.378,0.881,0,9,391,1,0,0
17.64,52902,15.21,0.336,0.878,0,10,451,0,0,0
83.9,1777,147.79,0.115,0.694,1,11,1206,0,0,0
11.74,63978,5.18,0.116,0.704,0,7,1406,0,0,0
34.91,12629,26.72,0.307,0.941,1,7,2469,1,0,0
70.47,68461,131.33,0.097,0.659,0,9,1557,1,0,0
36.79,56499,25.56,0.134,0.931,0,7,596,0,1,0
73.18,6820,15.05,0.343,0.873,0,3,363,1,0,0
42.56,12499,18.1,0.177,0.43,0,8,140,1,0,0
38.22,65029,46.69,0.312,0.742,0,10,46,1,0,0
36.36,66120,69.97,0.19,0.344,1,13,1041,1,0,0
44.29,74084,15.13,0.035,0.685,1,7,5584,1,0,0
19.92,80324,37.0,0.048,0.493,0,8,1009,1,0,0
9.57,37964,67.83,0.198,0.506,0,9,204,1,0,0
58.16,77082,8.29,0.179,0.977,1,9,59,1,0,0
68.68,9942,16.99,0.176,0.574,0,12,229,0,1,0
33.17,75437,134.64,0.131,0.53,0,5,2251,1,0,0
17.48,3681,10.9,0.513,0.591,0,11,116,1,0,0
7.8,8728,24.17,0.424,0.662,0,12,822,1,0,0
29.04,51620,26.75,0.083,0.878,0,11,391,0,1,0
9.22,9947,4.19,0.414,0.491,0,7,99,1,0,0
8.24,84470,41.08,0.206,0.886,0,5,58,1,1,0
26.67,82807,13.31,0.174,0.435,1,9,401,0,0,0
14.72,43955,17.34,0.243,0.694,0,9,328,0,0,0
35.74,84482,25.74,0.261,0.724,0,7,246,1,0,0
23.87,73326,13.21,0.284,0.764,0,7,536,1,0,0
16.69,47438,9.83,0.188,0.536,1,5,936,0,0,0
6.93,39495,19.77,0.286,0.731,0,9,3643,0,0,0
13.7,38299,10.65,0.464,0.452,1,8,1257,0,0,0
14.11,48382,14.23,0.28,0.74,0,5,1038,1,0,0
10.17,9433,2.87,0.483,0.994,0,7,579,1,0,0
20.84,52984,46.57,0.327,0.669,0,8,967,0,0,0
10.83,2899,13.26,0.033,0.646,0,7,318,0,0,0
23.78,24535,2.16,0.062,0.774,0,10,496,1,0,0
32.86,60099,39.02,0.075,0.628,0,8,1938,1,0,0
14.0,54902,0.5,0.22,0.975,0,6,1191,0,0,0
38.1,65213,22.87,0.061,0.473,0,5,518,0,0,0
9.12,38529,30.32,0.253,0.968,0,5,229,1,1,0
11.14,41948,5.31,0.183,0.503,0,6,285,0,1,0
24.76,72283,3.52,0.09,0.698,1,11,739,1,0,0
46.98,55627,3.02,0.236,0.582,1,6,932,1,0,0
54.27,7804,125.25,0.343,0.634,0,10,107,1,0,0
98.49,67185,35.17,0.25,0.749,2,10,290,1,0,0
20.06,35176,9.37,0.078,0.958,0,4,201,1,0,0
24.48,43380,10.22,0.119,1.0,0,8,1626,1,0,0
11.87,31263,26.15,0.134,0.831,0,6,593,1,0,0
9.94,80002,15.3,0.072,0.685,0,6,158,1,0,0
32.55,57872,7.91,0.228,0.788,0,12,339,0,0,0
14.57,7542,1.47,0.216,0.943,0,7,848,0,0,0
72.67,34187,38.29,0.188,0.956,0,10,74,1,0,0
8.42,24510,54.78,0.206,0.861,0,12,190,1,0,0
40.01,36941,5.77,0.09,0.775,0,8,1834,1,0,0
12.13,67271,1.64,0.142,0.409,0,4,362,0,0,0
14.06,63745,3.16,0.255,0.971,1,15,1687,1,0,0
41.73,46260,13.37,0.404,0.782,0,8,260,1,0,0
15.79,1148,8.89,0.217,0.315,0,8,551,1,0,0
17.95,40791,1.91,0.323,0.576,0,13,174,0,0,0
14.16,31343,15.17,0.16,0.899,0,12,875,1,0,0
113.07,79082,5.7,0.028,0.693,2,9,1956,1,0,0
16.54,42483,1.73,0.238,0.709,0,6,1569,0,0,0
28.25,43721,26.82,0.341,0.953,0,10,1320,1,0,0
23.07,74438,21.25,0.121,0.52,1,4,153,1,0,0
32.37,78646,43.77,0.067,0.687,0,14,96,1,1,0
16.58,77437,9.0,0.073,0.366,0,4,1863,1,0,0
23.09,57010,3.65,0.118,0.758,0,14,157,1,0,0
37.16,65540,11.16,0.099,0.519,0,15,1261,1,0,0
13.59,70455,37.71,0.601,0.679,0,9,173,0,0,0
64.81,84711,6.92,0.077,0.549,0,7,579,1,0,0
69.99,29332,7.36,0.025,1.0,0,12,517,1,0,0
44.04,30009,3.99,0.127,0.722,0,5,3371,0,0,0
28.67,13512,107.65,0.067,0.905,0,13,703,1,0,0
2.48,81756,85.52,0.193,0.829,0,10,733,1,0,0
38.07,75294,26.83,0.36,0.992,0,11,3019,0,0,0
19.82,72109,6.05,0.14,0.693,0,10,280,0,1,0
22.26,62106,36.37,0.37,0.649,0,12,98,1,0,0
5.94,71365,21.92,0.243,0.827,0,11,1120,1,0,0
40.24,47262,34.61,0.236,0.785,0,9,445,0,0,0
8.51,68908,49.23,0.471,0.698,0,10,2651,1,0,0
29.81,21923,9.59,0.096,0.774,0,7,33,0,0,0
55.91,40021,61.25,0.059,0.723,1,10,2586,0,0,0
18.63,54284,57.21,0.262,0.731,0,10,374,0,0,0
71.73,27922,19.8,0.347,0.935,2,9,807,0,0,0
14.92,29541,28.85,0.265,0.79,0,13,684,1,0,0
43.83,3066,13.23,0.132,0.563,0,13,255,0,0,0
9.55,68656,26.61,0.357,0.847,1,7,1424,1,1,0
61.86,82946,19.9,0.064,0.469,0,10,244,0,0,0
54.64,29605,9.75,0.021,0.73,0,10,747,1,0,0
39.44,3070,9.75,0.067,1.0,0,6,506,1,0,0
19.79,63228,26.36,0.165,1.0,1,12,157,0,0,0
8.83,54994,78.45,0.183,0.563,0,13,628,1,0,0
19.84,27206,5.63,0.188,0.669,0,10,531,0,0,0
65.91,45326,12.46,0.137,0.573,1,9,133,1,1,0
30.08,38437,40.96,0.476,0.942,0,6,462,0,0,0
7.83,75733,3.28,0.184,0.72,0,13,79,1,0,0
11.03,61961,128.6,0.209,0.873,2,7,541,0,0,0
73.89,76644,28.34,0.183,0.753,0,5,880,1,0,0
40.06,12154,60.42,0.13,0.71,0,9,144,0,0,0
10.1,29481,45.51,0.015,0.353,0,10,857,1,0,0
6.6,29107,37.53,0.209,0.779,0,8,1536,0,0,0
16.44,43224,0.84,0.274,0.819,0,15,199,1,0,0
6.17,9725,13.04,0.322,0.606,0,9,2643,1,0,0
23.93,53945,5.64,0.166,0.726,1,10,621,1,1,0
192.73,41751,51.26,0.082,0.74,0,6,1133,1,0,0
7.56,79096,28.51,0.319,0.735,1,8,911,1,0,0
23.36,80551,2.83,0.035,0.735,0,8,1717,1,0,0
77.44,2084,11.14,0.047,0.609,0,11,493,1,0,0
49.37,51706,1.8,0.383,0.614,0,12,471,0,0,0
24.07,11795,33.68,0.179,0.821,0,8,133,1,0,0
24.12,67217,13.55,0.111,0.653,0,6,752,1,0,0
10.75,3722,6.68,0.284,0.798,0,11,362,1,0,0
21.89,27902,18.23,0.301,0.689,0,11,179,0,0,0
32.94,2036,1.07,0.061,0.488,0,11,278,1,0,0
65.63,3157,7.44,0.21,0.779,0,7,376,0,0,0
16.51,32307,4.82,0.117,0.872,0,11,2551,0,0,0
23.29,65322,66.71,0.319,0.896,0,9,548,0,0,0
12.69,11917,11.83,0.098,0.676,0,8,807,1,1,0
32.47,43419,21.96,0.266,0.79,0,7,802,1,0,0
50.76,7555,17.48,0.06,0.648,0,8,721,1,0,0
44.87,23951,26.91,0.266,1.0,0,8,1921,1,0,0
10.63,50110,8.18,0.331,0.714,0,6,394,1,0,0
30.49,31382,3.22,0.604,0.483,0,15,1466,0,0,0
15.77,15350,2.12,0.113,0.88,0,5,212,0,1,0
60.88,79507,5.37,0.485,0.68,0,6,415,0,0,0
23.83,51369,16.48,0.067,1.0,0,5,620,0,0,0
8.04,84749,6.73,0.185,0.778,0,13,170,1,0,0
22.74,65763,14.23,0.202,0.704,0,10,600,0,0,0
39.13,56645,0.74,0.095,0.647,0,8,3795,0,0,0
32.96,16388,24.69,0.067,0.545,0,10,1219,1,1,0
18.0,49303,52.63,0.023,0.923,1,7,1118,0,0,0
16.98,59612,1.22,0.335,0.453,0,10,428,0,0,0
12.3,77980,6.15,0.36,0.85,0,11,2195,1,0,0
19.77,11521,9.56,0.082,0.603,0,9,95,1,0,0
13.67,55585,8.47,0.081,0.622,1,7,144,1,1,0
58.91,31947,1.03,0.116,0.885,0,6,1741,1,0,0
13.19,69507,2.82,0.109,0.602,0,11,261,1,0,0
29.9,1004,60.89,0.259,0.702,0,9,92,1,0,0
68.04,62320,7.78,0.356,0.41,2,8,2096,1,1,1
57.77,8002,79.51,0.268,0.977,0,8,1238,1,0,0
64.81,15475,14.52,0.188,0.655,0,13,273,1,0,0
47.31,59080,52.81,0.394,0.72,0,7,834,0,0,0
35.96,51779,42.39,0.215,0.582,0,7,125,0,0,0
11.72,4708,51.97,0.191,0.521,1,15,614,1,0,0
11.53,71623,1.0,0.164,0.75,1,9,172,1,0,0
13.78,22840,26.43,0.355,0.893,0,3,1242,1,0,0
49.48,44452,20.9,0.171,0.623,0,11,44,1,0,0
28.75,18309,19.7,0.145,0.981,0,10,3010,1,0,0
54.32,5702,17.55,0.226,0.662,0,4,1581,1,0,0
60.48,9318,39.74,0.054,0.624,1,9,3408,1,0,0
15.17,65763,86.09,0.049,0.996,0,8,295,1,0,0
27.82,36411,44.14,0.276,0.817,1,11,344,0,0,0
26.83,3728,51.08,0.29,0.946,0,7,2296,0,0,0
20.86,74962,16.54,0.225,0.944,0,11,5564,0,0,0
17.67,63680,29.33,0.048,0.925,0,10,1495,1,0,0
69.95,48484,13.43,0.081,0.738,0,7,1428,1,0,0
28.26,11958,11.17,0.284,0.993,1,16,1228,1,0,0
27.4,20099,56.41,0.082,0.97,0,9,1395,1,0,0
14.26,70057,58.9,0.022,0.531,0,11,367,1,0,0
46.53,31661,28.66,0.338,0.893,1,7,947,1,0,0
12.13,84041,45.48,0.075,0.88,0,11,2014,0,0,0
39.01,23647,11.17,0.312,0.442,0,6,190,0,0,0
39.88,49494,14.22,0.045,0.775,0,9,1334,0,0,0
19.49,22928,43.01,0.438,0.75,0,9,1605,1,0,0
34.96,43891,12.69,0.123,0.588,0,6,850,1,0,0
31.45,53469,1.02,0.067,0.842,1,9,2724,1,0,0
26.27,78463,10.9,0.125,0.713,1,9,560,0,0,0
27.39,30207,12.7,0.15,0.749,0,7,44,0,0,0
28.49,47962,4.2,0.213,0.898,0,6,496,1,0,0
30.08,81400,10.54,0.106,0.593,0,9,2371,1,0,0
28.45,43381,68.11,0.112,0.852,0,12,1663,1,0,0
11.21,64997,48.89,0.209,0.906,0,11,919,1,1,0
24.0,62852,14.76,0.227,0.899,0,8,1136,0,0,0
33.51,78963,30.94,0.225,0.765,0,10,821,1,0,0
29.31,68710,4.12,0.314,0.671,1,10,375,1,0,0
58.15,25313,34.91,0.549,0.974,1,10,435,1,0,0
44.53,12852,16.15,0.084,0.87,0,9,498,0,0,0
13.51,17410,32.05,0.177,0.674,1,12,308,0,0,0
23.73,55101,25.82,0.095,0.777,0,4,2023,1,0,0
21.14,21023,6.62,0.118,0.987,1,13,1273,1,0,0
27.02,84603,45.0,0.325,0.735,0,6,925,1,0,0
27.05,4944,21.23,0.203,0.553,0,12,544,1,1,0
44.22,6964,38.33,0.252,0.807,0,7,260,1,0,0
31.25,8587,2.47,0.303,0.657,0,17,282,0,0,0
72.56,76667,23.89,0.156,0.585,1,15,245,1,0,0
32.88,45444,8.63,0.148,0.378,0,8,164,1,0,0
13.95,77059,49.31,0.259,0.774,0,4,423,1,0,0
18.66,30007,74.65,0.11,0.829,0,6,104,1,0,0
43.95,56655,1.44,0.155,0.53,1,11,865,1,0,0
7.45,42494,32.21,0.083,0.825,0,7,543,1,0,0
9.24,63935,2.72,0.209,0.961,0,14,138,1,0,0
27.35,41004,48.71,0.081,0.807,0,13,1318,1,0,0
58.02,51131,3.32,0.132,0.761,0,13,597,1,0,0
77.14,31028,5.42,0.114,0.827,1,10,55,1,0,0
22.79,10466,7.25,0.304,0.53,0,6,577,0,0,0
63.35,20828,32.53,0.078,0.977,0,9,431,1,0,0
28.73,52253,8.65,0.169,0.731,0,12,327,1,0,0
7.96,68969,22.66,0.194,0.733,1,8,717,1,1,0
26.94,29397,21.21,0.3,0.628,0,10,2040,1,0,0
16.52,83989,12.87,0.069,0.564,0,9,1137,1,0,0
56.52,12672,19.39,0.153,0.604,0,9,2133,1,0,0
26.56,70676,3.14,0.056,0.605,0,6,168,0,0,0
9.75,13999,52.22,0.474,0.868,0,11,1437,0,0,0
8.17,79314,5.8,0.091,0.896,0,4,743,1,0,0
26.66,17863,53.05,0.09,0.699,0,17,347,1,0,0
3.91,15108,18.28,0.243,0.881,0,14,944,1,0,0
17.91,15350,23.79,0.026,0.949,0,3,818,0,0,0
32.62,27511,7.44,0.347,1.0,1,7,486,0,0,0
11.64,42972,6.29,0.251,0.536,1,15,570,0,0,0
60.05,37454,16.87,0.555,0.819,0,14,288,1,0,0
70.3,68766,7.78,0.098,0.557,0,9,1485,1,0,0
12.02,24718,13.75,0.132,0.649,1,7,4690,0,0,0
21.36,34617,14.51,0.148,0.665,1,9,599,1,0,0
60.08,4020,7.9,0.306,0.89,0,7,43,1,0,0
27.08,41004,8.62,0.124,0.854,0,10,1734,0,0,0
8.89,16834,90.21,0.326,1.0,0,10,2723,1,0,0
24.18,1259,22.14,0.07,0.619,1,6,541,1,0,0
13.7,74731,44.58,0.103,0.55,0,5,3338,1,0,0
65.8,4777,1.17,0.078,0.638,0,13,162,0,0,0
44.02,40343,0.05,0.087,0.476,0,6,282,1,0,0
21.09,27927,18.3,0.078,0.953,1,9,1487,0,0,0
30.38,18380,43.83,0.302,0.647,1,12,1498,1,0,0
9.52,28250,23.6,0.131,0.474,2,8,2293,1,0,0
14.83,44448,24.11,0.196,0.648,0,4,285,1,1,0
93.94,60997,3.75,0.265,0.759,0,9,517,1,0,0
28.3,11224,96.07,0.189,0.944,0,11,1022,0,0,0
57.06,83414,18.86,0.17,0.519,0,13,1027,1,0,0
32.64,12304,2.71,0.446,0.717,1,5,102,1,0,0
77.59,61588,13.37,0.176,0.677,0,6,481,1,0,0
5.48,1578,1.87,0.331,0.535,0,13,635,1,0,0
23.32,50387,13.54,0.137,0.877,1,13,492,0,1,0
101.07,26315,31.08,0.14,0.627,0,7,2065,1,0,0
16.94,78540,173.62,0.494,0.247,2,3,411,0,0,1
78.28,23377,9.39,0.114,0.86,0,7,654,1,0,0
26.97,27541,18.06,0.45,0.874,0,10,3064,0,1,0
17.64,17943,17.25,0.111,0.896,0,9,990,0,0,0
11.92,42946,15.74,0.176,0.851,0,11,1406,1,0,0
11.27,7888,18.19,0.24,0.819,0,9,884,1,0,0
51.71,58854,1.23,0.146,0.605,1,14,572,1,0,0
16.96,70111,40.85,0.253,0.546,2,11,101,1,1,1
25.71,3856,120.74,0.176,0.728,0,5,804,1,0,0
40.71,69675,36.13,0.107,0.776,0,7,287,0,0,0
30.39,36295,8.48,0.083,0.323,0,9,544,1,0,0
58.54,48638,28.31,0.312,0.551,0,6,838,1,1,0
13.46,78698,425.18,0.375,0.034,3,9,1010,1,1,1
11.56,5819,5.31,0.464,0.646,0,8,523,1,0,0
33.75,80766,37.13,0.207,0.767,0,9,472,1,0,0
7.13,40072,5.88,0.189,0.886,0,8,4343,0,0,0
30.16,61013,48.91,0.037,0.616,0,8,739,1,0,0
43.97,28220,11.97,0.288,0.808,0,6,341,1,0,0
9.48,57246,35.35,0.194,0.723,0,7,390,0,0,0
19.43,46895,7.51,0.117,0.682,0,14,237,1,0,0
27.32,9693,26.44,0.087,0.948,1,10,428,0,0,0
32.69,73120,5.97,0.19,0.835,0,9,2709,1,0,0
21.7,13378,0.55,0.341,0.675,0,9,96,1,0,0
10.61,53217,42.13,0.101,0.849,0,9,1945,1,0,0
25.97,14655,48.48,0.173,0.88,1,6,1206,1,0,0
7.23,64121,53.13,0.295,0.805,0,7,199,1,0,0
22.51,77053,0.92,0.062,1.0,0,8,824,0,1,0
19.05,1323,35.77,0.138,0.723,0,7,562,0,0,0
24.35,48989,45.18,0.284,0.72,0,8,497,1,1,0
17.33,74986,9.34,0.155,0.436,0,8,2466,1,0,0
8.12,67570,15.89,0.346,0.738,1,11,141,0,0,0
20.23,22974,13.1,0.265,0.55,0,8,208,1,0,0
57.09,71502,14.5,0.417,0.464,0,7,149,0,0,0
74.38,30717,46.88,0.136,0.833,0,14,1901,1,0,0
190.85,49351,13.53,0.239,0.662,0,5,4025,0,0,0
104.93,67241,9.0,0.259,0.627,0,12,54,0,0,0
64.74,28517,40.12,0.328,0.307,4,8,226,1,1,1
19.56,69294,28.09,0.045,0.485,0,8,82,1,0,0
26.62,84763,2.2,0.183,1.0,1,8,352,0,0,0
25.32,34964,1.58,0.137,1.0,0,9,67,1,0,0
28.66,32027,28.61,0.343,0.7,1,7,1883,1,0,0
186.06,67669,29.63,0.082,0.674,0,12,718,0,0,0
11.41,2578,5.55,0.07,0.852,0,9,683,1,0,0
15.32,46707,78.77,0.333,0.749,0,11,65,1,0,0
100.99,58035,38.76,0.06,0.642,0,3,350,1,0,0
16.56,33581,28.99,0.052,0.649,0,9,213,0,0,0
37.15,6551,35.1,0.04,0.765,0,8,875,1,0,0
62.04,34395,13.27,0.141,0.778,0,7,1641,1,0,0
147.53,64684,122.86,0.357,0.0,1,8,886,1,0,1
52.34,53768,29.01,0.371,0.329,1,9,213,0,1,1
57.45,68116,0.64,0.189,0.627,0,10,623,0,0,0
13.27,63511,40.54,0.128,0.511,0,9,277,1,0,0
18.23,55390,14.84,0.027,1.0,0,9,62,1,0,0
41.62,3932,15.59,0.119,0.983,0,11,150,0,0,0
5.18,74023,9.85,0.172,0.947,0,9,209,0,0,0
84.21,7113,23.35,0.277,0.773,0,9,1937,1,0,0
34.56,36019,28.15,0.199,0.641,0,10,420,0,0,0
30.64,49027,4.38,0.02,0.597,0,11,266,1,0,0
7.36,83074,20.85,0.157,1.0,0,5,3922,1,1,0
9.69,49684,15.63,0.218,0.732,0,15,841,1,1,0
19.71,887,38.07,0.158,0.924,1,9,359,1,0,0
51.73,85192,19.7,0.613,0.703,2,16,210,1,0,0
5.15,18816,14.03,0.11,0.782,0,7,706,1,0,0
50.94,24395,18.82,0.34,0.746,0,11,630,1,0,0
20.33,47651,16.86,0.121,0.876,1,7,165,1,0,0
22.67,5525,68.4,0.276,0.5,0,13,170,1,0,0
33.21,60579,9.35,0.234,0.748,0,11,943,1,1,0
33.63,64044,0.95,0.22,0.719,0,9,193,1,0,0
15.33,64143,27.12,0.225,0.878,0,12,119,1,0,0
44.7,69016,23.15,0.424,0.851,0,10,489,1,0,0
4.24,20990,60.19,0.289,0.852,0,15,1074,1,0,0
18.91,48066,3.12,0.031,0.88,0,13,291,0,0,0
30.66,41171,18.49,0.37,0.857,1,10,88,0,0,0
20.57,58270,4.09,0.169,0.661,0,8,157,1,0,0
6.29,19056,15.21,0.283,0.977,0,8,677,1,0,0
49.72,69568,40.16,0.019,0.991,0,10,775,1,0,0
9.99,65369,48.69,0.124,0.761,0,5,337,1,0,0
25.69,57688,44.87,0.253,0.724,0,3,3482,0,0,0
30.64,55155,19.82,0.209,0.885,0,13,562,1,0,0
27.55,26277,25.13,0.244,0.561,0,7,1242,0,1,0
69.08,7425,20.05,0.081,0.646,0,9,81,1,0,0
25.98,30773,20.59,0.127,0.62,2,14,1179,1,0,0
38.17,78428,54.1,0.09,0.556,0,7,3235,1,0,0
25.93,20230,5.87,0.049,0.825,0,7,1104,0,0,0
44.27,85936,14.44,0.022,0.955,0,11,3826,1,0,0
82.66,16679,23.54,0.221,0.596,0,13,1835,1,1,0
30.27,40492,36.24,0.347,0.651,0,8,644,0,0,0
50.68,81845,35.88,0.095,0.763,0,4,693,1,0,0
86.86,60092,3.12,0.164,0.762,0,7,1333,1,0,0
80.3,4483,6.27,0.091,0.864,1,14,376,0,1,0
19.92,31850,60.62,0.26,0.751,0,9,953,1,0,0
62.12,79649,11.06,0.238,0.6,0,8,287,1,0,0
33.08,83487,0.07,0.062,1.0,1,7,1031,0,0,0
66.27,22417,5.57,0.107,0.678,0,6,305,0,0,0
42.73,21834,87.29,0.159,0.683,0,7,2217,1,0,0
33.8,1975,9.27,0.185,0.786,0,6,140,1,0,0
38.37,4132,23.78,0.209,0.726,0,8,734,0,0,0
33.25,72934,32.43,0.083,0.801,0,9,1962,1,1,0
34.31,4278,26.0,0.034,0.717,0,6,360,0,0,0
23.88,47395,11.85,0.004,0.768,2,6,232,1,0,0
22.17,73461,14.07,0.098,1.0,0,8,824,1,0,0
111.11,13833,45.5,0.11,0.522,1,13,1550,1,1,0
39.73,4165,27.18,0.163,0.663,0,10,46,0,1,0
17.14,57580,0.59,0.539,0.784,0,9,648,0,0,0
21.72,82383,5.69,0.197,0.761,0,10,1486,1,0,0
63.12,45246,8.43,0.038,0.689,0,6,1243,1,0,0
15.05,33697,11.37,0.073,0.864,0,10,60,0,0,0
152.15,51038,4.85,0.413,0.82,1,9,788,1,1,1
8.79,40441,11.41,0.144,0.805,0,14,605,0,0,0
6.8,40439,43.58,0.301,0.703,1,6,153,0,0,0
9.59,73454,16.05,0.038,0.785,0,10,37,1,0,0
152.56,69447,244.37,0.328,0.717,4,10,566,1,1,1
82.12,46970,13.94,0.175,0.748,1,10,1989,0,0,0
26.13,4412,9.29,0.376,0.79,1,9,289,0,0,0
20.28,33485,32.26,0.361,0.879,0,6,309,0,0,0
8.54,71901,6.52,0.2,0.649,0,4,818,0,0,0
24.18,17041,29.24,0.29,1.0,0,15,354,0,0,0
12.72,1212,205.09,0.45,0.401,3,6,680,1,0,1
20.18,71971,2.7,0.152,0.637,0,9,970,0,0,0
141.4,66293,0.45,0.332,0.791,1,12,1131,1,0,0
46.11,39670,4.64,0.335,0.535,1,3,144,0,0,0
22.92,5536,35.78,0.143,1.0,0,11,1019,1,1,0
47.39,14271,12.14,0.321,0.752,0,10,471,0,0,0
17.86,71108,40.85,0.089,0.823,1,8,69,0,0,0
14.29,59791,17.42,0.251,0.926,0,8,957,1,0,0
105.99,55221,0.83,0.221,0.73,0,8,178,0,0,0
10.87,54631,46.79,0.081,0.88,1,5,1205,1,0,0
20.42,44635,68.82,0.26,0.683,0,12,1064,1,0,0
34.63,5125,1.93,0.05,0.823,0,10,943,0,0,0
12.82,48260,5.84,0.17,0.767,0,5,683,1,0,0
45.63,37861,31.43,0.223,0.623,0,9,107,1,0,0
92.28,30299,74.27,0.306,0.075,0,6,101,1,1,1
46.11,14848,52.25,0.195,0.933,0,8,1246,1,0,0
43.33,82,2.6,0.044,0.807,0,9,440,1,0,0
22.32,73502,23.36,0.173,0.057,0,8,1816,1,1,0
106.54,20146,27.36,0.389,0.71,1,6,1865,0,0,0
15.92,17042,24.91,0.169,0.54,0,13,274,1,0,0
79.77,13599,20.99,0.257,0.984,1,8,1042,1,0,0
69.4,76600,8.64,0.133,0.987,0,10,146,0,0,0
111.8,54302,27.6,0.288,0.901,0,6,198,1,0,0
31.16,50489,32.59,0.327,0.838,1,11,557,1,1,0
14.43,47257,21.44,0.237,0.691,1,8,493,1,0,0
142.8,80431,17.19,0.202,0.649,0,8,599,1,0,0
20.74,30586,6.18,0.165,0.723,0,12,314,1,0,0
14.14,11416,19.67,0.343,0.754,1,11,273,1,0,0
23.29,74421,3.43,0.197,0.26,0,4,391,1,0,0
12.36,4327,1.89,0.304,1.0,0,11,1816,0,0,0
41.3,19640,37.61,0.102,0.759,0,9,910,1,1,0
16.7,29059,28.2,0.127,0.833,0,10,1392,1,0,0
21.54,10871,26.18,0.048,0.772,0,11,2162,1,0,0
58.8,863,65.82,0.266,0.849,0,13,801,1,0,0
44.65,46703,11.98,0.154,0.601,0,8,1804,1,0,0
27.45,42178,12.76,0.231,0.802,0,5,511,1,0,0
31.08,54056,13.35,0.47,0.957,0,10,1265,1,0,0
27.38,63427,15.65,0.041,0.702,1,13,131,1,0,0
19.2,7361,17.98,0.226,0.799,0,12,2472,1,1,0
27.06,48146,37.63,0.414,0.801,0,11,923,1,0,0
40.15,52054,6.14,0.344,0.622,1,9,2779,1,1,0
24.51,29208,14.23,0.057,1.0,0,14,603,1,1,0
37.93,70342,17.59,0.152,0.579,0,12,40,0,0,0
13.88,70919,4.63,0.218,0.995,0,10,536,0,1,0
16.72,46594,30.26,0.22,0.934,0,3,64,0,0,0
15.07,9686,1.45,0.189,0.625,0,12,2818,1,0,0
17.25,47342,22.04,0.117,0.584,0,8,976,0,0,0
75.92,82287,5.65,0.098,0.66,0,12,131,1,0,0
48.46,82331,0.21,0.066,0.753,0,11,857,1,0,0
11.46,52245,9.49,0.134,0.83,0,10,193,0,0,0
38.47,16737,14.02,0.357,0.676,0,8,496,1,0,0
19.84,58909,42.5,0.161,0.436,0,11,530,1,0,0
15.71,83258,13.1,0.21,0.66,0,13,358,0,1,0
8.26,54029,61.76,0.046,0.606,0,5,321,0,0,0
59.0,82248,46.21,0.322,0.509,0,8,467,1,1,0
9.11,42453,5.35,0.227,0.705,0,6,442,1,0,0
26.01,40923,4.23,0.186,0.607,0,8,59,1,0,0
12.72,23400,6.99,0.067,0.826,0,11,3307,0,0,0
50.43,11021,11.14,0.137,0.823,0,17,99,0,0,0
20.75,1486,21.9,0.282,0.882,0,10,78,1,0,0
24.35,7607,3.31,0.073,0.984,0,8,366,1,0,0
157.87,20119,129.02,0.437,0.807,1,10,47,0,1,1
34.54,17121,21.73,0.405,0.775,0,15,64,1,0,0
27.4,70903,27.04,0.125,0.691,0,13,195,1,0,0
26.19,69424,19.97,0.063,0.644,0,7,58,1,0,0
17.91,39660,43.6,0.052,0.594,1,8,532,1,0,0
7.69,37611,25.65,0.223,0.87,0,14,102,1,0,0
11.08,39059,64.61,0.331,0.317,0,9,2037,0,0,0
48.17,2668,30.18,0.053,0.612,0,8,136,1,0,0
21.23,4238,14.32,0.141,0.875,0,8,739,0,0,0
15.94,54223,5.88,0.331,0.461,0,7,905,1,1,0
8.81,4166,0.26,0.4,0.845,1,7,1080,0,0,0
6.85,79776,2.37,0.106,0.502,0,15,161,0,1,0
15.45,31030,5.26,0.377,0.726,0,11,1106,1,0,0
55.17,637,6.1,0.071,0.654,0,6,612,0,0,0
17.36,2641,33.87,0.144,0.921,0,10,91,0,0,0
37.35,76674,12.2,0.023,0.915,0,11,795,0,0,0
16.74,8962,9.81,0.094,0.672,0,11,784,1,0,0
45.2,29839,1.34,0.224,0.525,0,10,64,0,0,0
20.46,5802,19.34,0.294,0.703,1,9,1655,0,0,0
10.12,7638,23.73,0.131,0.627,0,13,192,0,1,0
21.86,47758,52.56,0.152,0.684,1,13,1254,0,0,0
117.59,52168,17.47,0.129,0.576,0,10,570,1,0,0
113.51,85157,0.19,0.13,0.846,0,8,39,0,1,0
40.01,22900,1.69,0.139,0.659,0,4,1934,1,0,0
24.3,5989,7.9,0.175,0.739,0,10,389,0,0,0
34.57,6507,3.75,0.291,0.515,0,9,7054,1,1,0
34.93,5165,36.81,0.078,0.932,0,9,148,0,0,0
26.26,47572,2.85,0.084,0.852,2,7,1062,0,0,0
38.58,3706,4.38,0.378,0.589,0,13,96,1,0,0
32.03,31965,27.47,0.156,1.0,0,14,193,1,0,0
21.06,69650,6.85,0.492,0.69,0,8,761,0,1,0
10.42,2317,86.91,0.113,0.53,0,3,118,1,0,0
18.76,79859,49.73,0.263,0.717,0,6,947,0,0,0
51.4,43871,34.12,0.193,0.919,0,16,726,1,0,0
26.44,80286,10.51,0.161,0.788,0,6,55,1,1,0
34.47,50422,1.46,0.18,0.674,0,17,1467,1,0,0
21.62,3814,10.25,0.015,0.991,0,11,645,0,0,0
11.62,62765,11.82,0.299,0.887,0,7,1279,1,1,0
22.4,20403,3.41,0.232,0.934,1,14,2101,1,0,0
11.97,37483,3.21,0.572,0.627,0,7,812,1,1,0
11.37,10091,27.57,0.133,0.826,1,13,325,1,0,0
71.13,55991,6.61,0.362,0.894,0,11,1144,0,0,0
19.37,29673,28.33,0.36,0.45,0,16,1914,1,0,0
14.98,84151,19.87,0.202,0.573,1,7,1010,0,0,0
98.93,74168,57.93,0.16,0.657,0,10,2050,1,0,0
52.04,16964,39.88,0.118,0.773,0,7,2847,1,0,0
20.14,52473,4.1,0.071,0.818,0,7,1209,1,0,0
38.17,33143,23.55,0.158,0.9,1,3,636,0,0,0
22.45,3801,26.47,0.124,0.432,0,14,45,0,1,0
15.58,15447,49.52,0.039,0.997,1,8,1653,1,1,0
39.64,6489,25.61,0.167,0.792,0,11,534,1,0,0
20.92,33496,3.79,0.324,0.607,0,4,994,1,0,0
28.8,30565,7.48,0.127,0.873,1,8,782,1,0,0
61.38,43397,25.38,0.383,0.346,2,10,1581,1,0,0
56.2,69811,60.74,0.072,0.73,0,5,258,1,0,0
17.46,55932,55.53,0.51,0.842,0,11,306,0,0,0
40.0,35191,11.13,0.145,0.665,0,9,1262,1,0,0
11.0,55478,44.4,0.153,0.837,1,9,324,1,0,0
38.87,60235,17.9,0.187,0.894,0,10,75,0,1,0
30.53,51528,15.61,0.27,0.477,0,9,3067,0,0,0
36.71,42928,10.8,0.067,0.682,0,7,365,1,0,0
21.37,39401,28.35,0.065,0.975,0,7,1712,1,0,0
143.63,2247,22.88,0.063,0.585,0,8,385,1,0,0
13.18,55774,11.74,0.112,0.574,0,12,51,1,0,0
58.98,11048,35.98,0.29,0.964,0,6,40,1,0,0
11.88,26335,11.92,0.185,0.862,0,9,1774,1,0,0
40.59,5574,21.95,0.074,0.889,0,10,1540,1,0,0
42.98,56312,12.46,0.256,1.0,0,5,1556,0,1,0
28.33,38761,3.11,0.18,0.652,0,5,3158,0,0,0
18.24,67448,4.39,0.214,0.714,0,4,463,0,0,0
30.35,52960,26.73,0.033,0.607,0,10,344,1,0,0
33.57,75422,41.68,0.127,0.585,0,7,116,1,0,0
113.52,63670,15.8,0.455,0.962,0,10,2238,0,0,0
13.49,37299,9.85,0.276,0.719,0,8,3793,0,0,0
17.38,38465,10.26,0.079,0.865,0,8,169,1,1,0
34.05,39787,22.76,0.375,0.859,0,12,350,0,0,0
12.75,38659,178.31,0.533,0.041,3,8,234,1,0,1
25.03,67477,0.02,0.242,0.775,0,6,79,1,0,0
63.83,22444,36.9,0.384,0.444,0,15,829,1,0,0
2.84,28915,3.84,0.075,0.78,1,7,690,1,0,0
16.8,57499,28.08,0.285,0.716,0,9,1950,1,0,0
6.73,50113,10.55,0.333,0.444,0,6,2238,1,0,0
10.42,30968,21.57,0.215,0.745,1,7,744,1,0,0
185.62,50096,48.3,0.023,1.0,0,9,1072,0,0,0
43.75,24158,4.19,0.287,0.901,0,12,1740,1,0,0
58.05,28630,37.59,0.371,0.657,0,7,245,0,0,0
25.42,3919,0.98,0.077,0.656,0,11,783,1,0,0
49.75,26312,63.57,0.152,0.749,0,9,592,1,0,0
6.6,38826,5.63,0.309,0.859,0,10,306,0,0,0
62.22,14981,39.55,0.218,0.601,1,13,205,0,0,0
14.07,59768,1.74,0.295,0.667,0,4,97,1,0,0
17.72,36606,9.9,0.246,0.709,0,6,282,1,0,0
40.61,11011,25.1,0.304,0.47,0,7,409,0,0,0
34.92,15819,26.88,0.219,0.815,2,7,1847,1,0,0
29.01,60567,30.0,0.355,0.809,0,6,481,1,1,0
9.11,73967,10.8,0.385,0.646,1,4,282,0,0,0
29.37,36022,27.42,0.211,0.651,0,12,549,1,1,0
58.47,41459,13.99,0.333,0.582,0,11,362,1,1,0
17.71,77597,20.86,0.339,0.799,2,7,579,1,0,0
77.63,69928,19.81,0.063,0.598,2,4,1052,1,0,0
13.49,32105,4.6,0.102,0.841,0,9,651,0,0,0
27.26,59574,46.87,0.265,0.924,0,11,242,1,0,0
92.6,46138,50.46,0.158,0.807,0,10,293,1,1,0
15.72,44588,5.7,0.129,0.685,0,9,1408,0,0,0
63.0,75157,13.47,0.222,0.698,0,15,629,1,0,0
131.59,74254,15.63,0.033,0.611,1,9,426,0,0,0
31.09,22235,19.9,0.366,0.795,0,10,256,1,1,0
17.79,34576,0.56,0.327,0.646,0,5,1002,1,0,0
14.61,42170,35.55,0.38,0.993,0,6,311,1,0,0
76.99,73711,49.5,0.105,0.508,0,8,565,1,0,0
75.29,74776,3.83,0.123,0.669,0,5,257,1,0,0
86.44,20778,56.74,0.067,0.638,0,4,1135,0,1,0
26.41,31935,47.58,0.088,0.788,0,12,693,1,0,0
62.19,37436,19.54,0.147,0.617,0,8,523,1,0,0
26.07,42114,8.03,0.224,0.862,0,5,1114,1,0,0
13.38,22264,5.81,0.175,0.79,0,7,75,0,0,0
66.64,49827,16.79,0.193,0.818,0,13,56,0,0,0
100.19,11230,17.69,0.267,0.444,2,15,339,1,1,0
11.98,67775,26.38,0.064,0.628,0,11,514,1,0,0
11.8,25627,40.44,0.026,0.896,0,18,1959,1,0,0
27.99,16812,68.14,0.421,0.556,1,6,113,1,0,0
58.26,18515,39.78,0.131,0.589,0,6,2352,1,1,0
10.95,43244,59.93,0.281,0.862,2,5,5504,1,1,0
32.51,14484,17.3,0.057,0.554,0,12,127,1,1,0
16.91,3866,0.99,0.274,0.469,1,9,1398,1,0,0
47.5,850,1.33,0.161,0.625,0,11,71,1,0,0
14.32,25634,7.82,0.341,1.0,0,9,204,0,0,0
50.27,45999,23.8,0.056,0.521,0,6,599,1,0,0
23.89,34912,10.21,0.321,0.504,0,9,245,1,0,0
12.81,57187,4.54,0.188,1.0,0,9,1281,0,0,0
28.53,60648,47.51,0.301,0.816,1,7,867,1,0,0
5.75,6550,104.98,0.091,0.812,1,7,189,0,1,0
17.33,76300,0.42,0.487,0.445,0,11,1152,1,0,0
35.51,26357,2.34,0.113,0.474,0,6,1004,1,0,0
6.57,29597,17.3,0.084,0.78,0,12,313,1,0,0
3.47,57832,10.3,0.177,0.502,0,7,605,1,0,0
4.17,29445,38.1,0.493,0.898,0,11,645,1,1,0
78.39,5342,26.55,0.344,0.547,0,11,572,1,0,0
25.5,74130,1.77,0.124,0.879,0,11,860,1,0,0
17.71,15745,19.68,0.064,0.681,3,9,563,1,1,0
57.75,67052,10.26,0.094,0.648,0,7,289,1,0,0
104.54,56614,178.9,0.102,0.869,3,10,876,0,0,1
33.61,70621,16.12,0.024,1.0,0,12,586,0,0,0
27.68,3693,65.66,0.319,0.6,0,9,386,0,0,0
18.6,77969,0.77,0.12,0.902,1,5,242,0,0,0
34.31,26125,2.73,0.108,0.537,0,10,1080,1,0,0
50.33,12470,12.2,0.316,1.0,0,11,1642,1,0,0
23.38,44908,54.5,0.157,0.902,0,11,809,1,0,0
18.76,78482,19.66,0.347,0.739,0,8,586,0,0,0
20.61,995,43.45,0.192,0.631,1,10,707,1,0,0
4.31,2856,8.34,0.017,0.889,0,10,520,1,0,0
34.0,63123,2.96,0.03,0.627,1,7,746,1,0,0
10.31,39841,7.06,0.551,0.817,0,9,1825,1,0,0
44.87,41852,25.91,0.067,0.822,0,9,218,1,0,0
25.22,6179,51.28,0.102,0.929,0,9,896,1,0,0
29.49,27412,15.17,0.232,0.747,0,2,1258,1,1,0
47.48,25640,5.38,0.237,0.493,0,14,1727,1,0,0
12.92,27006,25.38,0.083,0.335,0,12,302,1,0,0
36.43,80469,5.48,0.238,0.546,0,6,1598,1,0,0
33.59,83237,21.12,0.198,0.979,0,7,1320,1,0,0
23.39,71617,2.7,0.235,0.896,0,6,294,1,0,0
12.9,45203,41.67,0.098,0.908,0,15,1299,1,0,0
43.65,4036,40.89,0.426,0.527,0,11,1018,1,0,0
47.6,70072,19.48,0.139,0.828,1,6,724,0,1,0
29.69,43229,0.97,0.182,0.571,1,10,454,1,0,0
11.52,41617,8.22,0.078,0.725,0,10,129,1,1,0
17.78,86123,3.72,0.229,0.533,1,13,40,0,1,0
25.84,70870,18.53,0.075,0.803,0,7,192,0,1,0
47.03,19585,2.68,0.084,0.61,0,14,3002,0,0,0
7.64,32681,50.95,0.41,0.89,0,12,508,1,0,0
17.27,8767,47.46,0.318,0.848,0,8,1083,1,0,0
19.65,41259,4.24,0.088,0.699,0,9,918,1,0,0
25.37,28082,29.68,0.056,0.452,0,5,1577,1,0,0
9.57,5481,29.81,0.242,0.687,2,12,2592,0,0,0
22.78,49375,12.64,0.331,0.761,0,11,542,0,1,0
21.15,6720,4.15,0.141,0.698,0,8,3699,0,0,0
11.82,40422,3.54,0.203,0.775,0,11,2765,1,0,0
24.67,69184,33.63,0.054,0.853,1,10,557,0,0,0
17.59,79221,6.22,0.045,0.609,0,5,1761,1,0,0
40.3,84661,23.12,0.222,0.845,0,17,80,1,0,0
13.35,23536,50.23,0.471,0.899,0,7,72,1,0,0
29.13,5227,22.48,0.066,0.831,0,4,1320,1,0,0
14.2,14758,91.21,0.323,0.964,1,14,31,1,1,0
16.78,71047,25.93,0.281,0.609,2,9,84,0,0,0
34.39,28270,9.44,0.218,0.475,0,8,428,0,0,0
32.71,84217,47.84,0.096,0.934,0,6,459,1,0,0
19.42,40161,9.31,0.27,0.76,0,8,202,0,0,0
21.86,27440,89.01,0.255,0.753,0,11,1946,0,0,0
8.47,44504,16.24,0.064,1.0,0,9,692,0,0,0
83.28,19718,76.57,0.167,0.518,0,8,349,1,0,0
46.99,83982,5.07,0.23,0.585,0,9,687,1,0,0
45.66,14676,0.29,0.106,0.998,0,11,498,0,0,0
7.57,25240,5.46,0.355,0.651,0,8,86,0,0,0
16.84,12837,2.59,0.129,0.59,0,7,536,1,0,0
20.75,75812,33.1,0.295,0.804,0,6,2683,1,0,0
5.78,36473,7.68,0.178,0.887,0,7,497,0,0,0
55.26,14095,25.5,0.266,0.684,0,7,122,1,0,0
86.76,72448,27.62,0.27,0.762,1,4,859,1,0,0
141.11,62638,29.14,0.089,0.796,2,12,293,0,0,0
11.74,435,44.69,0.468,0.842,1,10,871,1,0,0
29.78,43300,4.03,0.147,0.834,1,10,192,0,0,0
78.12,69932,1.29,0.182,0.812,0,8,624,1,1,0
22.13,16013,0.75,0.046,0.567,1,8,165,1,0,0
17.23,56248,2.74,0.03,0.716,1,6,694,1,1,0
6.09,83617,11.92,0.184,0.553,2,11,591,1,0,0
67.09,24478,85.57,0.249,0.928,0,6,858,0,0,0
26.7,46418,10.89,0.144,0.676,1,14,193,1,0,0
15.13,72658,15.08,0.037,0.769,1,11,5224,1,0,0
34.02,12203,42.1,0.073,0.731,1,5,321,1,0,0
30.64,74774,62.71,0.147,0.654,0,7,2470,0,0,0
31.02,59741,88.9,0.297,0.719,0,7,214,1,0,0
22.79,34186,43.78,0.123,0.537,0,9,33,1,0,0
99.27,14768,17.45,0.327,0.65,0,8,2372,1,0,0
24.36,11213,6.52,0.11,0.724,1,11,549,0,0,0
99.03,52200,22.81,0.34,0.842,0,11,85,1,1,0
42.58,73756,5.48,0.176,0.59,2,8,718,0,0,0
25.11,73179,82.52,0.433,0.396,2,10,998,1,1,1
24.76,77234,62.94,0.348,0.477,1,16,672,1,0,0
59.1,49792,16.58,0.08,0.951,0,9,1209,1,1,0
29.68,76932,17.74,0.191,0.557,0,4,165,0,1,0
12.86,45170,23.49,0.236,0.499,2,6,34,1,1,0
12.52,23585,15.01,0.117,0.637,1,13,619,0,0,0
38.02,29773,14.69,0.388,0.86,0,16,1109,0,0,0
13.12,72023,61.67,0.183,0.427,1,6,71,0,0,0
25.8,70311,42.39,0.292,0.647,0,6,393,0,0,0
63.16,61520,5.98,0.221,0.789,0,12,107,0,0,0
34.58,1985,8.62,0.08,0.678,0,11,741,1,1,0
15.22,70352,27.02,0.057,0.692,0,5,2364,0,0,0
83.76,77759,21.16,0.06,0.837,0,8,1252,1,0,0
42.03,53319,36.33,0.214,0.908,0,7,109,1,0,0
43.21,83949,147.42,0.392,0.468,2,4,91,1,1,1
4.42,7205,30.82,0.158,0.812,1,11,723,0,0,0
35.33,25049,53.05,0.191,0.86,0,6,137,0,0,0
53.18,59431,36.37,0.303,0.533,0,10,1291,1,1,0
105.66,36012,6.95,0.237,0.731,0,5,324,1,0,0
8.41,84391,51.56,0.006,0.447,0,9,846,1,0,0
71.16,81094,10.22,0.084,1.0,0,10,666,0,0,0
101.04,56183,60.45,0.12,0.919,0,7,575,1,0,0
5.4,83165,43.47,0.022,0.657,0,9,236,0,0,0
39.76,7769,1.92,0.24,0.801,0,9,461,1,0,0
44.44,8989,36.88,0.139,0.272,0,9,1876,1,0,0
20.87,61090,17.33,0.189,1.0,0,9,140,1,0,0
18.32,13739,94.43,0.272,0.626,0,14,1264,0,0,0
46.26,21951,15.33,0.082,0.864,0,7,542,1,0,0
16.58,78468,1.73,0.318,0.544,0,6,1032,0,1,0
22.79,56471,8.67,0.375,1.0,0,11,277,1,0,0
51.93,53047,14.06,0.118,0.769,0,11,244,1,0,0
110.3,42028,22.41,0.397,0.344,0,14,1847,1,0,0
41.7,56315,4.12,0.565,0.816,0,9,119,1,0,0
30.17,74051,18.09,0.271,0.757,0,10,929,1,0,0
17.94,22939,16.52,0.159,0.567,1,9,111,0,0,0
12.08,70874,45.3,0.148,0.865,2,11,162,1,0,0
65.87,51819,9.0,0.16,0.696,1,7,867,0,1,0
23.98,43054,14.92,0.081,0.887,0,6,285,1,1,0
68.07,8836,12.3,0.505,0.635,0,8,698,1,0,0
20.83,3844,25.01,0.127,0.695,0,5,1414,0,0,0
16.13,9903,45.23,0.078,0.746,0,10,1360,1,0,0
37.96,43640,28.15,0.225,0.818,0,11,46,1,0,0
25.5,8494,15.64,0.281,0.712,0,9,1370,1,1,0
10.34,36029,25.39,0.108,0.889,0,5,399,0,0,0
116.04,79770,9.72,0.323,0.445,0,9,2404,0,0,0
16.42,62211,3.89,0.18,1.0,1,13,149,1,1,0
56.94,20144,9.63,0.241,0.914,0,11,3489,1,0,0
53.17,23386,14.66,0.127,0.901,0,7,1186,1,0,0
9.9,335,14.46,0.065,0.772,0,11,1246,0,0,0
12.16,83798,33.45,0.322,0.617,0,8,241,0,0,0
21.3,27867,68.86,0.347,0.898,0,9,1405,1,1,0
13.56,34620,12.31,0.11,0.854,0,9,755,1,0,0
107.9,4755,2.26,0.434,0.671,1,6,241,0,0,0
23.1,38006,0.85,0.281,0.722,0,9,304,1,1,0
55.25,7788,0.1,0.569,0.717,0,9,61,0,0,0
40.89,29575,69.56,0.109,0.587,0,7,3696,1,0,0
33.49,84049,135.84,0.112,0.854,0,9,1466,1,0,0
18.51,70668,16.87,0.334,0.567,2,6,323,1,1,1
72.94,50120,11.09,0.335,0.821,0,13,268,0,0,0
14.01,26532,27.67,0.124,0.783,0,10,781,0,0,0
107.89,18909,4.93,0.226,0.434,0,10,1852,1,0,0
9.68,84266,22.56,0.143,0.955,0,10,1017,0,1,0
50.66,749,42.0,0.231,1.0,0,8,1098,1,0,0
8.81,10935,48.81,0.119,0.61,0,7,744,0,0,0
21.06,16049,30.64,0.057,0.74,0,7,2699,0,0,0
29.21,2915,2.13,0.168,1.0,0,10,371,0,1,0
18.37,5956,10.71,0.662,0.841,0,10,3336,1,1,0
23.45,61409,85.54,0.42,0.424,1,9,57,0,0,0
8.94,85264,5.35,0.393,0.701,0,12,1284,0,1,0
12.31,7579,15.13,0.149,0.678,0,11,878,1,0,0
40.39,8227,10.17,0.466,0.599,0,10,2902,1,0,0
27.76,78245,5.75,0.093,0.712,2,6,1678,1,0,0
15.6,19933,9.77,0.052,0.871,0,9,38,1,1,0
78.21,55877,5.25,0.301,0.588,0,6,1046,1,0,0
10.22,17817,52.44,0.209,0.937,0,10,1671,0,0,0
20.3,29134,4.79,0.36,0.937,0,14,1583,1,0,0
18.09,80,24.42,0.143,0.688,1,9,1345,1,0,0
44.35,42462,71.32,0.314,0.585,0,14,4857,0,0,0
28.18,78243,76.25,0.086,0.985,1,22,115,1,0,0
24.87,52663,22.93,0.372,0.394,0,10,77,0,0,0
6.2,55330,7.9,0.093,0.935,0,12,1095,1,0,0
54.16,84862,7.12,0.263,0.876,0,9,3621,1,1,0
22.78,24759,34.41,0.251,0.954,0,11,298,0,0,0
29.74,25747,98.7,0.153,0.284,0,10,228,0,1,0
14.9,50439,2.02,0.122,0.764,0,13,706,1,0,0
13.14,36328,38.95,0.172,0.589,0,6,85,1,0,0
89.97,7793,3.28,0.253,0.776,0,3,602,0,0,0
6.56,75610,8.85,0.515,0.802,0,8,394,1,0,0
11.67,49433,20.9,0.131,1.0,2,4,1299,0,0,0
88.62,70246,8.82,0.289,0.541,0,10,387,1,1,0
45.27,40541,26.26,0.4,0.624,0,8,93,0,0,0
20.9,16700,13.5,0.209,0.543,0,13,267,0,0,0
73.5,19347,6.18,0.266,0.844,0,16,308,1,0,0
38.76,21983,18.93,0.363,1.0,0,10,647,1,0,0
32.66,82596,0.61,0.083,0.762,0,7,1590,1,0,0
32.47,76018,33.78,0.079,0.684,0,11,696,1,0,0
39.34,67508,18.47,0.09,0.997,1,11,872,1,0,0
40.63,11140,73.3,0.397,0.882,0,7,1347,1,1,0
157.08,73303,2.71,0.217,0.316,0,6,88,1,0,0
23.2,86142,32.95,0.197,0.904,0,10,2884,1,0,0
23.78,37482,8.95,0.25,0.68,0,7,1394,1,0,0
10.08,60717,11.68,0.149,0.534,0,11,663,1,0,0
26.01,73197,10.71,0.381,1.0,1,11,591,1,1,0
120.34,7143,11.08,0.083,0.578,0,9,332,1,1,0
59.6,77700,14.09,0.143,0.569,0,4,478,0,0,0
17.55,47356,0.53,0.38,0.516,0,7,196,1,0,0
27.77,72917,46.89,0.164,0.552,0,7,1249,0,0,0
9.61,31018,53.38,0.097,0.608,0,4,57,1,0,0
12.49,683,1.01,0.381,0.775,0,7,30,0,0,0
30.56,34743,37.4,0.345,0.607,1,16,2203,1,0,0
18.25,65839,1.88,0.371,0.704,0,10,1055,0,0,0
11.76,12189,41.23,0.182,0.654,0,7,2591,0,0,0
40.12,51104,23.73,0.05,0.764,0,10,1333,1,0,0
25.39,74988,9.14,0.073,0.905,1,5,565,0,0,0
7.74,72933,23.79,0.086,0.658,1,12,39,0,0,0
5.15,50182,17.66,0.162,0.759,0,10,565,0,1,0
17.18,5826,25.25,0.188,0.667,1,9,690,0,0,0
7.61,53503,16.13,0.211,0.938,0,8,32,0,0,0
6.08,9386,37.06,0.58,0.527,0,8,761,1,0,0
66.9,44319,1.16,0.074,1.0,0,10,844,1,0,0
25.07,73961,10.55,0.041,0.548,0,7,252,1,0,0
21.93,11112,20.48,0.359,1.0,0,8,2240,1,0,0
23.32,34486,22.18,0.047,0.637,1,10,1176,1,0,0
10.91,66028,4.64,0.191,0.653,0,7,290,1,0,0
158.77,77010,311.66,0.455,0.435,1,15,75,1,1,1
24.42,73565,0.53,0.052,0.613,0,5,406,1,0,0
14.79,56686,13.32,0.342,0.56,0,8,115,1,1,0
16.67,45284,10.03,0.066,0.82,0,9,1381,1,0,0
10.16,5886,20.97,0.085,0.546,1,10,643,0,0,0
19.59,14412,14.92,0.154,0.356,0,6,2466,0,0,0
22.38,73992,12.52,0.254,0.556,0,4,2850,0,0,0
19.19,60919,46.34,0.254,0.801,0,13,1629,1,0,0
28.34,29415,24.29,0.145,0.936,0,11,287,1,1,0
25.46,18056,25.97,0.262,1.0,0,12,616,1,0,0
32.61,85567,12.02,0.169,0.838,0,10,1443,1,0,0
35.52,22772,178.51,0.466,0.555,3,10,295,0,0,1
43.57,41388,4.12,0.352,0.97,0,8,361,1,1,0
58.19,52314,12.85,0.283,0.495,1,8,519,0,0,0
13.76,80316,1.21,0.09,0.903,1,10,411,1,0,0
18.05,74181,3.07,0.169,0.767,0,6,836,0,0,0
45.74,24924,2.13,0.199,1.0,0,12,1469,1,0,0
46.39,48221,14.56,0.08,0.628,1,7,2049,1,0,0
15.75,41381,29.88,0.207,0.954,1,9,143,1,0,0
44.22,45741,9.37,0.172,1.0,0,12,783,1,1,0
12.75,81019,0.67,0.056,0.781,1,9,3009,1,0,0
39.84,16965,30.71,0.058,0.985,0,6,918,1,0,0
26.55,35430,5.81,0.171,0.577,0,12,127,0,1,0
8.96,31807,32.06,0.284,0.803,2,8,956,1,0,0
19.16,15966,0.18,0.164,1.0,1,9,1332,1,0,0
155.37,4258,9.36,0.259,0.952,0,11,1338,1,0,0
31.89,6923,24.27,0.184,0.734,1,10,951,1,0,0
170.78,25605,51.23,0.108,0.417,0,9,519,1,0,0
8.54,34092,35.07,0.008,0.467,0,9,1352,1,1,0
49.43,32868,14.93,0.109,0.5,0,11,1578,1,0,0
3.57,16799,31.69,0.21,0.733,0,7,2967,1,1,0
27.11,75111,19.28,0.201,0.689,0,8,757,0,0,0
44.92,46210,41.97,0.057,0.656,0,6,1135,1,1,0
53.0,15230,36.97,0.259,0.719,0,8,978,0,0,0
14.3,18130,93.09,0.149,0.616,1,8,2273,1,0,0
62.26,20875,2.77,0.171,0.728,0,6,262,0,0,0
17.69,62908,10.41,0.28,0.471,1,13,1408,0,0,0
23.78,80163,5.34,0.014,0.846,0,11,620,1,0,0
19.17,24041,24.91,0.325,1.0,0,8,1532,0,0,0
22.53,4443,14.32,0.553,0.0,1,6,375,1,1,1
95.18,9480,5.7,0.21,1.0,0,5,569,0,0,0
28.17,54012,13.69,0.309,1.0,0,7,1321,1,0,0
64.71,61483,23.04,0.095,0.585,1,10,96,0,0,0
62.54,4170,26.89,0.167,0.624,0,6,2448,0,0,0
12.5,32805,2.71,0.171,0.595,0,6,198,1,1,0
71.73,41725,63.48,0.128,1.0,1,10,2267,1,0,0
40.56,44837,0.87,0.422,0.943,0,13,180,1,1,0
11.79,43424,90.24,0.106,0.775,0,6,405,0,0,0
38.83,4806,9.51,0.309,0.667,0,12,241,1,0,0
11.96,37611,9.51,0.163,0.306,0,9,419,1,1,0
98.02,16662,14.77,0.093,0.783,0,8,3758,0,0,0
51.99,49605,29.68,0.02,0.799,0,7,1343,0,1,0
25.61,46128,4.35,0.112,0.65,0,6,2230,0,0,0
74.58,20848,7.36,0.258,0.619,0,8,1164,1,0,0
7.65,49452,81.47,0.06,0.841,0,9,543,1,0,0
14.89,6042,52.36,0.203,0.678,0,7,364,1,0,0
22.16,70602,5.97,0.389,0.666,0,10,251,1,0,0
29.26,66864,391.37,0.413,0.48,2,8,1536,1,1,1
11.51,71929,5.69,0.112,0.84,0,9,146,1,0,0
6.92,59323,19.97,0.33,0.82,0,10,413,1,0,0
8.54,79297,11.38,0.183,0.751,0,8,357,1,0,0
55.98,14182,11.25,0.308,0.879,0,14,946,0,0,0
16.85,14394,25.2,0.461,0.539,1,5,2563,1,0,0
23.87,56540,7.25,0.254,0.759,0,4,472,0,0,0
49.91,13883,12.95,0.069,1.0,0,12,512,1,0,0
23.89,17941,64.84,0.118,0.393,0,5,2542,1,0,0
31.92,22360,35.2,0.244,0.788,0,5,1304,0,0,0
41.6,56681,12.08,0.173,0.668,0,4,784,0,0,0
19.21,64048,6.54,0.132,0.728,0,14,960,0,0,0
23.73,56271,26.9,0.261,0.899,0,8,707,1,0,0
32.9,8720,41.22,0.051,0.73,0,7,1354,1,0,0
54.3,74225,49.29,0.216,0.888,0,7,167,1,0,0
14.38,39550,20.77,0.199,0.626,1,6,530,1,0,0
2.42,72682,18.18,0.415,0.677,1,6,2127,0,0,0
46.7,7914,31.79,0.32,0.719,0,8,65,1,1,0
56.95,62953,4.83,0.441,0.876,0,6,80,1,0,0
31.82,84765,47.79,0.213,0.406,1,7,2133,1,0,0
33.6,51277,1.92,0.18,0.713,0,8,379,1,0,0
17.26,72877,23.1,0.124,0.844,0,6,149,1,0,0
40.45,65129,22.27,0.273,1.0,2,8,1833,1,0,0
53.65,15391,9.3,0.228,0.579,0,6,2417,0,0,0
28.37,29285,0.9,0.119,0.519,0,12,57,0,0,0
198.94,36106,31.63,0.07,0.706,2,6,137,1,0,0
7.76,57588,0.61,0.106,0.76,0,13,1549,1,0,0
30.89,66405,4.95,0.034,0.756,1,7,157,1,0,0
10.6,72320,19.64,0.199,0.648,2,8,1902,1,0,0
54.81,86029,70.33,0.25,0.466,0,4,213,1,0,0
7.65,7042,1.71,0.22,0.708,0,12,1590,1,0,0
9.33,66221,21.62,0.195,0.882,0,12,462,1,0,0
16.34,81293,9.97,0.076,0.857,0,12,3095,0,0,0
33.54,51126,27.67,0.245,0.463,0,9,437,0,0,0
16.84,56746,76.39,0.335,0.49,0,11,141,0,0,0
16.97,75112,7.82,0.34,0.726,0,11,3841,0,0,0
23.46,86058,78.05,0.066,0.807,0,8,920,1,0,0
22.34,31340,51.13,0.03,0.906,0,8,48,0,1,0
89.12,23793,23.35,0.237,0.893,0,10,922,1,0,0
46.93,60470,35.49,0.127,0.503,0,13,1131,0,0,0
20.91,16950,50.04,0.028,1.0,0,6,122,0,0,0
145.13,28493,40.67,0.31,0.742,0,9,54,0,1,0
40.18,75193,9.89,0.129,0.74,1,6,370,1,0,0
12.49,77930,41.86,0.106,1.0,1,8,296,1,0,0
33.29,60914,9.4,0.229,1.0,0,4,834,0,1,0
41.61,35233,50.45,0.123,0.612,0,3,1223,1,0,0
15.64,31039,7.37,0.072,0.649,0,5,1297,0,0,0
11.68,4348,21.23,0.028,1.0,0,7,5838,0,1,0
29.05,3926,29.52,0.118,0.803,0,9,972,1,0,0
20.32,23943,13.87,0.225,0.678,0,8,631,0,0,0
88.53,77241,38.19,0.207,0.642,0,6,1023,1,0,0
49.05,69546,64.88,0.313,0.942,1,6,251,0,0,0
16.24,1400,5.15,0.295,0.691,1,7,337,0,0,0
38.12,82660,0.85,0.047,0.401,1,4,36,0,0,0
74.72,17086,24.62,0.009,0.966,0,14,134,1,0,0
8.89,6255,23.04,0.101,0.633,0,12,1456,1,0,0
11.96,37156,10.44,0.08,0.689,0,6,376,1,0,0
26.87,41915,38.48,0.368,0.572,0,7,2173,1,0,0
27.9,25449,43.74,0.077,0.456,0,7,1837,1,0,0
26.0,32765,10.09,0.089,0.692,1,10,555,1,0,0
21.14,72663,28.66,0.129,0.8,1,7,4225,1,0,0
20.89,60722,25.68,0.162,0.834,1,8,345,1,0,0
36.87,34588,10.49,0.324,0.688,0,9,625,1,0,0
121.42,24290,56.1,0.317,0.651,0,8,34,1,1,1
18.45,53896,10.63,0.177,1.0,0,10,269,1,1,0
56.59,31699,29.09,0.333,0.638,1,6,359,1,0,1
71.26,17763,7.38,0.39,0.317,0,13,650,0,1,1
78.52,62923,0.3,0.22,0.872,0,9,280,1,0,0
44.61,57622,2.4,0.063,0.587,0,10,407,1,0,0
135.15,4347,6.61,0.378,1.0,0,8,2702,1,0,0
21.5,25607,41.81,0.08,0.964,1,8,42,1,0,0
13.93,29257,14.59,0.282,0.902,1,11,559,1,0,0
17.8,83263,22.21,0.059,0.659,1,7,1843,1,0,0
12.15,21654,72.0,0.047,0.742,0,11,1572,1,0,0
29.89,82524,3.98,0.279,0.64,1,12,1344,0,0,0
34.46,22903,49.48,0.243,0.87,0,15,2091,0,0,0
31.84,10847,11.92,0.317,0.62,0,8,1455,1,0,0
26.84,47245,10.29,0.186,1.0,2,8,443,1,1,0
30.16,591,24.56,0.101,0.618,0,8,1162,1,0,0
108.75,24422,57.23,0.024,0.445,0,9,572,0,0,0
44.52,63215,10.71,0.167,0.969,0,7,1333,0,0,0
56.71,55315,35.83,0.108,0.929,0,7,1061,1,0,0
31.58,85874,0.49,0.123,0.767,1,11,861,1,0,0
7.44,47048,24.39,0.079,0.72,0,5,1348,1,1,0
6.35,39547,24.89,0.205,0.818,0,9,315,1,1,0
143.49,67812,20.3,0.164,0.883,0,8,532,0,0,0
17.72,27220,69.44,0.062,0.94,0,7,1549,1,0,0
16.55,61417,69.76,0.161,0.69,1,4,513,0,0,0
33.0,39844,10.47,0.225,1.0,2,6,2534,0,0,0
34.02,83996,79.8,0.202,0.503,0,5,100,0,1,1
46.59,47238,39.3,0.14,0.546,0,10,184,0,0,0
112.12,100,46.43,0.114,0.835,0,6,3253,1,0,0
90.07,8567,13.53,0.411,0.59,0,9,1915,1,0,0
14.17,74373,10.73,0.183,0.911,1,8,1548,1,0,0
58.85,65427,42.96,0.161,1.0,0,9,591,0,0,0
19.94,3382,11.82,0.168,0.921,1,7,330,0,0,0
24.29,60855,12.99,0.12,0.845,0,11,2287,1,0,0
30.9,22344,2.2,0.413,0.386,0,7,557,1,1,1
7.0,60872,19.57,0.67,0.914,0,10,465,0,0,0
26.44,55495,9.88,0.231,0.548,0,10,1218,0,0,0
12.62,53968,22.33,0.2,0.709,0,5,53,0,0,0
56.95,79447,14.86,0.013,0.468,0,10,411,1,1,0
21.65,51175,34.47,0.158,0.611,0,11,1880,1,0,0
34.7,72828,8.14,0.208,0.808,0,8,76,1,0,0
80.97,29142,4.72,0.048,0.773,0,13,1532,1,1,0
8.26,17429,30.35,0.102,0.806,0,5,251,1,0,0
15.18,18481,12.12,0.082,0.402,1,7,1659,1,0,0
31.33,53973,20.73,0.072,0.855,0,7,83,1,0,0
34.81,20250,70.78,0.446,1.0,0,11,222,0,0,0
65.55,26590,16.55,0.32,0.588,0,10,1065,1,0,0
54.26,64641,4.13,0.037,0.7,0,10,304,1,1,0
29.3,27974,13.91,0.009,0.492,0,8,286,1,0,0
34.56,82303,16.28,0.191,0.832,0,6,686,0,0,0
35.33,48906,36.31,0.417,1.0,0,9,32,1,0,0
8.37,30446,5.43,0.128,0.694,0,7,860,1,1,0
23.92,2585,10.65,0.373,0.853,0,6,2139,1,0,0
33.08,82622,1.28,0.443,0.794,0,5,691,0,0,0
39.13,2096,30.26,0.06,0.847,0,11,2021,1,1,0
12.94,33086,34.06,0.051,0.584,0,7,1473,1,0,0
9.83,40980,15.27,0.12,0.676,0,13,2180,1,1,0
22.47,69640,19.32,0.076,0.572,0,7,42,0,0,0
130.83,50612,34.64,0.29,0.617,1,10,576,0,1,0
14.08,27122,7.81,0.115,0.753,0,7,905,0,0,0
69.35,51063,23.35,0.102,0.91,1,12,1787,0,0,0
96.33,3126,83.05,0.376,0.662,0,8,665,1,0,0
28.12,28968,26.82,0.053,0.786,0,15,1098,1,0,0
15.74,43525,2.03,0.392,0.868,0,11,1476,1,0,0
40.86,39680,8.57,0.466,0.751,1,7,186,1,1,0
31.69,32606,18.3,0.113,0.957,1,7,1179,1,0,0
13.64,23428,1.89,0.277,0.766,0,11,1700,0,0,0
16.01,38116,28.22,0.066,0.488,0,4,468,1,0,0
38.97,1270,26.55,0.111,0.921,0,8,638,1,0,0
57.21,33049,52.25,0.268,0.594,1,7,783,1,0,0
20.94,27392,17.33,0.098,0.945,1,11,660,0,0,0
25.65,78080,29.45,0.361,0.944,1,11,31,0,0,0
46.29,1829,5.02,0.245,0.62,0,9,366,0,0,0
23.62,81874,0.07,0.104,1.0,0,9,179,0,0,0
21.34,36507,4.73,0.233,1.0,0,9,2807,1,0,0
14.82,6276,1.61,0.199,0.453,0,10,446,0,0,0
14.61,52116,13.95,0.332,0.664,0,6,1047,0,0,0
229.32,22000,15.79,0.414,0.723,0,11,747,0,0,0
23.17,40531,25.85,0.048,0.726,0,9,2256,0,1,0
80.81,80773,3.79,0.289,0.996,1,11,295,0,0,0
104.29,16284,6.04,0.065,0.522,0,6,791,1,0,0
23.41,60268,40.03,0.183,0.718,0,6,222,1,0,0
36.41,2919,21.48,0.177,1.0,0,8,150,1,0,0
29.43,11196,0.75,0.195,0.726,0,8,658,0,1,0
7.47,50722,47.16,0.107,0.916,0,7,192,1,0,0
7.83,26872,24.84,0.168,0.49,1,4,4606,1,0,0
28.19,30538,5.16,0.291,1.0,0,9,770,1,0,0
19.3,71292,7.26,0.342,1.0,0,10,99,1,0,0
123.13,6707,20.16,0.282,0.755,0,7,1783,1,0,0
22.44,78132,20.57,0.013,0.684,0,12,565,0,0,0
129.12,19959,40.89,0.435,0.816,0,7,3192,1,0,0
18.52,51980,11.1,0.183,0.695,1,7,2712,1,0,0
125.18,18958,19.92,0.247,0.901,0,7,630,0,0,0
40.66,68918,21.84,0.09,0.669,2,7,932,1,0,0
42.55,69300,20.45,0.041,0.541,0,14,377,0,0,0
18.0,43207,1.89,0.121,0.888,0,10,1029,1,0,0
43.01,15150,13.24,0.06,0.587,1,14,517,0,0,0
105.02,3424,10.35,0.249,0.767,1,5,1127,0,0,0
24.15,50250,123.26,0.116,1.0,0,12,412,1,0,0
20.67,14271,15.67,0.11,0.535,0,8,490,1,0,0
22.26,76531,14.28,0.057,0.519,0,4,382,0,0,0
99.1,13582,16.53,0.256,0.729,1,5,2285,0,0,0
53.75,78868,62.92,0.027,0.752,0,10,902,1,1,0
86.33,44067,23.63,0.192,0.87,0,9,88,0,0,0
34.84,65733,12.32,0.336,1.0,0,7,345,1,0,0
27.98,68224,60.93,0.174,0.494,1,8,437,1,0,0
38.06,7098,66.43,0.269,0.758,0,9,235,1,0,0
63.82,22513,7.67,0.013,0.46,0,12,916,1,0,0
22.25,9062,12.5,0.329,0.852,0,11,550,1,0,0
81.04,66045,84.87,0.119,0.643,1,6,72,0,0,0
36.33,77761,19.47,0.333,0.828,1,13,249,0,0,0
3.95,56249,14.13,0.249,0.838,0,7,238,1,0,0
54.97,83808,5.44,0.133,0.837,0,12,423,1,0,0
9.8,31346,12.13,0.477,0.734,1,8,1176,1,0,0
53.91,65381,24.94,0.376,0.419,0,8,164,1,0,0
55.77,37439,0.99,0.043,0.524,0,9,1031,1,0,0
35.3,5010,2.17,0.216,0.836,1,8,294,1,0,0
41.89,984,0.13,0.068,0.933,2,7,243,1,1,0
65.31,33563,6.18,0.068,0.448,0,8,906,1,0,0
18.24,66383,5.05,0.181,0.378,0,8,591,0,0,0
51.15,19377,47.56,0.068,1.0,1,12,1215,1,0,0
68.75,7627,5.12,0.146,0.788,1,11,1032,1,0,0
110.84,37225,27.06,0.303,0.473,0,7,2241,1,1,0
11.19,37339,3.15,0.252,0.53,1,11,87,1,0,0
37.59,12591,22.51,0.137,0.653,0,8,5887,1,0,0
12.56,26808,14.3,0.044,0.564,0,11,378,0,0,0
12.14,9629,13.13,0.089,0.61,0,9,1547,1,0,0
36.13,57745,48.55,0.291,0.822,0,15,427,1,0,0
28.85,19538,4.59,0.124,0.731,0,7,1054,0,0,0
67.76,62785,22.61,0.388,0.783,1,13,49,1,0,0
20.55,25482,43.13,0.152,0.84,0,15,315,1,0,0
24.36,86361,31.29,0.369,0.637,0,9,363,0,0,0
32.11,1095,102.38,0.265,1.0,0,8,2064,1,0,0
13.61,44482,0.05,0.004,0.848,0,9,211,1,0,0
15.2,34574,53.93,0.05,0.827,0,8,1890,0,0,0
66.21,47911,23.76,0.097,0.648,0,13,276,0,0,0
17.48,50828,0.06,0.178,0.85,0,9,561,1,1,0
69.82,73935,15.66,0.139,0.833,0,9,1270,1,0,0
114.27,75093,114.41,0.45,0.386,1,8,95,0,1,1
7.86,62496,5.04,0.218,0.89,0,5,1695,1,0,0
41.44,5501,28.37,0.07,0.837,0,10,3291,0,1,0
41.18,29660,3.76,0.091,0.797,0,4,515,1,0,0
222.79,43885,132.92,0.335,0.544,1,7,314,1,0,1
24.2,45217,21.01,0.228,0.543,1,7,1836,1,0,0
12.78,10255,0.86,0.144,0.987,0,10,92,1,1,0
79.6,56333,2.38,0.138,0.767,0,15,304,1,0,0
25.0,24821,49.85,0.112,0.569,1,7,447,1,0,0
13.37,62509,0.84,0.131,1.0,0,6,183,1,1,0
39.09,51754,8.86,0.193,0.77,0,18,57,0,0,0
14.97,81297,20.92,0.06,0.821,1,7,151,0,1,0
12.69,21551,6.0,0.166,0.687,0,5,2086,0,0,0
20.08,14015,6.35,0.142,0.872,0,9,343,1,0,0
15.92,85401,37.41,0.114,0.906,1,5,352,1,0,0
13.07,83397,8.6,0.205,0.65,0,7,1293,1,0,0
51.68,2497,0.98,0.106,0.574,0,6,63,1,0,0
24.75,62652,31.92,0.11,0.856,0,7,209,1,1,0
73.83,5850,77.18,0.464,0.555,0,8,605,1,0,0
13.69,67323,44.58,0.357,0.862,1,9,72,1,0,0
6.81,50964,19.88,0.171,0.769,1,10,621,1,0,0
30.54,84866,13.83,0.181,0.762,0,8,543,0,1,0
119.68,59668,64.81,0.411,0.519,0,8,80,0,0,0
41.46,81824,36.33,0.258,0.76,0,13,81,1,0,0
355.06,22755,21.14,0.034,0.692,1,13,403,1,1,0
35.36,7313,52.97,0.075,0.402,0,12,35,1,0,0
32.73,76524,23.01,0.275,0.622,0,9,645,1,0,0
4.83,28965,90.77,0.086,0.668,0,7,1139,1,0,0
38.18,19199,48.85,0.083,0.742,0,8,566,1,0,0
31.03,47384,19.99,0.176,0.715,1,6,1175,1,0,0
19.57,46222,64.05,0.087,0.562,0,10,490,0,0,0
24.3,976,10.48,0.154,0.411,0,10,1391,1,1,0
25.68,17133,30.18,0.146,0.636,0,12,1112,1,0,0
23.48,69091,4.7,0.123,1.0,1,15,1675,1,0,0
144.28,56732,56.43,0.092,1.0,0,13,276,1,0,0
20.15,21183,7.13,0.24,0.87,0,6,278,0,0,0
31.05,19399,74.41,0.308,0.692,1,17,963,1,0,0
19.63,11818,0.43,0.118,0.935,0,11,1420,1,0,0
50.74,41228,28.63,0.137,0.51,0,10,4573,1,0,0
31.23,68564,4.06,0.684,0.818,0,9,843,1,0,0
21.67,70775,36.83,0.081,0.696,0,15,860,0,0,0
5.81,83168,16.93,0.065,0.681,0,7,1304,1,0,0
32.94,76935,60.1,0.244,0.784,1,9,3579,1,0,0
21.16,58066,31.39,0.197,0.758,0,7,634,0,0,0
25.83,15369,36.55,0.075,0.514,0,9,58,1,0,0
10.53,16698,3.21,0.098,1.0,0,10,414,0,0,0
85.34,54148,2.54,0.014,0.759,0,11,811,0,0,0
53.81,46547,47.52,0.199,1.0,0,13,913,0,1,0
85.16,31635,6.4,0.132,0.656,0,8,2594,1,0,0
67.87,65115,50.42,0.114,1.0,0,7,1577,1,0,0
43.55,29316,3.84,0.413,0.794,0,7,35,1,0,0
10.87,32367,9.22,0.291,0.958,0,13,865,1,0,0
118.48,45250,66.04,0.242,0.634,1,7,2923,1,0,0
12.91,54685,45.77,0.161,0.573,0,20,533,1,0,0
21.87,36438,1.39,0.346,1.0,0,7,5073,0,0,0
47.73,57200,14.86,0.294,0.24,0,8,696,1,0,0
49.66,18293,60.16,0.347,0.576,0,10,341,0,0,0
42.85,12288,0.37,0.051,0.987,0,9,60,1,0,0
19.68,69999,2.84,0.038,0.927,1,13,737,0,0,0
16.68,72310,25.9,0.297,0.954,1,9,492,1,1,0
205.95,32509,2.77,0.254,0.744,0,9,861,1,0,0
26.27,11454,14.89,0.27,0.777,0,9,251,0,0,0
23.82,45855,17.72,0.123,0.818,0,9,692,1,0,0
15.32,19654,49.2,0.453,0.663,1,14,948,1,0,0
32.97,61674,78.89,0.119,0.666,0,6,1317,0,1,0
31.77,25829,17.95,0.131,0.75,2,12,761,1,0,0
26.76,60641,17.85,0.149,0.753,1,12,215,1,0,0
36.8,54738,32.44,0.294,0.767,0,10,44,1,0,0
111.14,8981,5.35,0.345,1.0,1,13,639,1,0,0
16.84,11259,70.7,0.19,0.656,0,9,181,1,0,0
28.06,36321,0.03,0.225,1.0,0,20,1414,1,0,0
16.15,41772,0.04,0.227,0.681,0,7,1536,1,0,0
34.32,30380,24.57,0.1,0.866,1,11,120,1,1,0
17.21,35348,10.44,0.125,0.733,1,13,1488,1,0,0
17.81,24549,12.69,0.326,0.594,0,12,101,0,0,0
8.43,33172,6.26,0.193,0.869,0,12,389,0,0,0
29.32,8144,13.1,0.053,0.722,0,13,6945,0,0,0
38.24,19228,44.0,0.511,0.694,0,8,807,1,0,0
120.11,67872,30.04,0.117,0.415,0,13,60,0,0,0
39.47,40614,2.49,0.258,0.668,0,11,189,0,0,0
18.92,14013,1.46,0.136,0.795,1,9,537,1,0,0
9.14,65625,17.64,0.133,0.846,0,9,121,1,0,0
10.21,29996,32.75,0.397,0.558,0,4,1145,1,0,0
9.62,30137,27.3,0.204,0.696,1,6,246,1,1,0
121.81,75345,49.9,0.152,0.65,0,9,340,1,1,0
16.83,30080,117.44,0.197,0.443,1,7,976,1,1,1
17.01,52746,23.27,0.206,0.674,0,9,543,0,1,0
12.58,75253,36.31,0.062,0.544,0,7,275,1,0,0
13.67,79096,69.45,0.095,0.614,0,3,728,1,0,0
16.65,28266,2.66,0.291,0.62,0,6,987,1,0,0
77.71,32688,6.85,0.296,0.889,0,9,2322,1,1,0
26.47,44122,10.95,0.187,0.627,0,8,1721,1,1,0
8.52,715,19.45,0.401,0.891,0,10,1866,0,0,0
172.15,15163,13.13,0.105,0.59,0,7,73,1,0,0
10.89,18825,49.35,0.096,0.875,1,5,2131,1,0,0
16.9,38036,75.16,0.328,0.564,0,11,345,0,0,0
77.33,51973,1.82,0.139,0.615,0,12,652,1,0,0
37.79,48805,30.07,0.04,0.731,0,9,65,1,0,0
18.62,24444,3.03,0.353,0.82,0,9,254,1,0,0
10.12,55303,57.06,0.179,0.918,0,6,903,0,0,0
12.51,23780,3.83,0.094,0.623,0,8,799,1,0,0
13.13,16033,119.23,0.339,0.878,0,5,258,1,0,0
27.27,77488,13.95,0.163,0.422,1,7,1876,1,1,0
31.59,19285,12.03,0.029,1.0,0,10,123,0,0,0
24.07,85512,22.06,0.252,0.523,0,5,136,1,0,0
26.28,24758,12.54,0.327,0.707,0,9,959,1,0,0
11.7,29610,6.69,0.319,0.602,0,8,123,1,0,0
34.28,39600,24.8,0.307,0.808,0,11,251,1,0,0
75.52,42582,32.58,0.12,0.608,0,6,838,1,0,0
23.8,64908,72.66,0.121,0.43,0,9,88,0,0,0
23.43,82005,13.15,0.319,0.554,1,10,79,1,1,0
28.97,9934,30.59,0.151,0.71,1,16,3094,1,0,0
66.32,47647,44.83,0.102,0.47,0,8,304,0,0,0
13.25,9132,44.5,0.226,0.861,1,5,418,0,0,0
86.55,17420,0.87,0.242,1.0,0,12,352,1,0,0
37.98,83320,10.99,0.135,1.0,1,7,543,0,0,0
27.74,36248,0.34,0.045,0.552,0,13,1932,0,0,0
71.56,53972,20.47,0.124,0.401,0,12,62,1,0,0
10.53,60355,50.08,0.245,0.574,0,8,1119,0,0,0
41.17,55310,42.17,0.23,0.803,1,6,496,1,0,0
38.25,66260,41.68,0.095,0.622,0,8,1114,0,0,0
12.83,32955,10.84,0.198,0.875,0,10,103,1,0,0
39.19,63348,1.19,0.253,0.548,1,5,80,1,1,0
34.01,53982,4.73,0.193,0.835,0,10,819,1,0,0
23.5,35540,27.77,0.061,0.667,2,10,661,1,0,0
54.07,52852,3.59,0.211,0.434,0,8,1544,0,0,0
17.16,19323,3.35,0.208,0.787,0,13,309,1,0,0
33.66,66674,10.91,0.133,0.984,0,11,1279,1,0,0
24.4,7211,2.48,0.248,0.585,0,12,1264,1,1,0
16.58,57547,10.0,0.32,0.71,0,10,42,0,0,0
40.54,47003,87.41,0.573,0.575,0,8,517,0,0,0
22.96,32148,0.5,0.155,0.883,0,11,94,0,0,0
8.34,24936,44.38,0.158,0.874,0,13,578,0,0,0
6.42,83768,126.37,0.166,0.7,0,10,405,1,0,0
50.97,60726,14.34,0.339,0.66,0,12,858,0,0,0
10.21,66141,71.64,0.118,0.869,0,8,1067,0,1,0
33.9,15424,7.57,0.182,0.707,0,8,222,0,0,0
28.33,16749,100.85,0.197,0.917,0,11,990,0,0,0
20.19,83148,49.43,0.268,0.734,0,5,1225,1,0,0
129.71,33666,54.0,0.173,0.875,1,10,53,0,0,0
31.3,28858,3.49,0.039,0.815,0,10,410,1,0,0
49.63,43731,51.02,0.303,0.702,0,9,1310,1,0,0
34.05,27640,71.11,0.168,0.34,0,6,194,0,0,0
25.36,21764,115.17,0.427,0.846,3,11,842,1,0,1
26.7,47937,2.4,0.124,0.465,0,8,1916,1,0,0
87.08,16473,2.21,0.219,0.99,0,8,35,1,0,0
64.75,50140,11.06,0.263,0.589,0,12,182,0,0,0
129.23,56209,30.51,0.283,0.762,0,7,1153,0,1,0
32.37,67976,0.31,0.209,0.461,0,6,403,1,0,0
13.44,13461,75.22,0.061,0.318,0,9,283,1,0,0
19.06,5563,18.63,0.249,0.609,0,6,1155,1,0,0
10.48,11403,11.09,0.312,0.902,0,4,176,0,0,0
50.08,82212,20.59,0.173,0.572,0,9,297,0,1,0
16.97,26065,31.45,0.282,0.795,1,11,511,1,0,0
2.35,48374,7.98,0.393,0.719,0,4,385,1,0,0
194.61,76897,8.6,0.6,0.788,0,8,199,0,1,0
64.96,86185,78.93,0.435,0.538,1,12,1029,0,0,1
17.09,5429,27.71,0.203,0.645,0,5,820,0,0,0
103.26,58793,30.64,0.167,0.842,0,8,2697,1,0,0
10.31,9282,9.79,0.347,0.78,0,11,625,1,0,0
67.31,55351,9.73,0.383,0.823,0,11,983,0,0,0
16.95,77357,16.69,0.162,0.669,0,6,1141,0,0,0
9.4,51767,19.52,0.14,0.674,0,5,1137,0,1,0
106.12,8342,26.2,0.331,0.87,0,15,1218,0,0,0
56.74,14653,24.04,0.213,1.0,0,8,513,0,0,0
56.6,64652,11.65,0.077,0.751,0,9,289,1,0,0
36.38,5434,8.81,0.268,0.55,0,2,1312,0,0,0
43.78,66519,9.2,0.183,0.696,0,8,878,0,0,0
10.12,67355,25.92,0.074,0.8,0,9,979,1,0,0
29.64,82896,14.19,0.026,0.836,0,7,184,1,1,0
12.9,6460,3.61,0.03,0.545,1,14,571,1,0,0
8.92,13916,0.15,0.222,0.618,0,13,477,1,1,0
37.67,84491,0.75,0.064,0.696,0,8,887,1,0,0
68.48,9378,50.53,0.199,1.0,0,7,91,1,1,0
19.95,68975,15.3,0.212,0.435,0,8,74,1,0,0
22.88,27140,26.78,0.047,0.881,1,14,780,0,0,0
10.91,56385,66.14,0.19,0.443,1,8,290,1,0,0
27.27,16213,3.37,0.43,0.716,0,8,874,0,0,0
49.8,38252,14.84,0.208,0.893,0,7,947,0,1,0
51.07,56689,19.36,0.269,0.529,1,14,94,1,0,0
41.94,28328,46.06,0.423,0.606,0,15,2056,1,0,0
16.53,45909,126.75,0.217,0.911,0,13,1289,0,0,0
16.12,63823,31.09,0.036,0.917,0,11,398,1,0,0
51.23,4953,25.67,0.245,0.731,0,10,298,1,0,0
51.91,70130,63.24,0.041,0.758,1,13,5297,1,0,0
23.63,8840,45.41,0.067,1.0,0,9,142,0,0,0
19.28,70482,50.07,0.256,1.0,1,5,347,0,0,0
68.98,74787,0.07,0.393,0.995,0,7,1206,1,0,0
20.33,66523,18.06,0.139,0.501,0,4,1080,0,0,0
49.24,84110,38.17,0.223,0.888,0,14,175,1,1,0
24.3,37391,5.01,0.284,0.729,0,6,1990,1,0,0
11.73,83705,34.8,0.19,0.849,0,10,310,1,0,0
98.48,9719,0.23,0.201,0.621,0,10,225,0,0,0
29.85,6149,21.4,0.109,0.489,0,5,303,1,0,0
15.35,55968,47.65,0.135,0.65,0,12,329,0,0,0
8.91,45279,14.11,0.093,0.986,1,8,535,1,0,0
9.66,1901,33.62,0.164,0.382,0,15,253,1,0,0
20.12,18787,18.9,0.349,0.897,1,7,1096,1,0,0
126.48,84905,26.05,0.223,0.821,1,11,991,1,0,0
16.98,70691,18.18,0.096,0.671,0,12,1328,1,0,0
86.31,25121,16.15,0.17,0.6,1,8,426,1,0,0
24.42,6017,46.07,0.229,0.761,0,13,764,0,0,0
10.54,12202,2.43,0.171,0.718,1,7,1017,0,0,0
18.57,75465,21.97,0.064,0.522,0,4,510,1,1,0
9.73,66616,3.05,0.268,0.823,1,5,2450,0,0,0
13.67,2021,20.68,0.19,0.526,0,17,434,0,0,0
13.35,56326,82.83,0.114,0.996,1,7,399,1,0,0
5.91,11379,1.47,0.125,0.905,1,6,42,1,0,0
90.94,770,13.7,0.143,0.607,0,5,166,1,0,0
32.1,9933,40.48,0.084,0.763,0,10,3538,1,1,0
15.66,28981,11.54,0.185,0.756,0,6,1274,1,1,0
32.38,12381,18.37,0.166,1.0,0,7,1707,1,0,0
13.9,7359,3.05,0.233,0.39,0,8,1734,1,0,0
3.2,56097,6.31,0.081,0.963,0,9,817,1,0,0
288.69,23830,28.99,0.259,0.62,0,16,1763,1,0,0
31.55,46134,44.09,0.294,0.821,1,10,228,1,0,0
16.92,45072,25.99,0.262,0.798,0,14,74,1,0,0
5.77,76861,45.34,0.392,0.736,0,10,107,0,0,0
8.2,10988,23.26,0.209,0.823,0,9,1597,0,0,0
101.86,34364,41.55,0.332,0.501,2,7,537,1,0,0
90.16,74283,101.7,0.253,0.439,0,7,2979,0,0,0
49.53,77692,2.16,0.266,0.655,0,10,1758,1,0,0
11.11,11763,16.33,0.302,0.889,0,9,592,1,1,0
90.74,37122,5.26,0.137,0.715,0,7,1830,0,1,0
38.85,82754,15.65,0.584,0.485,1,14,81,1,0,0
45.78,42607,17.31,0.421,0.638,0,12,2143,1,0,0
38.74,74594,24.32,0.243,0.656,0,6,141,0,0,0
8.12,82823,14.46,0.152,0.434,1,11,1377,1,1,0
10.4,27033,9.82,0.202,0.714,1,13,629,1,0,0
18.03,49294,1.1,0.167,0.687,1,7,175,1,0,0
45.37,85310,0.89,0.01,0.652,0,10,1491,1,0,0
8.99,60039,4.81,0.098,0.665,0,10,91,1,0,0
23.56,64457,14.9,0.12,0.804,0,16,341,1,0,0
20.3,2759,6.19,0.272,0.327,0,8,385,0,1,1
51.12,60693,5.29,0.21,0.598,0,8,1487,1,0,0
46.51,77617,43.2,0.248,0.684,0,7,544,1,0,0
12.08,73355,28.76,0.101,0.551,0,16,378,1,0,0
86.26,28309,10.51,0.116,0.68,0,5,599,1,0,0
10.69,75449,39.86,0.055,0.786,0,7,41,1,0,0
64.96,35921,113.31,0.031,0.819,0,13,363,1,0,0
17.46,22896,7.03,0.049,0.8,0,9,3045,1,0,0
30.91,8649,11.26,0.072,0.592,1,8,198,1,0,0
32.49,63506,123.69,0.189,0.92,1,9,821,0,0,0
31.76,58620,3.71,0.198,0.806,0,8,2401,1,0,0
46.51,73067,2.01,0.525,0.712,1,11,576,1,1,0
37.08,79504,18.4,0.615,0.758,1,12,806,1,0,0
50.75,39970,15.8,0.585,0.661,1,6,196,1,0,0
39.32,67144,2.04,0.203,0.866,1,5,94,1,0,0
9.86,36662,8.56,0.283,0.704,2,11,233,0,0,0
33.64,50248,13.57,0.181,0.674,0,7,1794,0,0,0
17.27,49778,43.18,0.271,0.558,0,7,599,1,0,0
11.16,32077,30.76,0.095,0.543,0,11,2975,0,0,0
21.5,53869,61.49,0.158,0.484,0,8,186,1,0,0
31.39,29863,10.11,0.258,0.785,0,6,1222,1,0,0
33.11,29399,9.25,0.197,0.852,1,9,455,1,0,0
63.11,85331,15.55,0.047,0.982,1,6,2164,0,0,0
77.16,67680,0.19,0.133,0.841,0,5,48,1,1,0
35.48,899,5.81,0.299,0.506,0,11,732,0,1,0
41.0,66233,5.94,0.204,0.879,0,6,276,1,0,0
29.26,43890,1.58,0.321,0.717,1,5,949,1,0,0
50.09,85975,15.18,0.1,0.804,0,7,970,1,0,0
40.03,39999,58.98,0.176,0.648,1,8,318,1,1,0
25.96,44577,0.1,0.084,0.899,0,11,2429,1,0,0
151.65,52592,24.75,0.075,0.841,0,16,1730,1,1,0
17.51,36184,52.87,0.21,0.472,0,9,1372,1,0,0
86.8,76778,2.84,0.125,0.691,1,8,1595,1,0,0
9.18,6594,62.3,0.318,0.577,1,7,492,1,0,0
110.62,46982,328.83,0.458,0.353,2,12,201,0,0,1
85.56,6377,6.04,0.146,0.752,0,7,97,0,0,0
5.9,63138,58.94,0.05,0.664,0,8,2183,0,0,0
30.3,17176,40.74,0.023,0.728,0,11,1995,0,0,0
48.05,26651,2.95,0.302,0.827,0,7,304,1,0,0
33.17,56900,44.39,0.189,0.961,1,11,1762,1,0,0
36.69,50074,19.53,0.061,0.641,0,8,1962,1,0,0
15.11,1481,114.76,0.638,0.081,0,8,402,1,1,1
11.3,56139,24.04,0.289,0.784,0,10,370,0,0,0
180.27,40273,12.43,0.281,0.517,0,12,727,1,0,0
18.12,8933,22.98,0.236,0.847,1,4,819,1,0,0
38.37,83953,25.28,0.088,0.659,0,13,73,1,0,0
16.16,57718,36.33,0.109,1.0,0,9,1356,0,0,0
4.39,5768,44.4,0.078,0.58,0,11,893,1,0,0
12.94,25199,27.21,0.411,0.667,0,5,2626,0,0,0
8.52,71978,114.26,0.357,0.525,0,7,69,0,0,0
64.93,74776,37.69,0.215,0.539,0,12,867,1,0,0
16.68,605,60.41,0.288,0.797,0,11,529,1,0,0
17.97,51265,9.62,0.236,1.0,0,7,1102,1,0,0
11.57,68112,9.5,0.089,0.571,1,6,66,1,0,0
29.23,5740,11.25,0.146,0.704,0,13,236,1,0,0
15.28,54662,14.48,0.212,0.826,0,10,128,1,0,0
59.97,49429,81.36,0.674,0.658,1,9,168,0,0,0
34.52,18441,1.91,0.512,0.814,1,8,681,1,0,0
59.88,68707,130.14,0.21,0.7,1,17,622,0,0,1
53.53,5306,4.39,0.086,0.659,1,10,532,1,1,0
27.29,81674,41.64,0.131,0.773,0,13,1088,0,1,0
27.58,6536,0.79,0.302,0.951,0,10,934,0,0,0
8.41,78672,15.18,0.375,0.678,0,9,897,1,0,0
25.61,48438,12.55,0.087,0.674,1,8,568,0,1,0
35.07,31812,2.42,0.115,0.764,0,11,38,1,0,0
78.8,28709,11.82,0.154,0.866,0,8,736,0,0,0
14.86,70721,41.39,0.278,0.894,0,14,480,1,0,0
293.73,62938,38.73,0.412,0.402,6,8,126,1,0,1
42.33,52717,102.62,0.158,0.921,0,7,135,1,0,0
8.04,20946,1.51,0.217,0.591,0,7,725,0,0,0
13.79,22591,8.53,0.123,0.652,0,6,105,1,1,0
84.5,84714,37.28,0.319,0.61,0,13,444,1,1,0
73.3,32408,11.06,0.597,0.658,0,8,776,1,0,0
27.51,9395,16.37,0.391,0.794,0,6,207,0,0,0
30.57,15013,5.17,0.105,0.982,0,8,276,0,0,0
10.68,6988,31.43,0.389,1.0,0,7,834,1,1,0
78.03,51164,4.95,0.407,0.602,0,9,415,1,0,0
12.3,59154,47.22,0.031,0.52,0,7,428,1,0,0
53.29,55394,19.39,0.328,0.671,0,10,2171,0,0,0
79.97,24879,19.86,0.28,0.853,0,11,74,1,0,0
28.18,17480,67.77,0.168,0.661,0,9,536,0,0,0
58.8,12220,37.07,0.379,1.0,0,8,1279,1,0,0
118.88,11810,33.98,0.256,0.335,0,8,2217,0,1,0
33.59,62386,48.81,0.281,0.781,0,6,602,1,1,0
23.56,33934,2.41,0.284,0.664,0,7,1678,1,0,0
25.7,37077,32.37,0.144,0.555,1,11,320,1,1,0
14.96,24268,6.64,0.175,0.79,0,7,841,1,1,0
14.7,38301,8.25,0.138,0.492,0,11,749,1,0,0
38.63,40852,0.38,0.318,0.892,1,6,674,1,1,0
23.78,5848,56.04,0.307,1.0,0,8,101,1,1,0
35.24,41304,33.59,0.182,1.0,1,12,873,1,0,0
8.23,2541,3.75,0.292,0.737,0,8,95,1,1,0
25.18,59266,9.93,0.258,0.81,0,6,769,0,0,0
61.81,33916,16.34,0.238,0.875,0,11,2768,0,0,0
11.08,46315,17.03,0.23,0.85,1,8,112,0,0,0
27.47,41616,22.64,0.071,0.789,0,6,1290,1,0,0
6.15,70248,15.98,0.133,0.989,0,7,983,1,1,0
9.54,80215,26.15,0.284,0.595,0,12,238,0,0,0
51.73,17159,53.83,0.54,0.762,0,5,1262,1,0,0
21.17,15880,12.69,0.236,0.567,1,9,4331,1,0,0
116.47,32270,52.33,0.394,1.0,0,9,1987,1,0,0
38.32,38975,6.2,0.245,0.67,0,12,264,0,0,0
41.45,10199,3.24,0.208,0.553,0,8,227,1,0,0
11.46,45557,6.84,0.291,0.64,0,5,2636,0,0,0
19.92,59003,5.79,0.188,0.593,0,11,96,1,0,0
15.09,39946,105.12,0.294,0.685,1,13,888,1,0,0
11.56,8798,11.99,0.267,0.731,0,8,1081,1,0,0
46.11,28279,26.35,0.239,0.35,1,11,2861,1,0,0
54.14,60716,29.77,0.093,0.766,0,9,184,1,0,0
37.31,41964,14.73,0.392,0.61,0,7,408,0,1,0
13.98,67148,6.33,0.247,0.28,0,4,366,0,0,0
35.32,43322,14.41,0.231,0.798,1,8,1795,1,0,0
5.87,59531,16.05,0.145,0.862,0,17,127,1,0,0
78.13,26196,76.98,0.066,0.781,0,12,672,1,0,0
9.6,69847,21.02,0.569,0.602,0,8,1368,0,0,0
11.06,86385,87.56,0.342,0.68,0,5,292,0,0,0
29.73,58315,21.49,0.036,0.592,0,8,91,1,0,0
31.92,64804,3.92,0.346,0.901,0,8,41,1,0,0
25.58,18672,12.13,0.292,0.578,0,13,105,1,1,0
11.16,26134,39.29,0.225,0.923,0,11,356,0,0,0
67.13,67904,13.69,0.169,1.0,0,12,246,0,0,0
7.04,84012,2.63,0.277,0.787,0,12,242,1,1,0
8.28,24137,2.53,0.167,0.893,0,11,716,1,0,0
24.89,12901,6.76,0.112,0.712,0,7,1728,1,0,0
9.86,73647,20.8,0.164,0.819,1,7,775,1,0,0
72.1,283,44.32,0.516,0.819,0,11,422,0,0,0
10.56,14208,19.07,0.232,0.817,0,7,410,0,0,0
94.22,42994,34.27,0.092,0.99,0,9,68,1,0,0
62.06,60999,25.93,0.064,1.0,0,17,236,0,0,0
72.82,46291,18.56,0.151,0.704,2,9,1001,1,1,0
122.69,41631,6.05,0.096,0.804,0,9,1492,0,0,0
28.93,84054,53.68,0.085,0.436,0,10,181,1,0,0
12.06,56326,8.06,0.404,0.639,1,8,86,1,0,0
24.97,67018,7.29,0.246,0.799,1,8,309,1,0,0
17.23,22710,7.45,0.236,0.72,0,12,582,1,0,0
15.37,39309,2.51,0.175,1.0,1,8,321,1,1,0
30.59,32781,17.26,0.161,0.704,1,6,2477,0,0,0
21.13,6243,9.92,0.14,0.959,0,7,105,0,0,0
14.85,49907,18.45,0.09,0.585,1,14,325,1,0,0
22.28,8360,15.09,0.389,0.881,1,10,126,0,0,0
42.06,15706,18.34,0.437,0.861,0,12,2193,0,0,0
58.27,70360,8.83,0.208,0.448,0,4,206,0,0,0
7.52,49391,42.2,0.145,0.672,0,11,1419,0,0,0
21.27,35055,19.1,0.161,1.0,0,7,552,0,0,0
24.21,15068,5.84,0.046,0.853,1,7,522,1,0,0
10.53,13877,58.02,0.445,0.968,0,13,643,1,0,0
24.64,16826,2.9,0.138,0.544,0,10,397,0,0,0
30.52,41684,33.05,0.177,0.578,0,7,740,1,0,0
41.06,17291,28.36,0.078,0.628,0,8,902,1,1,0
28.84,26993,1.89,0.305,0.926,0,8,429,1,0,0
13.4,58487,57.94,0.151,0.875,0,10,1169,1,0,0
135.59,24650,9.51,0.173,0.594,0,5,444,0,0,0
52.63,2470,33.76,0.198,0.776,0,10,2596,0,0,0
42.19,65605,8.11,0.226,0.962,0,10,483,1,0,0
60.57,15170,18.65,0.085,0.954,0,7,80,1,0,0
372.14,39182,201.36,0.415,0.919,1,14,81,1,0,1
75.87,45025,23.59,0.106,0.849,0,6,106,1,0,0
28.37,57475,8.79,0.497,0.858,1,7,2007,0,0,0
27.15,12389,15.33,0.325,0.544,0,5,590,1,0,0
45.07,83048,28.18,0.362,0.651,0,8,1567,1,0,0
95.69,66133,14.73,0.086,1.0,1,8,871,0,0,0
90.89,38329,60.41,0.103,1.0,0,9,369,1,0,0
43.57,8863,50.52,0.133,0.732,0,9,1088,1,0,0
40.99,53882,3.97,0.281,0.649,0,10,2057,0,0,0
47.32,38873,38.42,0.11,0.553,0,10,2090,0,0,0
59.65,20099,71.36,0.079,1.0,0,14,42,0,0,0
76.63,85257,9.53,0.471,0.749,0,14,423,1,0,0
22.44,2899,6.8,0.025,0.92,0,8,65,1,0,0
77.82,51460,0.24,0.153,0.749,0,12,1139,0,0,0
35.67,31696,3.07,0.206,0.933,0,15,162,0,0,0
45.64,18847,81.05,0.128,0.538,2,8,562,1,0,0
81.9,44492,12.4,0.492,0.676,1,8,199,1,0,0
49.29,35516,12.25,0.113,0.84,0,16,145,1,0,0
56.42,38272,7.75,0.241,1.0,0,8,6185,0,1,0
166.94,76318,18.46,0.336,0.637,4,12,694,1,0,1
89.9,13586,17.77,0.176,0.736,0,12,213,0,0,0
47.3,11222,32.11,0.073,0.969,0,5,2157,0,0,0
29.99,56225,20.01,0.159,0.936,0,9,129,0,0,0
65.42,26287,0.9,0.367,0.774,0,6,1740,0,0,0
214.92,47919,40.67,0.257,0.61,0,7,4141,1,0,0
10.64,78267,67.06,0.331,1.0,2,7,65,1,0,0
14.25,57515,14.51,0.083,0.542,0,6,148,1,0,0
232.35,29601,11.41,0.322,0.986,0,12,707,0,0,0
38.14,19785,6.53,0.262,0.597,0,11,540,1,1,0
31.59,56907,8.98,0.233,0.679,0,11,3725,0,1,0
24.72,84336,25.85,0.151,0.638,0,8,491,1,0,0
71.29,80765,36.76,0.405,0.942,1,7,925,1,0,0
218.98,66257,10.09,0.02,0.847,0,9,2321,0,1,0
15.92,10520,10.38,0.114,0.697,0,7,273,0,0,0
25.09,32432,15.0,0.33,1.0,0,10,700,0,1,0
20.48,25654,4.66,0.23,0.624,0,7,3092,1,0,0
48.73,76693,65.5,0.259,0.443,0,12,486,1,0,0
72.09,11741,30.56,0.062,0.571,2,10,271,0,0,0
99.16,8604,14.21,0.322,0.724,1,8,444,0,1,0
50.07,3687,3.26,0.322,0.635,0,6,1047,1,0,0
203.46,33794,47.23,0.169,0.633,1,12,1595,1,1,0
17.12,19219,16.53,0.081,0.75,0,4,363,1,1,0
13.91,71331,39.85,0.218,0.432,1,13,570,0,0,0
87.84,33357,0.85,0.236,0.836,1,11,229,0,0,0
29.91,10769,7.99,0.039,0.692,1,9,1660,0,0,0
9.02,19552,24.33,0.47,0.843,0,6,548,1,0,0
21.06,51186,16.73,0.237,0.611,1,9,223,1,0,0
33.27,54337,8.74,0.186,0.811,0,5,1907,0,1,0
16.17,77796,5.61,0.214,0.97,0,12,1900,1,0,0
12.04,54302,8.98,0.343,0.881,1,12,1290,1,0,0
22.96,5077,33.9,0.042,0.447,0,7,627,1,0,0
11.57,17160,5.07,0.276,1.0,0,14,483,0,1,0
45.06,24723,22.52,0.115,0.792,0,8,1203,1,0,0
5.73,16019,13.78,0.248,0.643,0,6,662,1,0,0
29.15,41006,36.0,0.154,0.64,0,6,564,0,0,0
41.08,58611,5.63,0.106,0.78,2,8,1094,1,0,0
25.22,81152,7.87,0.134,0.606,0,15,1997,1,0,0
65.01,17885,12.72,0.323,0.744,0,8,246,1,0,0
9.06,58962,4.56,0.25,1.0,0,11,1812,1,1,0
15.47,67200,15.46,0.423,0.419,1,11,2319,0,1,0
20.82,6596,13.45,0.09,0.83,0,9,210,1,0,0
47.95,12232,115.34,0.242,0.948,0,12,1001,1,0,0
32.29,43963,22.53,0.127,0.723,0,9,484,0,0,0
150.61,18406,1.8,0.156,0.789,0,10,1455,0,0,0
14.23,73937,15.4,0.264,0.793,1,14,267,1,1,0
8.88,46104,52.7,0.266,0.865,0,8,1130,1,0,0
113.44,9379,50.39,0.308,0.805,0,11,337,0,1,0
8.63,24414,81.63,0.115,0.913,0,7,594,1,0,0
46.83,3053,56.16,0.188,0.876,0,9,242,1,0,0
12.39,45530,4.85,0.038,0.899,0,10,125,1,0,0
5.18,21238,0.09,0.127,0.78,0,10,62,1,1,0
20.09,19338,23.94,0.137,0.569,0,7,944,1,0,0
55.68,64009,30.3,0.374,0.487,0,8,773,1,0,0
10.2,8455,3.52,0.125,0.835,1,8,1415,0,1,0
42.99,42088,4.56,0.396,0.695,1,12,1186,1,0,0
49.91,85211,82.47,0.298,0.682,0,7,1826,1,0,0
9.8,57750,71.99,0.207,0.777,0,6,848,0,0,0
22.6,25805,4.27,0.139,0.629,0,12,698,0,1,0
95.74,46295,7.09,0.327,0.694,0,11,361,1,0,0
45.63,51263,55.67,0.242,0.933,0,11,505,0,0,0
21.99,56109,14.27,0.114,0.699,0,9,610,1,0,0
37.8,86053,40.0,0.391,0.652,0,6,2490,1,0,0
15.67,70391,12.6,0.208,0.733,0,9,595,1,1,0
66.09,21144,33.33,0.21,0.964,0,15,2227,1,0,0
66.06,47077,12.64,0.305,0.577,1,10,414,0,0,0
29.87,30037,57.36,0.123,1.0,0,12,944,0,0,0
32.61,21249,9.85,0.167,0.722,0,8,1663,1,0,0
12.19,73239,18.51,0.25,0.888,1,5,405,1,1,0
9.19,31076,18.44,0.216,0.859,1,4,152,1,0,0
20.06,70210,26.17,0.076,0.86,0,11,2521,0,0,0
25.28,52984,9.16,0.048,0.94,0,10,103,0,0,0
63.44,37098,25.73,0.214,0.606,0,6,596,0,0,0
56.71,51293,3.8,0.244,0.78,1,7,291,0,0,0
31.43,68444,56.02,0.124,0.814,0,6,581,1,0,0
70.28,60230,3.89,0.307,0.694,0,9,3207,0,0,0
12.75,6332,45.86,0.289,0.773,0,12,1377,0,0,0
64.19,46764,29.53,0.32,0.975,0,8,276,0,0,0
14.41,65501,10.43,0.286,0.638,1,10,829,1,0,0
73.09,20495,9.92,0.13,0.908,0,8,136,1,0,0
26.82,50550,84.57,0.199,0.738,0,7,1646,1,1,0
5.48,24939,5.42,0.106,0.703,0,10,293,1,0,0
48.62,58087,32.09,0.189,0.7,0,7,139,1,0,0
51.81,22701,5.07,0.045,0.609,0,6,792,1,0,0
18.82,84153,58.95,0.081,0.82,1,10,854,0,0,0
20.15,66005,33.86,0.247,0.364,0,9,658,1,0,0
23.86,71035,67.47,0.388,0.651,0,10,892,1,0,0
5.81,57181,52.82,0.305,0.754,0,5,183,0,0,0
4.09,60191,19.93,0.137,0.567,0,8,1273,0,1,0
76.81,29206,4.13,0.055,0.771,0,7,834,1,0,0
14.02,23056,6.26,0.228,0.803,0,9,137,1,0,0
119.61,43129,5.64,0.221,0.775,2,9,177,1,1,0
81.15,4323,6.23,0.068,0.749,0,15,3810,0,0,0
94.99,66524,16.18,0.154,0.761,0,2,99,0,0,0
16.12,50583,50.58,0.163,0.838,0,13,548,1,0,0
7.49,79754,0.58,0.23,1.0,0,7,817,1,0,0
11.36,12302,6.81,0.051,0.731,0,4,79,0,0,0
18.97,78426,22.71,0.141,0.514,0,20,577,1,1,0
4.06,45107,50.12,0.015,0.755,0,7,461,1,0,0
18.53,73019,8.83,0.015,0.875,0,7,143,1,0,0
23.07,19604,12.05,0.097,0.814,0,5,633,1,1,0
9.63,59799,11.69,0.256,0.987,0,11,278,1,0,0
11.79,3440,8.69,0.394,0.611,0,6,484,1,0,0
22.73,71268,30.0,0.137,0.746,0,10,512,1,0,0
36.05,84324,26.66,0.066,0.581,0,9,314,1,1,0
13.29,41659,46.33,0.244,0.94,0,9,1217,1,0,0
34.25,5152,62.4,0.189,0.778,0,10,879,1,0,0
30.25,29345,57.68,0.288,0.395,0,4,74,0,0,0
28.15,9501,19.42,0.275,0.596,0,6,45,1,0,0
16.09,82600,5.14,0.112,0.737,0,5,742,1,0,0
9.33,26284,6.28,0.419,0.404,0,11,649,1,0,0
30.98,21206,71.35,0.172,0.302,2,7,133,1,1,1
44.89,36668,62.65,0.278,0.467,0,6,1128,1,0,0
60.62,47870,18.9,0.283,0.761,0,10,2565,1,0,0
25.36,37132,68.62,0.162,0.813,0,10,3285,0,0,0
23.78,47099,7.6,0.033,0.578,0,10,748,1,0,0
40.15,83707,2.26,0.098,0.693,0,11,217,1,0,0
6.25,65416,39.78,0.304,0.946,0,10,1774,1,0,0
11.11,49869,52.88,0.011,0.617,0,15,806,1,0,0
14.32,3857,14.86,0.192,0.484,0,10,492,0,0,0
18.85,34955,2.7,0.482,0.604,0,10,1857,1,0,0
42.63,52904,71.2,0.331,0.0,1,8,947,1,0,1
35.38,77967,1.62,0.176,0.865,1,9,192,0,0,0
28.94,75997,14.46,0.141,0.956,0,10,887,1,0,0
82.62,780,6.69,0.255,0.4,1,8,2876,1,0,0
196.18,29563,15.49,0.403,0.869,0,11,626,1,0,0
9.87,16273,16.76,0.065,0.558,0,9,2514,0,0,0
30.5,17013,15.32,0.446,0.931,0,7,613,0,0,0
30.46,5664,24.18,0.369,0.793,0,6,895,1,0,0
26.81,23618,28.44,0.246,0.691,0,11,3003,1,0,0
11.38,16181,12.6,0.181,0.616,0,5,139,1,0,0
13.02,36080,10.28,0.093,0.362,1,7,232,0,0,0
32.86,76854,11.49,0.221,0.642,0,9,970,1,0,0
12.73,84350,1.82,0.217,0.677,0,14,425,1,0,0
30.8,55729,9.7,0.08,0.913,1,13,1781,1,0,0
22.27,44102,5.58,0.084,0.783,0,7,273,1,0,0
30.37,9821,8.59,0.057,0.719,0,6,898,0,0,0
12.65,50625,31.33,0.183,1.0,0,11,1751,0,0,0
30.75,16944,111.72,0.221,0.602,1,7,1072,1,0,0
439.78,64933,16.03,0.286,0.366,1,10,90,1,1,1
30.83,2695,43.1,0.316,1.0,1,8,748,1,1,0
79.16,62855,33.41,0.155,0.809,0,7,256,1,0,0
33.41,7910,72.48,0.102,0.741,0,12,110,0,0,0
35.08,76387,34.86,0.222,0.787,0,8,2370,1,0,0
52.13,14803,15.92,0.253,0.78,0,10,531,1,1,0
8.82,72996,22.99,0.183,0.607,1,9,141,0,1,0
107.25,76487,9.12,0.297,1.0,0,5,913,1,0,0
11.65,12408,0.08,0.231,0.912,0,8,47,1,1,0
54.8,60130,10.91,0.258,0.705,0,4,1126,0,0,0
49.28,34229,12.97,0.223,0.7,0,12,900,0,1,0
13.17,29460,33.02,0.295,0.78,0,6,617,1,0,0
60.77,29796,49.01,0.083,0.85,1,17,785,1,0,0
40.38,82814,82.19,0.121,0.921,0,9,161,1,0,0
122.98,41966,10.84,0.181,0.678,0,10,2866,1,0,0
31.65,70814,78.9,0.057,0.572,1,9,78,1,0,0
24.86,66053,40.16,0.34,0.762,0,10,70,0,0,0
17.96,6825,0.78,0.218,0.86,0,11,479,1,0,0
6.72,40822,22.61,0.402,0.834,0,4,1128,1,0,0
21.02,70835,11.38,0.037,0.657,1,4,113,1,0,0
21.74,47003,0.87,0.114,0.678,0,12,1019,1,0,0
33.44,20131,18.96,0.037,0.655,0,7,293,1,0,0
8.68,74367,21.98,0.112,0.798,0,12,858,1,0,0
22.39,66265,7.27,0.16,0.351,1,6,263,1,0,0
42.99,25008,70.29,0.032,0.907,0,4,228,0,0,0
46.54,20321,23.57,0.207,0.655,0,8,1035,1,0,0
43.58,2810,233.55,0.559,0.385,6,11,151,0,1,1
47.71,35705,31.94,0.097,0.791,0,5,423,0,0,0
22.26,36964,17.29,0.284,0.727,2,9,1217,1,0,0
23.38,39231,16.02,0.341,0.44,2,7,572,1,0,0
4.09,17505,44.97,0.347,0.675,0,5,484,1,0,0
89.56,13135,3.72,0.336,0.976,1,14,2019,0,0,0
31.23,80569,16.88,0.16,0.625,0,5,174,1,0,0
7.96,59222,37.94,0.06,0.773,0,6,174,0,0,0
36.6,29838,27.0,0.426,1.0,0,11,1721,0,0,0
35.72,19800,0.14,0.142,0.886,0,10,401,0,0,0
72.1,55132,38.71,0.174,0.994,1,4,1523,1,0,0
21.16,14691,72.36,0.107,0.829,0,12,780,0,0,0
27.37,9806,30.49,0.171,0.573,0,11,1498,0,0,0
16.21,31588,52.17,0.29,0.762,0,5,706,1,0,0
43.74,7522,11.19,0.355,0.816,0,13,607,1,0,0
14.49,61869,10.79,0.14,0.651,0,9,771,1,0,0
301.8,50214,14.18,0.426,0.955,2,12,195,1,0,1
25.68,40238,33.2,0.167,0.856,0,13,251,0,0,0
46.85,13597,11.68,0.199,0.531,3,8,118,1,0,1
97.68,70086,54.16,0.093,0.68,0,11,327,1,0,0
126.7,41478,4.07,0.039,0.815,0,16,519,1,0,0
18.86,52576,24.59,0.034,0.484,0,9,289,1,1,0
38.04,5934,130.29,0.414,0.322,3,8,851,0,0,1
35.49,65745,8.75,0.127,0.778,0,10,4681,1,0,0
18.44,80315,25.18,0.409,1.0,1,5,148,1,0,0
69.39,32943,59.28,0.042,0.597,0,10,1019,0,0,0
14.44,72790,57.45,0.099,0.692,1,8,3141,1,0,0
41.91,70392,9.7,0.43,0.698,0,15,673,1,0,0
29.7,85449,2.47,0.276,1.0,1,10,2058,1,0,0
15.78,8408,25.96,0.185,0.832,0,8,252,0,0,0
32.85,52062,73.42,0.146,0.741,0,4,1985,1,0,0
54.75,46486,17.73,0.242,0.766,0,9,555,0,1,0
29.06,49755,15.3,0.112,0.655,0,11,1463,1,0,0
29.31,46508,49.87,0.262,0.665,0,10,1740,1,0,0
13.49,44263,13.82,0.205,0.845,0,6,479,0,0,0
67.72,14022,28.56,0.241,0.991,1,9,742,1,0,0
62.53,56749,12.3,0.588,0.762,0,7,147,1,0,0
19.52,10663,11.84,0.182,1.0,1,9,2903,1,0,0
24.55,11662,5.2,0.148,0.725,0,10,565,0,0,0
84.05,80752,2.32,0.161,0.751,0,4,3693,0,1,0
10.95,68548,54.11,0.234,0.706,0,12,1134,1,0,0
43.97,59970,5.0,0.252,0.596,0,13,893,1,0,0
17.34,65720,1.61,0.228,0.741,0,9,408,1,0,0
112.44,25177,21.83,0.151,0.887,0,9,869,1,0,0
28.52,17693,19.74,0.263,0.587,0,8,1940,1,0,0
74.31,76494,20.97,0.344,1.0,0,9,291,1,1,0
14.75,17396,15.78,0.121,0.964,0,12,696,0,1,0
9.99,64243,3.83,0.118,0.956,0,14,312,1,0,0
22.48,26430,0.53,0.168,0.888,0,11,1448,1,1,0
33.45,6,1.19,0.252,0.671,0,9,299,0,0,0
18.02,4045,71.68,0.12,0.759,0,7,255,0,0,0
49.73,67159,18.97,0.333,0.977,0,9,550,1,0,0
22.92,80370,12.76,0.058,0.77,2,9,207,1,0,0
5.13,8254,13.23,0.153,0.542,1,9,1402,1,1,0
42.19,57784,26.4,0.322,0.796,0,10,328,1,0,0
13.38,17751,11.82,0.353,0.746,0,9,157,0,1,0
20.3,586,39.8,0.147,0.488,0,7,1044,1,0,0
93.93,80166,7.53,0.147,0.854,0,11,1206,1,0,0
111.97,63146,11.44,0.171,0.767,0,9,2477,0,0,0
17.11,74983,68.33,0.428,0.713,0,8,262,1,0,0
43.04,84407,7.54,0.201,0.46,0,9,203,1,0,0
17.43,43401,27.09,0.142,0.96,1,8,1889,1,1,0
21.55,48887,11.34,0.059,0.592,0,10,75,0,0,0
16.7,66272,15.93,0.222,1.0,0,8,279,1,0,0
6.82,15218,1.16,0.35,0.905,0,13,538,0,0,0
29.25,10651,4.58,0.591,0.995,1,14,646,1,0,0
34.14,44259,2.69,0.028,0.775,2,11,864,0,0,0
15.85,16697,46.56,0.172,0.811,0,10,3708,0,0,0
64.73,59717,81.55,0.07,0.695,1,11,382,0,0,0
19.13,59129,1.76,0.052,0.796,0,4,1658,1,0,0
16.28,66968,2.0,0.094,0.581,0,9,1555,0,0,0
41.31,78246,20.08,0.463,0.309,0,13,1095,1,0,0
7.89,62116,17.53,0.029,0.732,0,6,752,1,0,0
56.0,80481,26.29,0.058,0.445,0,3,130,0,0,0
19.65,16721,33.37,0.205,0.787,0,8,1815,1,0,0
59.83,69877,39.89,0.081,0.669,1,10,1010,0,1,0
75.98,56968,4.04,0.064,0.733,0,7,349,1,0,0
45.25,69835,0.96,0.095,0.666,0,12,4015,1,0,0
14.16,1216,54.99,0.385,0.939,0,7,1865,0,0,0
9.97,44870,15.85,0.298,0.599,0,12,37,1,0,0
8.61,19814,88.72,0.203,0.975,0,8,97,0,0,0
65.52,74463,19.02,0.309,0.784,0,11,119,0,0,0
24.34,44285,17.84,0.189,0.526,0,14,745,1,0,0
16.79,10523,24.39,0.116,0.651,0,9,603,1,0,0
24.39,30307,4.66,0.435,0.477,0,9,629,0,0,0
64.36,4668,7.33,0.149,0.502,0,9,1375,1,0,0
50.55,28199,59.06,0.119,0.651,0,11,825,1,0,0
38.51,82127,5.97,0.215,0.831,0,4,717,1,0,0
45.16,27046,6.63,0.212,1.0,0,9,398,1,1,0
31.32,37002,17.83,0.316,0.807,0,6,1394,1,0,0
34.53,63690,25.62,0.107,0.713,0,10,624,0,0,0
32.36,50341,0.02,0.128,0.627,0,14,496,0,0,0
27.11,16809,15.26,0.326,0.293,0,10,42,0,0,0
49.54,15806,12.73,0.108,0.614,0,13,1322,0,0,0
36.2,29832,50.18,0.159,0.739,2,7,844,0,0,0
13.4,5029,45.77,0.09,0.864,0,10,4496,0,0,0
41.39,5064,59.09,0.237,0.892,0,8,89,0,0,0
33.04,21241,46.14,0.183,0.64,1,12,1970,1,0,0
44.22,49382,38.63,0.135,0.891,0,7,356,1,0,0
24.94,33762,48.98,0.314,1.0,0,12,35,1,1,0
51.9,69575,4.8,0.093,1.0,0,10,462,1,0,0
25.81,38687,10.42,0.239,1.0,0,6,2154,1,0,0
48.38,58133,28.77,0.255,0.668,1,7,2761,0,1,0
18.82,62855,64.14,0.251,0.543,0,17,251,0,0,0
19.89,63340,27.48,0.21,0.525,0,13,2916,0,0,0
43.89,51777,5.83,0.114,0.843,0,13,2111,1,0,0
20.79,58380,72.36,0.333,1.0,0,14,356,1,0,0
238.76,83532,174.79,0.504,0.358,4,10,559,1,1,1
42.66,63511,31.52,0.644,0.674,0,6,345,1,0,0
27.66,72738,35.94,0.067,1.0,0,10,106,0,1,0
52.24,79821,26.91,0.061,0.831,0,8,1291,1,0,0
18.46,6041,0.56,0.084,0.84,0,14,64,0,0,0
56.74,33353,7.31,0.106,0.764,0,11,515,1,0,0
55.49,54757,78.42,0.141,0.879,0,4,139,0,0,0
73.91,421,8.51,0.398,0.658,0,12,983,1,0,0
19.06,42273,36.92,0.247,0.701,0,7,64,1,1,0
10.19,83233,13.81,0.305,0.774,0,8,385,0,0,0
16.64,62482,59.52,0.222,1.0,0,11,1148,1,0,0
21.64,20226,20.39,0.538,0.831,0,8,1283,1,1,0
102.9,13939,24.98,0.269,1.0,0,11,1712,1,0,0
156.96,40227,6.85,0.212,0.675,0,8,105,0,0,0
35.72,22905,1.48,0.088,0.804,0,8,290,0,0,0
27.32,66713,35.32,0.323,0.39,0,8,2861,1,0,0
20.49,75466,1.75,0.118,0.862,0,11,30,1,0,0
52.44,34434,31.99,0.329,0.295,0,12,192,1,0,0
156.16,6957,20.27,0.291,0.963,0,12,222,0,1,0
113.15,63425,42.87,0.108,0.944,0,6,1033,1,0,0
67.38,8706,5.76,0.053,0.662,0,10,469,0,1,0
66.6,36097,19.5,0.293,0.534,0,7,804,0,0,0
52.76,70997,23.81,0.253,0.592,0,11,146,0,0,0
26.11,70133,1.93,0.068,0.511,0,5,2004,1,0,0
15.04,61856,33.58,0.099,0.683,0,12,803,0,0,0
26.66,61539,12.32,0.052,0.729,0,3,150,0,0,0
38.01,25993,3.45,0.235,0.695,0,8,428,1,0,0
8.47,54126,12.24,0.217,0.967,0,6,454,1,0,0
23.99,54324,2.59,0.358,0.801,1,9,567,1,0,0
14.0,51166,54.73,0.045,0.881,0,8,1024,1,0,0
61.01,13906,15.26,0.148,0.74,0,6,137,0,0,0
17.47,39443,3.71,0.192,0.661,0,10,1570,0,0,0
35.25,27491,7.26,0.145,0.619,0,6,219,1,1,0
15.49,79213,32.24,0.352,0.544,0,9,233,1,1,0
97.34,62787,38.55,0.1,0.986,0,12,370,1,0,0
6.95,29535,1.05,0.173,0.629,0,11,1983,1,0,0
39.67,58162,1.54,0.199,0.764,0,10,5010,1,0,0
9.76,38450,62.28,0.143,0.898,0,8,1209,1,0,0
18.04,18677,10.05,0.211,0.72,1,13,876,1,1,0
31.97,75200,5.37,0.249,0.574,0,7,411,0,0,0
33.26,43161,3.28,0.043,0.675,1,11,166,1,0,0
32.57,41205,16.15,0.288,1.0,0,12,957,1,1,0
30.61,41774,36.86,0.105,0.876,0,12,403,1,0,0
16.22,52266,18.41,0.103,0.603,0,18,1047,0,0,0
23.78,69794,0.52,0.035,0.866,0,5,772,0,0,0
27.81,61905,16.54,0.041,0.888,0,11,136,1,0,0
31.7,9362,9.34,0.282,1.0,1,7,1149,1,0,0
25.72,14255,28.71,0.344,0.913,0,15,199,0,0,0
48.6,27138,18.53,0.164,0.853,0,10,780,0,0,0
29.22,51345,84.05,0.085,0.791,1,12,1218,1,0,0
31.85,11775,22.79,0.362,0.792,0,6,1215,1,0,0
19.96,23795,25.02,0.026,0.538,1,7,861,1,0,0
11.68,76071,18.36,0.16,0.472,0,9,1046,1,0,0
30.67,6950,9.31,0.255,0.743,0,8,372,0,0,0
71.23,26937,24.9,0.107,0.91,0,11,1228,1,0,0
38.67,68152,10.12,0.053,0.631,0,12,233,1,0,0
14.1,59868,31.59,0.076,0.6,0,11,778,0,0,0
52.03,59925,6.76,0.046,0.578,0,8,1004,1,0,0
20.74,11826,11.46,0.1,0.767,0,11,255,1,0,0
48.03,53721,21.91,0.369,0.573,0,3,846,1,0,0
20.19,70359,24.75,0.133,1.0,0,10,396,1,0,0
35.97,30161,27.61,0.063,0.603,0,3,701,0,0,0
17.91,16366,30.13,0.118,1.0,0,12,179,1,0,0
18.28,12767,9.58,0.121,0.992,1,13,3262,1,1,0
7.74,62846,55.77,0.143,0.698,0,12,548,1,0,0
40.84,72451,0.76,0.064,0.728,0,6,3407,1,0,0
36.46,29259,5.22,0.267,0.98,0,17,442,1,0,0
38.14,12496,1.82,0.089,0.582,0,9,767,1,0,0
33.79,81876,27.83,0.096,0.839,0,7,252,1,0,0
14.73,32804,7.99,0.109,0.336,0,9,1542,0,0,0
58.72,47708,5.55,0.365,0.715,0,9,1857,0,1,0
59.99,9349,16.38,0.013,0.876,0,15,657,0,0,0
14.43,73454,24.13,0.182,0.489,1,7,2766,1,0,0
41.5,63899,24.14,0.092,0.803,2,12,2083,1,0,0
54.6,64135,20.38,0.358,0.485,1,4,400,1,0,0
18.61,53982,120.67,0.349,0.667,0,7,2602,1,0,0
21.4,23699,49.19,0.049,1.0,0,9,322,1,1,0
41.57,84879,6.82,0.145,0.958,1,10,1147,1,0,0
8.1,25996,35.54,0.304,0.792,0,13,1028,1,0,0
11.35,8698,21.06,0.269,0.713,1,10,77,1,0,0
12.28,26190,1.83,0.256,0.696,0,7,793,1,0,0
6.44,45885,1.27,0.105,0.506,0,7,602,1,0,0
64.58,972,40.19,0.104,0.679,0,13,1001,1,0,0
5.53,79214,19.69,0.193,0.673,0,5,361,0,1,0
35.68,78457,21.18,0.085,1.0,0,13,177,1,0,0
51.9,18715,10.25,0.164,0.702,0,6,3303,0,1,0
21.44,32006,66.61,0.067,0.641,0,13,1389,0,1,0
15.88,55572,31.24,0.071,0.708,1,10,1448,0,0,0
32.66,17830,65.7,0.238,0.859,0,10,996,0,0,0
27.15,83452,2.61,0.239,0.802,1,6,611,1,0,0
60.51,32107,21.91,0.248,0.879,0,6,189,0,0,0
3.31,52105,25.37,0.153,1.0,0,12,207,0,0,0
13.0,64030,3.37,0.172,0.724,0,10,936,0,0,0
42.49,67369,10.63,0.049,0.851,0,12,1507,0,0,0
28.23,80332,6.05,0.244,0.674,0,12,1210,1,0,0
49.48,22133,104.11,0.138,0.56,0,6,682,1,0,0
33.44,2407,19.6,0.225,0.645,0,10,1614,0,0,0
24.34,3305,9.47,0.42,1.0,0,7,1329,0,0,0
21.29,31653,27.3,0.118,0.876,0,12,1303,1,1,0
174.17,70698,26.94,0.277,0.946,0,8,858,1,0,0
92.57,62691,10.67,0.093,0.732,0,5,1163,0,0,0
40.3,24449,127.58,0.082,0.882,0,10,313,0,0,0
28.87,78469,41.38,0.134,1.0,1,8,294,1,0,0
41.7,34124,12.78,0.117,0.765,0,6,296,0,0,0
52.53,18637,26.97,0.195,0.737,0,8,513,1,0,0
37.9,77725,30.99,0.065,0.795,0,11,757,1,1,0
14.86,17506,4.77,0.088,0.782,0,9,619,1,0,0
113.02,46116,52.63,0.251,0.825,1,7,485,1,0,0
33.02,56710,43.72,0.104,0.701,0,11,635,1,1,0
135.79,17893,35.23,0.134,0.836,0,14,41,1,0,0
31.49,79761,6.3,0.343,0.646,0,10,874,1,0,0
22.28,33761,3.66,0.233,1.0,0,7,1428,1,0,0
82.05,32822,4.98,0.128,0.54,0,9,1267,1,0,0
34.5,80626,2.44,0.1,0.697,0,7,450,1,0,0
30.17,23113,70.46,0.072,0.916,2,10,806,1,0,0
10.38,76089,47.68,0.121,0.632,0,10,2218,0,1,0
45.98,83676,2.38,0.177,0.506,0,10,129,1,0,0
18.27,38927,28.33,0.164,0.868,0,15,364,1,1,0
18.95,71064,7.05,0.236,0.842,0,10,2353,1,0,0
18.31,77178,0.44,0.146,0.735,0,10,345,0,1,0
38.52,60086,8.65,0.31,0.772,0,4,292,0,0,0
7.94,49715,14.5,0.246,0.682,0,10,1734,0,0,0
22.9,47614,0.51,0.26,0.931,0,6,694,0,1,0
59.4,84314,9.78,0.022,1.0,0,8,2514,0,0,0
10.01,29593,30.13,0.172,0.838,0,5,60,1,0,0
31.13,36888,6.48,0.182,0.914,0,7,1123,0,0,0
16.36,86107,16.58,0.241,0.81,0,13,1290,0,0,0
19.63,10568,54.64,0.546,1.0,0,6,3531,0,0,0
101.91,3019,0.72,0.139,0.654,0,6,180,1,0,0
7.24,78165,38.5,0.217,0.681,0,14,115,1,0,0
232.02,2944,145.37,0.324,0.495,3,9,93,0,1,1
18.5,46527,19.48,0.044,0.712,0,8,43,0,0,0
17.78,53143,6.56,0.085,0.742,0,7,1107,1,0,0
11.14,25117,21.63,0.028,0.911,0,9,1972,1,0,0
49.56,59917,32.8,0.103,0.538,0,6,1073,1,1,0
23.26,1153,5.63,0.173,0.714,0,8,1226,1,0,0
21.03,77317,10.51,0.126,0.776,0,5,636,1,0,0
29.6,42706,20.95,0.304,0.748,1,9,835,1,0,0
23.66,83092,13.48,0.029,0.636,0,9,994,1,0,0
5.47,63468,8.67,0.031,0.39,1,7,416,0,1,0
168.08,58643,41.06,0.689,0.052,4,5,79,1,1,1
55.5,20116,8.59,0.296,1.0,1,8,284,0,0,0
8.12,7719,8.98,0.212,0.746,0,6,1430,1,1,0
11.34,36035,23.58,0.06,0.97,0,9,123,1,0,0
19.27,29554,16.21,0.334,0.301,1,7,956,0,0,0
15.17,1222,28.26,0.034,0.861,0,7,219,1,0,0
26.51,4640,45.42,0.42,0.933,1,10,2764,0,1,0
11.31,4914,71.6,0.356,0.983,0,14,58,1,1,0
19.88,49753,4.1,0.496,0.713,1,8,2059,1,0,0
26.09,79815,24.6,0.127,0.982,0,7,120,1,0,0
45.57,27737,21.83,0.265,0.672,1,5,817,0,0,0
73.39,37748,50.42,0.154,0.494,0,10,2092,1,1,0
21.99,11086,56.56,0.116,0.811,0,6,158,0,1,0
122.79,18195,35.73,0.111,0.882,0,7,199,1,1,0
23.4,47890,22.63,0.095,0.843,0,13,3250,1,1,0
52.62,62391,5.56,0.363,0.947,0,10,1990,1,0,0
127.13,5687,8.1,0.287,0.774,0,6,219,1,0,0
30.31,9964,23.08,0.304,0.994,0,8,152,0,0,0
9.04,81920,3.75,0.326,0.758,0,9,572,1,1,0
29.16,46246,5.08,0.065,0.581,0,11,144,0,0,0
16.62,53796,60.6,0.108,0.705,0,8,1246,0,0,0
21.77,38673,78.27,0.17,0.888,0,7,147,1,0,0
132.69,46023,0.13,0.17,0.764,1,12,1074,1,0,0
10.19,5361,49.6,0.053,0.591,0,7,855,0,0,0
34.48,34949,69.52,0.483,0.759,0,13,2430,1,0,0
13.43,77051,18.65,0.166,0.856,1,9,780,1,0,0
21.2,79626,14.9,0.494,0.689,0,8,3101,1,0,0
49.2,76505,62.77,0.263,0.741,0,8,2505,1,0,0
34.97,70727,0.19,0.028,0.646,0,15,1197,1,0,0
22.65,25484,45.89,0.061,0.735,0,13,1800,1,0,0
16.12,67458,8.79,0.153,0.663,1,5,1011,1,0,0
34.91,34754,25.62,0.298,0.75,0,8,190,1,0,0
106.29,85962,9.76,0.35,0.838,1,10,792,1,0,0
13.18,28217,18.5,0.222,1.0,0,7,2578,1,0,0
125.13,56091,41.3,0.258,0.786,0,10,146,1,0,0
70.78,500,5.0,0.119,0.594,0,9,2100,0,0,0
81.08,79849,27.26,0.321,0.694,0,8,784,1,0,0
34.7,42782,57.15,0.111,1.0,0,12,603,1,0,0
69.19,45306,57.83,0.324,0.828,0,8,617,1,0,0
12.1,17611,56.14,0.082,0.682,0,12,173,1,0,0
15.89,2055,18.27,0.047,0.8,1,6,101,1,0,0
50.03,67691,36.49,0.272,0.485,1,9,704,0,1,0
34.35,46824,14.8,0.343,0.534,1,6,334,0,0,0
24.08,10069,15.41,0.119,0.557,0,12,78,0,0,0
3.66,65297,8.35,0.222,0.836,0,11,3391,1,0,0
19.14,81527,8.39,0.332,0.548,0,10,1439,0,0,0
10.6,61405,0.96,0.175,0.923,0,11,47,0,0,0
40.24,43824,18.95,0.13,0.652,0,12,1166,1,1,0
23.27,53633,9.23,0.204,0.606,0,9,1904,0,0,0
16.4,61622,5.2,0.244,0.82,0,12,1096,1,0,0
224.6,73012,3.24,0.325,0.907,0,12,546,0,0,0
62.21,68505,10.65,0.336,0.709,0,15,223,0,0,0
63.1,79026,57.32,0.032,0.954,0,4,463,1,0,0
157.87,57037,18.16,0.334,0.829,0,7,1716,1,0,0
51.51,21494,20.35,0.189,0.458,0,6,201,1,1,0
14.63,5723,1.4,0.257,0.768,0,8,351,0,0,0
13.33,64738,18.34,0.13,0.798,0,7,1565,1,0,0
58.67,36357,27.54,0.138,0.661,0,9,773,1,0,0
5.22,70667,4.08,0.259,0.73,0,9,135,1,0,0
25.48,17657,102.69,0.136,0.702,0,8,838,1,0,0
4.77,75973,61.66,0.091,0.604,0,7,1745,0,0,0
29.34,69246,124.41,0.157,0.65,0,9,841,1,1,0
53.69,46527,11.17,0.202,0.789,0,10,1741,1,0,0
33.9,35708,43.19,0.114,0.754,0,9,777,0,0,0
57.43,65956,9.96,0.163,0.697,0,14,311,1,1,0
130.56,35847,34.57,0.238,0.821,1,10,1650,1,0,0
24.17,80036,73.83,0.161,0.936,0,12,1266,0,0,0
256.24,61559,4.21,0.025,0.999,0,5,101,1,0,0
32.14,53991,3.78,0.376,1.0,1,9,764,1,0,0
57.94,62893,2.76,0.283,0.793,0,6,579,1,0,0
16.63,51486,40.03,0.305,1.0,0,9,285,1,0,0
99.03,1418,27.46,0.1,1.0,0,8,655,0,1,0
62.39,79267,18.47,0.102,0.967,0,9,1305,1,1,0
87.98,67577,37.17,0.033,0.672,0,8,70,0,0,0
28.32,59129,47.42,0.453,0.957,0,7,528,1,0,0
9.93,79119,74.66,0.112,1.0,0,11,1519,1,0,0
39.19,62749,5.62,0.194,0.79,0,7,1356,1,0,0
6.98,19952,14.57,0.246,0.865,0,9,1411,0,0,0
20.72,33139,64.1,0.025,0.855,0,9,1835,1,0,0
31.59,40345,15.47,0.35,0.654,0,8,91,1,0,0
181.6,54527,16.72,0.177,0.719,0,11,83,1,0,0
34.98,51675,71.38,0.156,0.832,0,5,1771,1,1,0
30.31,5650,33.17,0.268,0.907,0,8,950,1,0,0
25.78,47715,20.08,0.176,0.534,0,9,1063,1,0,0
56.9,1418,115.7,0.564,0.092,1,8,497,0,1,1
29.04,65170,61.73,0.282,0.812,0,4,876,1,0,0
29.44,78404,0.22,0.278,0.648,0,6,1281,0,0,0
12.49,35969,9.68,0.083,0.713,0,9,730,0,0,0
10.49,25202,73.0,0.314,0.885,0,6,366,1,0,0
18.44,80985,17.24,0.037,0.852,0,5,2086,0,0,0
28.56,46352,24.44,0.392,0.825,0,10,227,1,0,0
18.8,4307,19.02,0.222,0.698,0,6,695,1,0,0
11.7,84881,12.66,0.079,0.439,0,6,761,0,0,0
34.17,59343,27.36,0.241,0.735,0,7,1649,1,1,0
41.72,84555,36.36,0.206,1.0,0,11,507,0,0,0
29.88,67879,11.33,0.317,1.0,0,8,1064,1,0,0
17.28,73720,22.32,0.286,0.967,1,15,2643,0,1,0
43.64,58353,2.16,0.325,0.516,0,12,831,1,1,0
23.28,48069,19.83,0.226,0.869,1,10,1230,1,0,0
10.47,81065,34.43,0.215,0.913,0,6,1686,0,0,0
62.12,22382,22.0,0.183,0.957,0,8,1259,0,0,0
35.97,81135,52.69,0.134,0.668,0,9,2295,1,1,0
24.64,45110,8.43,0.534,0.526,1,7,105,0,0,0
7.71,11004,16.92,0.257,0.921,0,11,541,1,0,0
14.94,70512,2.29,0.24,0.835,0,12,579,1,0,0
136.3,55221,30.1,0.042,1.0,1,10,873,0,0,0
8.11,69574,14.62,0.193,0.802,0,4,862,1,0,0
22.17,19268,18.9,0.165,1.0,0,6,432,1,0,0
26.76,46689,3.44,0.138,0.732,1,8,832,1,0,0
35.04,84331,148.35,0.098,0.803,1,6,881,1,0,0
8.18,42275,36.95,0.163,0.576,0,11,1590,1,0,0
31.17,21232,12.8,0.437,0.577,1,6,1458,1,0,0
7.04,80894,21.1,0.083,1.0,1,4,368,1,0,0
29.31,44502,24.11,0.241,0.735,0,10,915,1,0,0
16.09,9746,80.96,0.281,0.744,0,15,623,1,0,0
13.56,65961,36.57,0.077,0.76,1,13,386,0,0,0
52.87,29070,10.76,0.083,0.707,0,9,1798,1,0,0
22.46,7097,95.09,0.068,0.765,0,9,2008,1,0,0
39.61,24879,8.98,0.314,0.489,0,12,141,1,0,0
40.67,30408,21.51,0.035,0.882,0,12,373,1,0,0
242.81,7498,124.78,0.545,0.479,1,11,386,1,0,1
10.31,73069,7.91,0.173,0.905,0,9,2401,0,0,0
56.55,5867,78.3,0.275,0.436,0,7,645,1,0,0
27.47,84643,6.09,0.237,0.912,0,10,349,0,0,0
20.04,12140,14.57,0.142,0.697,0,9,450,0,1,0
10.81,58452,4.96,0.071,0.686,0,11,545,1,0,0
44.05,5338,51.98,0.239,0.641,1,13,40,0,0,0
12.96,76143,6.26,0.39,0.928,0,13,374,0,0,0
41.03,18281,0.88,0.094,0.799,0,8,1152,1,0,0
126.76,37588,0.99,0.647,0.566,1,8,570,0,0,0
59.38,17098,13.35,0.032,0.402,0,6,1157,1,0,0
82.53,68408,18.49,0.082,0.999,0,11,88,1,0,0
15.25,38699,1.06,0.266,0.443,1,9,1119,0,1,0
49.91,13553,2.44,0.489,0.76,0,16,543,0,0,0
10.86,17586,2.56,0.224,0.567,0,10,60,1,0,0
22.49,55236,27.6,0.18,0.878,0,7,754,1,0,0
109.18,82011,8.91,0.281,0.637,0,7,2253,1,0,0
16.67,5769,20.67,0.035,1.0,0,10,1118,1,1,0
65.96,46585,1.91,0.228,0.698,0,7,663,1,0,0
61.1,62063,55.67,0.11,0.564,1,8,523,1,0,0
64.06,20363,9.08,0.066,0.657,0,7,297,1,0,0
9.84,71780,37.65,0.017,0.753,0,10,143,1,0,0
41.27,75047,43.82,0.319,0.865,0,6,927,1,0,0
23.92,39920,110.38,0.196,0.905,2,14,1111,0,1,0
64.77,84160,33.78,0.101,0.596,0,11,172,1,0,0
7.21,74597,14.62,0.188,0.602,0,9,596,1,0,0
36.39,27342,4.14,0.113,0.931,0,5,2749,1,0,0
32.5,77085,1.23,0.082,0.639,0,6,1019,1,0,0
5.52,33742,54.35,0.437,1.0,2,9,371,1,1,0
13.35,71907,14.79,0.073,0.608,0,7,752,0,0,0
6.27,28714,34.65,0.056,0.486,1,9,497,1,1,0
15.16,68094,17.15,0.138,0.652,0,8,1436,1,1,0
42.07,10701,52.94,0.286,0.66,1,12,54,1,0,0
31.7,66856,34.62,0.143,0.97,0,13,1065,1,1,0
31.05,58923,2.23,0.08,0.8,0,11,578,0,0,0
11.8,23634,34.87,0.103,0.661,1,6,212,0,0,0
66.44,57600,7.76,0.149,0.606,0,16,2991,0,0,0
26.71,1240,37.08,0.29,0.867,0,10,1636,0,0,0
27.85,51721,74.16,0.048,0.561,0,6,1149,0,0,0
57.53,3322,66.53,0.396,0.498,0,6,81,1,0,0
12.27,70288,3.34,0.265,0.756,0,11,926,1,0,0
32.55,55615,1.41,0.191,0.932,0,9,712,0,1,0
38.05,55706,37.51,0.251,0.724,0,7,944,1,0,0
17.52,64835,30.94,0.116,0.782,0,15,83,1,0,0
45.69,10578,4.84,0.107,0.715,0,10,632,1,0,0
39.71,86243,28.85,0.069,0.774,1,6,413,0,1,0
25.0,83179,0.39,0.183,0.669,2,11,1829,0,0,0
24.39,2413,24.93,0.064,0.955,0,9,1060,1,1,0
41.22,14769,44.64,0.268,0.828,0,8,2773,1,0,0
50.95,2905,25.67,0.145,0.78,1,10,295,0,0,0
28.51,10688,1.69,0.322,0.645,0,12,568,1,0,0
66.43,2554,117.69,0.243,0.859,0,4,273,0,0,0
45.92,40211,11.0,0.27,0.584,0,9,4528,1,0,0
6.48,68938,11.97,0.06,0.993,1,10,5301,1,0,0
8.81,20666,2.21,0.048,0.631,1,11,864,0,0,0
253.54,38424,26.58,0.391,0.123,2,10,313,1,0,1
22.26,34296,7.91,0.347,0.769,0,8,276,0,0,0
30.92,33618,40.14,0.272,0.871,0,11,2712,1,0,0
67.45,64095,29.42,0.156,1.0,0,10,312,1,0,0
26.97,13632,21.91,0.257,0.837,2,11,3796,1,0,0
27.93,46272,49.86,0.059,0.611,0,13,511,0,1,0
13.53,4674,153.04,0.277,0.889,0,13,1196,1,0,0
36.45,37177,12.14,0.1,0.842,0,10,659,0,0,0
43.35,85215,12.41,0.174,0.839,0,10,119,0,0,0
17.08,20910,33.3,0.188,0.836,1,7,122,1,0,0
12.97,42339,25.85,0.139,0.544,0,7,679,0,1,0
221.63,11690,0.34,0.325,0.847,0,5,371,1,0,0
25.17,66951,26.64,0.086,1.0,0,9,100,1,0,0
15.69,51421,31.79,0.146,0.552,0,10,291,0,0,0
47.72,7270,106.6,0.13,0.574,0,9,32,1,0,0
26.03,14653,22.09,0.061,0.891,0,13,1141,1,0,0
11.37,19191,28.83,0.073,0.643,1,9,1324,0,0,0
39.9,30369,38.87,0.069,0.801,1,10,1291,1,1,0
13.7,36376,2.52,0.316,0.728,0,13,870,1,0,0
95.7,56985,33.17,0.051,0.844,0,12,240,1,0,0
40.27,29914,19.79,0.045,0.843,0,11,227,1,0,0
21.73,51965,2.64,0.14,0.712,1,12,100,1,0,0
29.59,10194,27.71,0.216,0.99,1,9,910,1,0,0
55.85,23254,6.68,0.184,0.782,0,6,580,1,1,0
31.46,54863,19.3,0.04,0.824,0,9,807,1,0,0
148.07,51271,8.25,0.179,0.53,1,7,232,0,0,0
67.27,63038,2.76,0.231,0.596,0,8,181,1,0,0
40.05,54237,7.22,0.026,0.402,0,15,715,1,0,0
12.81,60490,14.44,0.228,0.862,1,8,440,1,0,0
24.11,12897,17.04,0.353,0.623,0,8,813,0,0,0
39.77,55892,4.02,0.206,0.765,0,10,1061,0,0,0
14.04,30513,9.68,0.055,0.739,0,8,592,1,0,0
76.31,33706,49.04,0.125,0.83,0,11,2021,1,1,0
12.44,80656,60.31,0.085,0.373,1,6,704,0,0,0
16.28,9876,19.15,0.171,0.509,1,12,1302,0,1,0
17.29,38508,16.85,0.504,0.64,1,12,802,1,0,0
13.35,32907,29.16,0.379,0.801,3,11,408,1,0,1
14.24,23799,6.04,0.13,0.655,0,7,47,1,0,0
6.42,72597,126.17,0.31,0.878,0,12,873,1,0,0
67.66,63122,257.97,0.352,0.755,2,11,236,0,1,1
19.0,82346,6.82,0.066,0.716,0,11,234,1,1,0
11.53,52054,7.94,0.17,0.753,0,10,1596,0,0,0
14.82,83138,26.13,0.329,0.688,0,7,551,0,1,0
107.06,28886,9.75,0.334,0.653,0,9,592,0,0,0
16.03,59780,10.97,0.067,0.558,1,7,607,1,1,0
24.56,32732,37.96,0.237,0.836,0,8,1730,0,0,0
18.96,9644,7.76,0.309,0.498,0,9,563,0,0,0
10.11,67253,30.54,0.188,0.759,0,15,173,1,0,0
14.97,34967,68.29,0.184,0.554,0,14,1090,1,0,0
9.57,85094,3.31,0.211,0.856,0,9,475,0,0,0
58.25,1428,3.9,0.15,0.673,0,7,161,1,1,0
29.39,66847,71.56,0.46,0.962,0,13,687,1,0,0
197.58,39044,5.69,0.198,0.874,2,7,382,1,1,0
15.38,73105,0.53,0.156,0.383,0,8,454,1,0,0
13.64,43749,50.72,0.112,1.0,0,6,1586,0,0,0
92.48,3106,8.29,0.071,0.798,2,8,704,1,0,0
63.2,35682,8.86,0.321,0.829,0,6,251,1,0,0
36.89,82673,6.43,0.115,0.708,0,9,699,1,0,0
11.12,31063,62.42,0.242,0.938,0,12,289,1,0,0
109.51,16867,37.23,0.352,0.714,0,9,2747,0,1,0
25.59,73348,22.71,0.336,0.639,0,10,1018,0,0,0
19.21,49539,15.09,0.184,0.765,0,8,1331,1,0,0
67.65,74272,3.87,0.191,0.649,0,8,1234,1,0,0
26.63,2965,65.09,0.062,0.931,0,6,1159,1,0,0
10.67,68282,34.62,0.213,0.685,0,12,538,1,0,0
28.0,39946,8.17,0.288,1.0,0,10,703,0,0,0
14.51,53828,73.67,0.066,0.894,0,11,1222,1,0,0
2.44,86146,68.41,0.46,0.825,0,5,3397,1,1,0
13.39,59002,26.93,0.27,0.672,1,8,5450,0,0,0
17.78,53613,105.0,0.245,0.781,0,5,399,0,0,0
10.76,16804,5.18,0.284,0.802,0,9,1320,1,0,0
42.96,61331,32.86,0.145,0.602,3,11,240,0,0,0
14.56,22258,4.13,0.12,0.859,0,9,1372,1,0,0
39.76,28766,29.42,0.067,0.79,1,11,1769,1,0,0
10.11,50971,63.1,0.194,0.718,1,7,3673,1,1,0
18.71,72932,37.21,0.58,0.348,1,10,85,1,1,1
9.77,49059,36.0,0.22,0.45,0,12,1480,1,0,0
4.17,50082,3.86,0.208,1.0,0,7,1960,1,0,0
72.95,62120,25.07,0.044,0.761,0,8,425,1,1,0
13.67,60730,1.63,0.042,0.744,0,9,724,1,0,0
110.56,17737,0.94,0.023,0.663,1,7,53,1,0,0
42.59,66192,25.13,0.097,0.891,1,5,486,1,0,0
51.02,55581,21.26,0.27,0.644,0,8,135,1,0,0
62.58,83125,9.98,0.423,0.733,0,10,1864,1,0,0
29.67,52019,17.98,0.03,0.943,0,7,1240,0,0,0
29.94,5014,28.83,0.047,0.529,0,6,141,1,0,0
75.57,35258,25.87,0.254,0.872,0,7,4341,1,0,0
29.64,66410,1.91,0.291,1.0,0,9,340,0,1,0
15.14,11299,28.34,0.127,0.886,0,10,30,1,0,0
43.32,4163,26.94,0.305,0.996,0,4,150,1,0,0
5.0,26009,27.69,0.172,0.485,0,9,2740,1,0,0
77.92,63470,46.99,0.033,0.638,0,10,220,0,0,0
79.23,78183,21.49,0.31,0.764,0,11,1312,1,1,0
70.71,65469,69.48,0.321,1.0,0,9,353,1,0,0
68.57,28605,97.81,0.091,0.576,0,5,98,1,1,0
25.35,70579,34.84,0.144,0.594,1,13,462,1,1,0
24.89,56875,11.11,0.165,0.907,0,8,1535,1,0,0
10.14,55777,3.86,0.166,0.863,1,12,1620,1,0,0
109.78,14624,42.89,0.308,0.879,0,9,120,1,0,0
44.14,49726,5.1,0.394,0.206,1,10,66,0,1,1
35.58,52047,3.95,0.175,0.631,0,9,147,1,1,0
33.22,63854,62.85,0.561,0.794,0,7,919,1,0,0
9.28,55322,20.52,0.097,0.647,1,10,2014,1,0,0
6.71,31619,8.68,0.074,0.836,0,8,1060,1,0,0
27.23,67124,82.41,0.245,0.773,0,8,67,1,0,0
18.86,55025,30.72,0.201,0.499,0,9,935,1,1,0
25.24,26054,19.13,0.186,0.98,0,12,649,0,1,0
63.58,41764,9.99,0.112,0.816,0,11,414,1,0,0
32.46,48718,28.22,0.227,0.754,0,11,149,1,0,0
49.74,42929,32.82,0.231,0.823,0,8,141,0,0,0
38.72,78192,31.13,0.062,0.595,0,15,114,0,0,0
21.05,409,5.43,0.081,0.893,0,7,873,0,0,0
12.16,42585,29.87,0.114,0.867,0,4,917,1,0,0
33.51,69110,21.77,0.022,0.816,0,13,120,0,1,0
28.99,15384,47.44,0.171,0.902,0,9,407,1,0,0
52.57,24736,14.54,0.344,0.688,4,10,1307,1,1,1
24.03,40130,3.95,0.066,0.857,0,11,409,1,0,0
21.37,38621,9.59,0.068,0.839,0,4,1217,0,0,0
22.57,12058,34.05,0.408,0.707,0,8,52,1,0,0
13.0,53260,33.67,0.064,0.844,0,6,1707,1,0,0
86.27,85398,6.3,0.071,0.675,0,12,458,1,0,0
16.17,42946,140.12,0.546,0.338,1,12,613,1,1,1
10.27,83798,0.39,0.024,0.755,0,10,178,1,0,0
51.58,28002,10.08,0.201,0.881,0,12,1890,0,1,0
6.2,77045,0.67,0.339,1.0,0,11,845,1,0,0
59.63,20918,51.56,0.085,0.812,0,10,1763,1,0,0
15.53,49572,27.46,0.228,0.603,0,4,175,1,0,0
36.16,54923,86.96,0.099,0.595,2,9,3016,1,0,0
5.79,23807,55.62,0.075,0.74,0,16,473,1,0,0
10.39,62739,23.13,0.148,0.563,0,12,509,0,0,0
39.45,13318,17.48,0.657,1.0,0,9,857,0,0,0
15.48,82419,53.79,0.171,0.965,0,4,1099,1,0,0
13.85,57589,8.86,0.254,0.863,0,6,1403,1,0,0
82.82,56801,6.32,0.256,0.997,0,8,1044,1,0,0
158.98,64385,13.19,0.132,0.799,0,10,1064,0,0,0
57.38,58677,1.37,0.014,0.78,0,7,1298,1,0,0
11.32,51719,8.99,0.072,0.677,0,7,897,1,1,0
111.14,77993,2.18,0.119,0.811,1,3,624,0,0,0
7.77,36982,1.35,0.111,0.636,0,12,890,1,0,0
21.25,8949,20.04,0.084,0.706,0,17,1248,1,0,0
28.33,15999,30.79,0.112,0.783,0,9,118,0,0,0
126.37,55005,19.23,0.172,0.811,1,5,1242,1,0,0
56.27,43070,1.83,0.131,0.846,0,8,228,1,0,0
18.71,23668,12.56,0.253,0.735,0,12,72,1,0,0
12.73,745,2.94,0.196,0.745,0,12,1447,1,0,0
60.45,24539,26.25,0.017,0.694,0,11,1024,1,0,0
17.7,6860,43.78,0.11,0.566,0,8,217,1,0,0
32.25,58967,3.1,0.182,1.0,2,9,513,1,1,0
9.06,7035,1.73,0.227,0.775,0,18,849,0,0,0
42.75,52463,13.02,0.163,0.824,0,10,200,1,0,0
40.08,40554,9.04,0.226,0.779,0,10,331,1,1,0
10.04,61691,7.55,0.308,0.629,1,5,783,0,0,0
61.89,17121,5.94,0.211,1.0,0,3,327,1,0,0
42.26,48660,9.53,0.125,0.504,0,10,1781,1,0,0
49.01,84121,84.08,0.108,0.768,1,8,2159,0,0,0
20.03,47949,48.74,0.05,0.617,0,15,1398,1,0,0
31.29,17825,22.99,0.188,1.0,0,8,2264,0,0,0
28.52,33451,40.3,0.292,0.661,1,5,643,1,0,0
36.48,83840,16.81,0.176,0.283,4,9,49,1,0,1
31.07,59551,2.95,0.374,0.46,1,10,593,0,0,0
74.08,70706,8.65,0.102,0.82,0,7,1033,1,0,0
64.07,54901,25.81,0.098,0.934,0,9,484,0,1,0
10.53,27927,53.73,0.393,0.843,0,11,767,1,0,0
59.64,80852,6.57,0.255,0.433,1,15,256,0,1,0
70.31,71251,3.75,0.228,0.584,0,12,728,1,0,0
24.02,15652,47.08,0.224,0.736,0,11,278,0,0,0
40.72,63315,13.15,0.136,0.917,0,9,477,1,1,0
40.25,63553,30.06,0.159,0.643,0,16,1389,0,0,0
13.74,36752,19.85,0.108,0.651,1,10,1121,1,0,0
19.97,36183,4.84,0.481,0.64,1,11,1356,1,0,0
49.43,38877,30.15,0.253,0.576,0,9,1335,1,0,0
18.23,62524,13.65,0.18,0.82,0,10,385,1,0,0
59.17,29300,8.48,0.192,0.615,1,11,2103,0,0,0
77.01,75007,58.25,0.354,1.0,0,7,766,0,0,0
67.69,39242,0.15,0.168,0.705,0,14,290,1,0,0
132.14,69530,12.97,0.054,0.61,0,8,31,0,0,0
25.21,11656,8.94,0.4,0.437,0,9,1955,0,0,0
31.24,84750,1.4,0.271,0.357,3,7,233,1,1,0
35.04,83487,2.1,0.028,1.0,0,6,163,1,0,0
25.83,26613,4.73,0.173,0.895,0,8,951,0,0,0
41.84,71946,17.58,0.307,0.759,0,5,968,1,0,0
6.9,38786,8.3,0.069,0.732,0,12,791,0,0,0
31.94,41990,45.48,0.133,0.416,0,9,1406,1,0,0
9.01,45494,6.86,0.566,0.673,0,10,858,0,0,0
12.55,6147,31.84,0.127,0.504,0,10,199,1,1,0
48.73,66213,5.9,0.363,0.692,1,8,2505,0,0,0
56.89,55602,0.17,0.122,0.049,2,9,630,1,1,1
47.37,74189,7.68,0.195,0.803,0,6,634,0,1,0
22.72,1234,45.44,0.173,0.659,0,10,1324,1,0,0
65.7,9328,2.15,0.261,0.535,0,7,265,1,0,0
22.39,12404,10.56,0.147,0.715,1,8,181,0,0,0
5.67,78386,0.2,0.257,0.761,0,10,1272,1,0,0
36.29,39883,129.8,0.317,0.689,3,10,877,0,1,1
4.78,23566,71.51,0.067,1.0,0,5,1005,0,0,0
8.48,51400,12.13,0.256,1.0,0,13,357,0,0,0
13.38,56666,21.5,0.101,0.566,0,6,1787,0,0,0
12.11,8315,15.05,0.224,0.691,0,12,497,0,0,0
17.53,77979,90.61,0.191,0.621,0,7,381,1,0,0
11.78,20888,33.3,0.246,0.31,0,8,1285,0,0,0
8.8,72911,1.13,0.359,0.871,1,8,821,1,0,0
25.41,29443,50.24,0.509,0.463,1,9,78,0,0,1
15.76,13588,15.89,0.08,0.567,1,9,319,0,0,0
4.55,69466,24.97,0.315,0.949,1,7,872,1,0,0
20.31,3776,8.58,0.118,0.802,1,14,352,1,0,0
11.03,84804,28.07,0.054,0.899,0,10,1264,0,0,0
13.36,64237,21.48,0.115,0.767,0,8,296,0,1,0
47.86,20873,14.28,0.043,0.688,0,8,683,1,0,0
18.94,84017,21.82,0.242,0.897,0,13,236,1,0,0
10.78,20057,62.06,0.162,0.824,0,10,1266,1,0,0
38.75,8335,6.97,0.225,0.682,0,14,268,1,0,0
68.03,8357,39.16,0.296,0.903,0,8,63,0,0,0
41.66,68674,0.3,0.103,0.734,0,7,403,1,0,0
3.81,57412,2.22,0.276,0.665,0,12,281,1,0,0
11.11,18741,74.74,0.153,0.553,0,6,424,0,0,0
28.16,28683,29.91,0.299,1.0,1,14,663,0,0,0
22.3,576,25.08,0.175,0.622,0,7,1499,0,0,0
20.87,15029,10.16,0.157,0.394,1,6,445,1,0,0
12.35,60226,5.09,0.318,1.0,0,10,1813,1,0,0
8.81,78740,11.95,0.171,0.847,1,6,455,0,0,0
135.13,40068,22.81,0.065,0.366,0,14,69,1,1,0
27.71,57934,25.15,0.124,0.956,0,9,3453,1,0,0
45.32,1667,4.64,0.14,0.863,1,9,303,0,0,0
27.25,1298,14.74,0.106,0.898,0,6,384,0,0,0
28.14,23376,20.91,0.158,0.79,0,8,763,1,0,0
25.8,46902,80.45,0.366,0.825,1,6,1126,1,0,0
11.06,63292,19.93,0.089,0.776,0,4,1443,1,0,0
8.07,38599,21.72,0.173,0.727,0,9,1208,0,0,0
36.93,12900,36.22,0.193,0.865,0,8,655,0,1,0
31.51,67799,13.57,0.044,0.8,0,8,3500,1,0,0
57.43,70290,12.11,0.118,0.497,0,6,135,1,0,0
48.83,36631,22.35,0.138,0.574,1,7,3709,1,0,0
14.2,7400,38.23,0.196,0.709,1,9,1035,0,0,0
67.09,65004,25.37,0.082,0.457,0,7,1030,0,0,0
50.0,28820,5.15,0.135,0.694,0,10,1829,1,0,0
47.12,22864,12.68,0.111,0.771,0,7,431,1,0,0
163.93,36295,17.97,0.161,0.554,0,9,1787,1,0,0
139.1,5598,18.55,0.055,0.967,0,7,864,1,1,0
47.08,39418,10.37,0.293,0.533,0,9,416,0,0,0
42.61,77074,18.48,0.091,0.63,0,9,1293,0,0,0
64.41,35786,27.94,0.213,0.821,0,6,1522,1,0,0
16.99,9396,15.78,0.155,0.606,0,6,295,0,0,0
17.19,31725,15.01,0.152,0.814,1,9,52,1,0,0
46.47,22299,40.43,0.005,0.569,0,10,953,1,0,0
13.66,48598,35.35,0.087,0.991,1,9,196,1,0,0
43.56,43211,13.72,0.372,0.608,0,10,1371,1,0,0
30.74,20943,138.12,0.139,0.517,0,10,391,0,0,0
13.67,50125,1.72,0.253,0.822,0,6,887,1,0,0
27.68,12614,9.86,0.211,0.738,0,12,100,1,0,0
77.02,53160,0.94,0.374,0.436,0,5,4491,1,0,0
28.96,8226,45.73,0.212,0.786,0,8,251,0,0,0
29.06,38765,35.23,0.315,0.868,1,11,400,0,0,0
35.28,48343,28.77,0.287,1.0,1,8,1273,1,0,0
39.15,8192,6.03,0.426,0.784,0,8,223,0,0,0
20.81,57037,30.75,0.362,0.457,0,15,1356,1,0,0
35.88,35283,10.97,0.638,1.0,1,17,191,1,0,0
11.71,72283,50.73,0.092,0.83,0,13,68,1,0,0
14.31,59994,5.56,0.459,0.376,1,8,1271,0,0,0
100.9,38531,27.59,0.622,0.248,4,7,626,1,1,1
39.48,6400,80.84,0.095,0.77,0,14,251,0,0,0
30.82,18324,18.19,0.209,0.877,0,10,769,1,0,0
24.35,7010,14.78,0.027,0.87,0,7,2767,1,0,0
49.1,53841,143.01,0.545,0.318,1,6,1903,0,0,1
36.71,39283,44.48,0.121,0.786,0,13,614,1,0,0
21.5,39804,10.87,0.134,0.756,1,9,220,0,0,0
11.84,20275,11.01,0.254,0.887,0,6,1075,1,0,0
14.07,53245,3.29,0.034,0.38,0,11,550,1,0,0
8.39,27133,18.39,0.294,0.616,0,12,506,1,0,0
30.34,26452,64.34,0.468,0.807,0,10,87,0,0,0
13.6,3663,78.98,0.13,0.616,0,9,1038,1,0,0
18.24,61239,135.18,0.414,0.78,0,15,234,1,0,0
24.48,5081,16.02,0.066,0.549,0,8,92,1,0,0
62.5,81766,37.29,0.358,0.671,0,13,866,1,0,0
57.0,46024,20.1,0.387,0.779,0,14,1804,0,0,0
25.95,44374,19.85,0.155,0.887,0,13,2913,1,0,0
74.62,33729,41.03,0.066,1.0,1,6,2124,1,0,0
5.42,69910,45.1,0.157,0.918,0,7,857,1,0,0
121.73,19965,0.5,0.227,0.856,0,9,1430,1,0,0
47.18,12718,71.53,0.097,0.597,0,11,235,1,0,0
29.44,59833,43.29,0.106,0.845,0,8,1038,1,0,0
13.29,70916,31.92,0.268,0.606,0,5,400,0,0,0
19.1,48972,47.77,0.081,0.643,0,7,787,1,0,0
44.15,61175,19.26,0.234,0.616,0,9,2160,0,0,0
44.96,28108,37.1,0.127,1.0,0,10,770,1,0,0
46.28,32338,22.82,0.112,0.746,1,8,589,1,1,0
15.14,67848,19.57,0.098,0.618,0,7,1594,1,0,0
12.89,23042,5.94,0.49,1.0,1,10,244,1,0,0
31.7,68028,47.0,0.342,0.442,1,4,4030,0,0,0
50.19,2270,53.83,0.079,0.617,0,8,155,1,0,0
27.18,31481,88.68,0.134,0.868,0,7,489,1,0,0
88.69,73143,3.21,0.138,0.706,0,13,386,1,0,0
27.84,62246,8.62,0.312,0.885,0,14,317,0,1,0
27.1,8460,28.91,0.158,0.662,0,9,835,1,0,0
46.36,27274,48.32,0.447,0.739,1,7,326,1,0,0
38.15,22568,43.05,0.557,0.322,2,7,1798,1,1,1
9.21,44362,15.2,0.101,0.78,1,9,269,1,0,0
11.08,20461,32.36,0.167,0.6,0,12,1581,1,0,0
21.1,5294,1.87,0.463,0.62,1,4,992,0,0,0
339.39,24000,27.16,0.377,0.641,0,8,1578,1,0,0
22.0,17186,0.2,0.216,0.577,1,15,1249,0,0,0
24.6,66839,1.22,0.512,0.872,0,5,190,0,1,0
44.46,70749,35.4,0.16,0.837,0,12,530,1,0,0
59.24,39775,16.23,0.07,0.587,1,7,560,1,1,0
31.06,11120,1.53,0.247,0.948,1,9,1117,1,0,0
68.82,14675,16.44,0.082,0.95,0,8,297,0,0,0
10.43,62668,1.62,0.347,1.0,1,6,229,0,0,0
14.69,58086,10.62,0.213,1.0,0,9,1168,1,0,0
68.72,30979,4.28,0.343,0.448,0,7,3755,1,0,0
27.35,80603,6.19,0.31,0.509,0,6,683,1,1,0
9.88,3058,5.44,0.175,0.769,0,10,147,1,0,0
9.41,1849,11.62,0.367,0.788,1,12,259,1,0,0
14.17,24200,2.85,0.248,0.847,0,9,477,1,1,0
27.16,26371,18.76,0.051,0.694,0,10,792,0,0,0
39.41,25471,13.07,0.154,0.864,0,8,1200,0,0,0
20.84,25056,45.79,0.058,0.433,1,10,1016,1,1,0
36.89,4037,43.71,0.374,0.573,0,6,2000,1,0,0
19.11,79298,43.47,0.185,0.8,0,16,3003,0,0,0
72.18,82210,15.85,0.079,0.949,0,7,56,0,0,0
208.82,39712,8.59,0.057,0.759,0,9,1297,1,1,0
19.8,43654,13.42,0.307,0.466,1,12,63,1,1,0
39.8,61154,29.07,0.413,0.954,0,5,283,1,0,0
54.48,10166,34.22,0.392,0.296,1,10,729,1,1,1
30.29,62840,24.47,0.031,0.587,1,11,607,0,0,0
45.72,54847,29.58,0.008,0.584,1,6,2171,0,0,0
39.77,41336,62.64,0.14,0.619,1,11,2224,0,0,0
18.6,23210,72.05,0.111,0.6,0,13,811,1,1,0
77.73,33026,45.89,0.247,0.46,0,5,1139,1,1,0
31.86,2419,1.68,0.049,0.836,0,9,762,1,0,0
19.93,63165,96.98,0.019,0.528,0,6,504,0,0,0
191.44,48090,30.4,0.386,0.7,0,10,2202,0,0,0
24.71,23359,29.55,0.074,0.728,3,12,352,1,1,0
33.25,43976,0.58,0.248,0.664,1,16,850,0,0,0
31.2,64080,16.32,0.093,0.868,0,8,1707,0,0,0
24.44,51304,24.62,0.27,0.8,0,11,1128,1,1,0
38.82,26025,8.16,0.122,0.684,1,6,1186,1,1,0
13.79,76652,2.17,0.451,0.563,0,13,218,0,0,0
43.7,68868,19.01,0.025,0.512,0,8,1488,1,1,0
6.64,71422,14.78,0.192,0.91,0,8,640,1,0,0
9.6,19501,1.13,0.349,0.764,0,7,460,0,0,0
116.81,69133,18.32,0.071,0.908,1,5,2751,0,0,0
9.92,2314,2.85,0.075,0.543,0,8,265,1,0,0
5.65,1557,13.82,0.119,0.831,0,10,1700,0,0,0
10.12,48644,7.88,0.24,0.183,0,8,1785,1,0,0
109.08,8014,88.06,0.105,1.0,0,7,651,1,0,0
6.47,51479,0.88,0.091,1.0,0,8,525,1,0,0
12.62,29196,20.53,0.191,0.445,0,11,79,1,0,0
8.44,27487,4.12,0.186,0.62,0,12,1289,1,0,0
21.77,54553,9.62,0.217,0.666,0,11,713,0,0,0
19.13,75235,5.08,0.084,0.622,0,10,980,1,0,0
18.46,26540,133.2,0.335,0.661,0,6,138,1,0,0
119.69,76863,0.82,0.405,0.797,1,5,495,1,0,0
10.39,14446,19.49,0.704,0.576,0,13,1085,1,1,0
24.98,24392,23.42,0.218,0.491,0,10,780,0,0,0
35.55,80983,36.98,0.106,1.0,0,7,578,1,0,0
12.38,73339,24.59,0.053,0.928,0,8,693,1,0,0
40.02,11921,6.58,0.09,0.695,1,14,607,1,1,0
19.69,25480,22.78,0.099,0.689,0,9,305,1,0,0
36.58,5559,92.19,0.392,0.675,0,12,998,0,0,0
24.87,19583,47.17,0.423,0.719,1,2,1392,1,0,0
5.26,35109,15.11,0.233,0.696,0,10,939,0,0,0
77.08,13460,16.22,0.282,0.605,0,10,53,0,0,0
142.08,19782,3.57,0.415,0.594,0,8,599,1,0,0
23.54,52003,21.09,0.129,0.623,0,10,944,1,0,0
13.22,77322,8.22,0.304,0.623,0,11,207,1,0,0
90.45,16767,2.86,0.49,0.854,0,9,241,1,0,0
123.02,75714,16.07,0.077,0.894,0,8,1354,1,0,0
23.69,76058,1.15,0.128,0.554,0,8,403,0,0,0
22.76,43771,3.2,0.031,0.889,0,10,461,1,0,0
25.43,13758,6.18,0.229,1.0,0,8,1092,0,0,0
7.1,29513,116.77,0.273,0.855,0,8,1283,0,1,0
21.48,63056,41.32,0.217,0.68,0,13,526,0,1,0
106.91,50171,19.51,0.236,0.503,0,9,760,0,0,0
23.69,24384,6.62,0.174,0.47,1,7,1205,0,0,0
11.8,69580,18.29,0.236,0.832,0,9,1181,1,0,0
40.34,16589,26.17,0.488,0.851,1,12,581,1,0,0
15.9,11984,0.11,0.079,1.0,0,10,328,1,0,0
25.71,16447,110.35,0.05,0.571,0,10,359,0,0,0
9.82,85752,24.64,0.341,0.497,0,9,1591,0,0,0
11.83,19560,111.09,0.243,0.66,0,11,170,1,0,0
48.92,73143,15.83,0.106,0.351,0,6,294,1,0,0
29.75,79535,24.42,0.087,0.511,0,7,3255,1,0,0
14.57,4323,15.47,0.125,1.0,1,5,1177,1,1,0
29.83,4023,0.24,0.086,0.829,0,8,930,1,1,0
16.68,16778,47.41,0.228,0.584,0,8,51,1,0,0
14.48,43740,14.9,0.022,0.629,0,8,772,0,0,0
68.8,67395,15.92,0.1,1.0,0,8,1189,1,0,0
50.72,46753,11.16,0.17,0.451,0,8,699,1,0,0
26.66,6441,14.17,0.034,0.845,0,9,341,1,0,0
30.43,17404,32.32,0.069,0.247,0,10,2311,0,0,0
26.93,56056,30.15,0.159,0.993,0,6,673,0,0,0
40.03,85392,41.31,0.192,0.723,0,8,93,1,0,0
14.3,7747,91.89,0.122,0.682,0,7,1154,1,0,0
54.06,29224,12.41,0.294,0.895,0,5,179,0,0,0
35.98,5517,10.35,0.027,0.801,0,5,271,0,0,0
21.97,13571,17.01,0.473,0.797,0,11,900,1,0,0
18.35,43729,4.19,0.025,0.758,0,9,1330,1,0,0
53.14,49484,35.47,0.581,0.86,1,8,974,1,0,0
172.0,53577,33.99,0.362,0.5,1,10,797,1,1,1
15.5,11149,5.94,0.37,0.823,0,13,2881,1,0,0
19.93,25864,49.88,0.133,0.709,1,10,3009,1,0,0
50.17,10410,24.13,0.14,0.464,0,12,159,1,1,0
7.47,39827,0.87,0.093,0.988,1,8,2027,1,0,0
20.4,26624,5.47,0.208,0.858,1,13,1727,1,0,0
63.85,50027,55.43,0.097,1.0,0,9,557,1,0,0
23.7,76636,11.99,0.238,0.87,0,5,552,1,1,0
62.46,22224,47.57,0.536,0.291,4,6,3045,0,0,1
202.65,67824,18.78,0.242,0.506,3,7,642,0,1,1
55.36,12048,5.83,0.133,0.805,0,8,158,1,0,0
19.07,12244,22.53,0.046,0.62,0,11,536,1,0,0
24.43,21080,2.7,0.226,0.493,1,12,233,0,0,0
55.91,79891,41.19,0.021,0.835,0,8,780,1,0,0
57.49,30010,24.71,0.265,0.799,0,8,594,1,1,0
25.27,23000,83.07,0.333,0.719,1,9,1667,1,0,0
94.74,60748,58.83,0.156,0.43,2,9,398,1,0,1
33.59,70318,1.26,0.076,0.91,1,9,3103,0,0,0
80.92,21964,16.18,0.09,0.733,1,11,1170,1,0,0
63.69,17462,18.95,0.104,0.529,0,8,4978,1,0,0
47.21,56370,62.16,0.063,0.817,0,5,415,1,0,0
11.44,17739,14.16,0.212,0.775,0,13,90,1,0,0
21.76,40954,22.51,0.048,0.561,1,9,375,0,0,0
22.7,41229,5.14,0.218,0.631,0,12,690,0,0,0
84.33,41548,7.01,0.129,0.692,0,6,899,1,0,0
22.4,25728,19.88,0.213,0.6,0,8,1056,0,0,0
73.9,74102,29.85,0.097,0.838,0,8,1290,0,0,0
17.17,65016,14.29,0.231,1.0,1,8,2066,0,1,0
18.31,83566,14.17,0.109,0.647,0,8,193,0,1,0
39.85,52590,7.39,0.102,0.797,0,12,172,0,0,0
95.06,10777,29.94,0.284,0.992,0,6,977,0,1,0
22.89,12007,0.14,0.359,0.848,0,8,1650,1,1,0
54.25,37448,226.89,0.476,0.345,3,9,789,0,0,1
7.76,43570,0.09,0.218,0.814,0,8,790,1,0,0
34.41,44242,22.5,0.069,0.893,0,6,387,1,0,0
8.33,76328,0.78,0.158,0.688,0,6,174,1,0,0
13.57,12598,70.36,0.179,0.69,0,11,127,0,0,0
27.38,45244,16.25,0.053,0.672,0,5,1397,0,1,0
3.82,70278,28.8,0.072,0.994,0,6,575,1,0,0
20.01,67277,48.04,0.277,0.757,1,7,643,1,0,0
10.68,44545,6.71,0.075,0.941,0,10,635,0,0,0
8.17,75242,19.42,0.335,0.897,0,11,1047,0,0,0
14.27,20208,49.78,0.195,0.67,1,12,387,1,0,0
11.53,69377,19.29,0.064,0.741,1,9,206,1,0,0
39.47,46747,12.47,0.174,0.906,0,11,157,1,0,0
70.61,21451,11.51,0.056,0.905,0,11,781,0,0,0
20.26,84281,12.12,0.124,0.746,0,8,2347,1,0,0
16.83,44604,23.89,0.365,0.968,0,5,474,1,0,0
19.47,24935,1.17,0.186,0.494,0,9,315,1,0,0
11.17,63655,13.42,0.06,0.711,1,5,188,1,0,0
9.67,59153,20.56,0.29,0.705,0,5,415,1,0,0
7.27,29069,38.59,0.098,0.702,0,11,1062,1,0,0
9.36,21016,18.88,0.352,1.0,0,8,157,1,0,0
100.04,9571,65.15,0.236,0.833,0,12,2988,0,1,0
15.61,65583,14.66,0.241,0.744,0,7,253,1,0,0
2.58,9647,26.3,0.142,0.544,0,10,180,1,0,0
16.95,75828,0.44,0.171,1.0,1,5,1182,0,0,0
7.6,2288,6.81,0.484,0.729,0,7,238,1,0,0
28.43,39816,42.25,0.144,0.493,0,5,1125,0,0,0
26.08,33977,22.06,0.165,0.76,0,14,886,1,0,0
28.35,83084,73.05,0.256,0.924,0,9,459,1,0,0
26.24,46016,34.95,0.16,0.436,0,10,820,1,0,0
20.12,42982,14.93,0.155,0.677,0,10,577,1,0,0
8.46,25656,37.71,0.113,0.627,0,9,546,1,0,0
25.54,81602,15.77,0.022,0.826,0,10,1397,0,0,0
61.26,40813,10.02,0.05,0.694,0,10,562,1,1,0
115.69,32023,1.21,0.328,1.0,0,8,506,0,1,0
22.41,69075,50.18,0.174,1.0,1,8,671,1,0,0
24.44,78256,13.57,0.121,0.863,0,9,2273,1,0,0
40.46,26279,28.89,0.211,0.913,0,12,250,1,0,0
89.53,45902,4.15,0.065,0.958,0,11,165,0,1,0
18.37,14069,44.15,0.137,0.601,0,9,157,1,0,0
47.19,80837,43.46,0.413,0.668,0,10,274,1,0,0
14.04,85331,16.45,0.14,0.592,0,4,1299,0,0,0
35.3,67073,27.88,0.159,0.652,1,5,67,0,0,0
58.94,55221,18.43,0.105,0.889,1,10,826,1,0,0
9.65,48943,20.09,0.311,0.774,0,4,1260,0,0,0
17.81,58669,54.91,0.192,1.0,0,8,504,1,0,0
58.2,65464,85.22,0.266,0.751,0,9,2464,0,1,0
44.39,46174,11.45,0.068,0.68,0,10,183,1,0,0
62.1,65691,10.08,0.167,0.664,0,8,523,1,0,0
53.45,37652,9.05,0.31,0.784,0,12,2616,1,0,0
20.64,80109,36.82,0.18,0.479,1,8,81,1,0,0
157.49,65366,32.08,0.13,0.488,0,12,408,1,0,0
30.25,7977,1.12,0.179,0.8,1,10,1241,0,0,0
2.35,38924,2.31,0.084,0.857,0,7,838,0,0,0
21.63,21804,25.98,0.135,0.619,0,8,111,1,0,0
18.63,28853,8.04,0.045,0.84,0,10,543,1,0,0
51.22,30610,2.4,0.1,0.479,1,8,1213,1,0,0
18.9,5274,13.35,0.164,0.758,0,7,663,1,0,0
65.31,85927,52.49,0.068,0.487,0,7,2579,1,0,0
42.37,70394,11.4,0.041,0.796,1,9,45,0,1,0
12.18,80743,29.74,0.1,0.762,0,7,998,1,0,0
24.23,60323,57.71,0.216,0.814,0,9,96,1,1,0
14.58,37446,4.64,0.125,0.631,0,10,234,1,0,0
31.43,64374,23.52,0.365,0.595,0,7,184,0,0,0
14.51,61011,59.56,0.424,0.881,0,9,2754,1,0,0
28.78,22423,5.37,0.141,1.0,1,10,444,0,1,0
21.81,81596,112.1,0.149,0.62,0,9,219,1,0,0
24.0,15963,11.36,0.529,0.752,0,4,714,1,0,0
139.88,1699,6.13,0.304,1.0,0,8,1426,1,0,0
20.32,23218,45.48,0.069,0.822,0,5,758,1,0,0
5.77,60960,15.77,0.283,1.0,0,7,1032,0,0,0
61.11,26676,27.77,0.145,0.799,1,11,732,0,0,0
60.73,25289,16.81,0.189,0.682,0,10,411,0,0,0
5.57,51237,25.79,0.205,0.86,0,7,715,0,0,0
15.48,83371,0.9,0.068,0.88,0,6,2914,1,0,0
38.42,83317,10.78,0.124,0.662,0,7,1999,0,0,0
41.24,57768,26.77,0.056,0.979,0,5,208,1,0,0
27.01,50180,10.8,0.262,0.721,2,4,248,0,0,0
27.5,33458,37.38,0.144,0.628,0,11,365,0,0,0
12.8,7898,81.03,0.136,0.554,1,10,441,1,0,0
3.98,57115,0.95,0.084,0.629,0,6,1404,1,0,0
139.72,36347,48.33,0.09,0.975,0,12,999,0,0,0
12.49,77252,4.63,0.351,0.526,1,9,483,1,0,0
31.22,54544,62.32,0.242,0.718,0,13,895,1,0,0
23.88,74503,73.34,0.27,0.675,0,10,1098,0,0,0
55.58,83985,21.05,0.109,0.579,1,4,2368,1,0,0
29.72,59122,16.3,0.056,0.628,0,8,67,1,0,0
30.65,74356,35.52,0.196,0.946,0,11,2372,1,0,0
3.3,40,62.53,0.145,0.848,0,13,594,0,1,0
13.92,57642,6.61,0.146,0.683,1,14,231,1,1,0
49.19,45264,12.05,0.011,0.783,0,13,278,0,0,0
45.77,66414,13.51,0.13,0.719,0,14,810,0,0,0
12.66,30383,46.74,0.298,0.99,1,11,1124,1,0,0
7.67,75538,3.68,0.137,0.825,0,7,546,0,0,0
30.0,56555,24.39,0.187,0.751,0,8,435,1,0,0
2.65,64002,10.81,0.104,0.747,0,6,197,1,0,0
10.82,57726,54.18,0.071,0.756,0,9,59,1,0,0
110.84,66986,10.38,0.32,0.705,0,12,580,0,0,0
86.15,54525,95.36,0.099,0.738,0,14,678,0,0,0
40.04,51747,0.39,0.383,0.446,0,8,665,1,0,0
34.67,85509,6.85,0.226,0.638,0,9,1021,0,0,0
5.7,10727,15.28,0.029,0.729,0,7,197,1,1,0
14.99,54061,7.4,0.125,0.697,0,9,437,0,0,0
21.41,41979,33.43,0.112,0.439,0,7,553,0,0,0
15.25,77236,42.12,0.273,1.0,0,11,1896,0,0,0
98.52,54693,145.17,0.583,0.765,1,12,236,0,0,1
76.66,78846,88.0,0.247,0.866,0,9,102,0,0,0
17.58,73506,15.22,0.272,0.685,0,7,279,1,0,0
20.64,70817,97.51,0.124,0.928,1,7,406,1,0,0
48.99,52973,3.33,0.254,1.0,0,9,123,0,0,0
8.71,45489,46.76,0.36,1.0,0,10,308,0,0,0
13.84,67363,0.98,0.15,0.891,0,6,43,0,0,0
15.03,69647,18.98,0.159,0.701,0,7,1421,0,1,0
28.35,48086,16.56,0.198,0.877,0,9,180,1,0,0
20.57,41579,48.5,0.244,0.458,1,11,158,1,0,0
21.1,688,30.16,0.189,0.847,0,7,1544,0,0,0
15.93,10304,14.54,0.127,0.777,1,6,209,1,1,0
11.51,12862,56.51,0.059,0.462,0,10,1712,1,0,0
44.14,71752,54.26,0.08,0.659,0,10,634,1,0,0
20.69,84171,0.63,0.197,1.0,0,8,84,0,0,0
44.49,51453,51.2,0.191,0.58,0,14,340,1,0,0
11.14,77371,18.69,0.026,0.744,0,9,2368,1,1,0
15.92,54800,45.65,0.071,0.466,1,7,852,0,0,0
22.72,75970,5.0,0.095,0.772,0,5,3239,1,0,0
24.48,31269,4.1,0.09,0.659,0,13,705,0,0,0
49.58,71198,32.02,0.243,0.163,1,11,179,1,0,0
19.21,85861,8.05,0.168,0.693,0,13,2261,1,0,0
49.27,46873,20.46,0.187,0.882,0,8,2153,0,0,0
36.6,72948,29.18,0.187,0.575,1,11,1227,1,0,0
24.89,45330,23.57,0.38,0.698,0,11,134,1,0,0
12.67,83167,30.01,0.271,0.859,1,10,95,1,0,0
49.67,45594,24.21,0.296,0.575,0,10,468,1,1,0
12.92,9465,11.92,0.166,0.571,0,8,1183,1,0,0
26.65,72422,2.37,0.011,0.642,0,7,365,1,1,0
25.97,56627,48.34,0.032,0.798,0,11,562,1,0,0
22.97,4705,46.77,0.183,0.877,0,9,192,1,0,0
19.86,51391,0.14,0.172,0.776,0,8,4048,1,0,0
14.05,33465,45.95,0.068,0.658,0,8,2218,0,0,0
7.44,2066,4.09,0.256,0.88,1,7,752,1,0,0
83.35,37442,10.12,0.053,0.824,0,13,1063,0,1,0
18.29,60421,13.33,0.169,0.722,0,9,577,1,0,0
24.47,85132,28.46,0.194,0.403,0,6,593,0,0,0
24.35,30445,2.42,0.324,0.891,0,5,2889,1,0,0
65.14,36581,43.81,0.191,0.751,0,2,962,1,0,0
127.3,34920,71.51,0.02,0.742,1,13,67,1,0,0
30.81,28503,76.28,0.174,0.979,0,8,1822,1,0,0
23.91,40457,2.41,0.083,0.783,0,12,1279,1,0,0
11.04,43791,62.95,0.087,0.341,0,5,888,1,0,0
8.54,48406,20.97,0.416,0.884,0,7,808,1,0,0
6.56,26926,32.45,0.055,0.959,1,9,335,0,0,0
31.98,78859,111.47,0.467,0.498,1,12,1711,1,0,1
5.09,54939,27.04,0.364,0.915,0,8,135,0,0,0
64.27,76876,15.25,0.321,1.0,1,13,490,0,0,0
38.03,52793,18.62,0.113,0.941,0,9,1672,1,0,0
187.3,27265,96.22,0.482,0.527,3,3,1612,1,0,1
142.52,173,61.71,0.177,0.137,3,6,368,0,1,1
11.51,75152,55.14,0.542,0.91,0,5,499,0,0,0
14.07,85823,21.51,0.755,0.953,0,7,1772,1,0,0
5.77,73046,5.93,0.241,0.71,0,15,991,0,0,0
50.37,82368,10.64,0.331,0.899,0,11,2463,1,0,0
14.18,14389,11.23,0.206,0.791,1,8,108,1,0,0
27.46,58794,8.53,0.192,0.927,1,12,224,1,0,0
60.46,5835,34.33,0.065,0.681,0,16,2821,1,0,0
81.18,27062,45.2,0.168,0.869,0,7,106,1,0,0
26.49,17165,9.64,0.196,0.873,0,7,138,0,0,0
36.87,85488,46.79,0.162,0.521,0,13,1179,1,0,0
13.16,24747,33.15,0.124,0.714,1,10,553,1,0,0
104.24,31269,14.55,0.257,0.724,0,6,422,0,1,0
23.74,11961,29.99,0.214,0.682,0,8,742,1,0,0
28.91,70481,36.67,0.245,0.523,2,6,903,0,1,0
19.58,34627,20.58,0.164,1.0,0,8,766,0,0,0
70.77,58694,14.63,0.115,0.882,0,12,1697,1,0,0
31.81,3919,2.68,0.137,0.594,0,8,89,1,0,0
49.84,76402,0.03,0.339,0.646,0,9,1105,1,0,0
35.99,33316,69.22,0.293,1.0,0,6,91,1,0,0
22.73,54212,7.78,0.185,0.588,0,8,788,1,0,0
57.03,60982,27.19,0.07,0.797,1,9,732,1,0,0
35.74,166,71.78,0.182,0.784,0,5,3257,1,0,0
12.57,11952,42.63,0.222,0.962,0,6,762,0,1,0
12.29,18784,3.27,0.184,0.84,0,8,931,0,0,0
30.54,31422,40.48,0.16,0.571,0,9,869,1,0,0
56.03,68706,32.4,0.099,0.807,0,15,881,0,0,0
100.64,42607,9.99,0.24,0.777,0,12,314,1,0,0
6.54,61089,29.25,0.48,0.664,0,12,3793,0,1,0
27.67,68157,43.7,0.153,0.621,0,7,575,1,0,0
40.11,62964,8.61,0.137,0.788,1,12,33,0,1,0
34.35,36169,50.82,0.068,0.677,0,6,164,1,0,0
60.79,15293,2.05,0.115,0.781,0,7,422,0,0,0
45.81,71708,18.74,0.126,0.794,0,14,1100,1,0,0
12.32,542,6.64,0.219,0.829,0,1,1548,1,1,0
12.04,75067,32.55,0.128,0.583,0,15,2182,1,0,0
34.81,30246,4.81,0.148,0.699,0,14,799,1,0,0
59.88,44544,10.44,0.443,0.584,0,9,593,0,1,0
30.41,76473,3.41,0.084,0.583,1,8,1641,0,0,0
7.67,28250,41.77,0.092,0.885,0,10,869,0,0,0
82.57,24501,28.12,0.261,0.591,1,13,1019,1,0,1
47.14,55494,32.11,0.126,1.0,0,9,949,1,0,0
20.51,75957,30.71,0.236,0.49,0,7,81,0,0,0
29.8,71309,3.84,0.186,0.692,0,11,1247,1,0,0
63.58,80002,20.87,0.224,0.666,0,11,856,0,1,0
10.36,82948,17.17,0.171,1.0,0,8,47,1,1,0
19.46,64336,22.57,0.249,0.618,0,2,1432,1,0,0
17.84,6310,69.21,0.198,0.67,1,9,293,1,0,0
36.03,37248,2.1,0.146,0.982,0,11,157,1,1,0
26.43,85623,280.05,0.498,0.544,3,8,843,1,1,1
8.3,13866,49.53,0.54,0.366,1,11,1134,0,0,0
26.99,72795,3.37,0.234,0.813,0,6,36,1,0,0
54.35,18618,26.69,0.147,0.573,1,7,1883,0,0,0
6.15,50765,30.28,0.098,0.959,2,5,679,1,1,0
25.75,69072,19.89,0.13,0.899,0,12,516,1,0,0
10.25,48910,17.48,0.365,0.638,0,8,3716,1,1,0
16.23,16941,9.56,0.2,0.618,0,13,1131,1,0,0
3.65,46598,29.21,0.16,0.67,0,11,192,1,0,0
82.61,13993,8.41,0.077,0.785,0,11,2243,0,0,0
11.81,28786,36.04,0.369,0.524,2,16,29,0,0,1
14.21,40198,48.69,0.143,0.639,0,13,507,1,0,0
35.26,55214,2.35,0.047,0.875,0,8,627,1,0,0
11.78,82777,18.79,0.133,0.676,1,8,2106,1,0,0
21.66,60365,62.71,0.31,0.0,1,3,318,0,1,1
90.76,67346,11.89,0.092,0.565,0,9,1408,0,1,0
115.23,18740,22.75,0.252,0.726,0,16,269,1,0,0
16.88,46937,0.39,0.007,0.741,0,11,972,1,0,0
63.68,79887,16.95,0.084,0.806,1,5,1980,1,0,0
36.05,53217,16.62,0.06,0.85,1,10,93,1,0,0
8.75,77885,18.15,0.456,0.626,0,9,692,0,0,0
12.9,29377,5.97,0.133,1.0,0,12,2423,0,0,0
93.77,32064,5.82,0.081,0.481,0,11,415,1,0,0
8.66,28015,26.05,0.247,0.641,1,9,2481,1,0,0
168.14,52658,2.43,0.237,0.444,0,17,273,1,0,0
17.17,53539,9.13,0.169,0.867,0,6,588,0,0,0
96.03,13636,44.42,0.081,0.687,1,10,700,0,1,0
21.23,81270,2.74,0.203,0.656,1,4,675,1,0,0
51.41,73448,15.78,0.133,0.686,0,12,2008,1,0,0
82.77,50304,27.61,0.218,0.484,0,10,565,0,1,0
82.43,46728,3.82,0.186,0.555,0,11,628,0,1,0
16.99,2574,9.37,0.177,1.0,1,12,1961,1,0,0
13.65,30537,20.45,0.277,0.854,0,8,1999,0,1,0
107.14,52452,31.35,0.33,0.844,1,9,1152,1,1,1
9.58,39715,2.91,0.436,0.93,0,12,532,0,0,0
32.83,39669,6.61,0.215,0.751,0,5,447,0,1,0
14.06,334,2.9,0.186,0.754,0,11,2079,1,0,0
64.47,13186,102.69,0.044,0.505,0,7,1967,1,0,0
17.18,62098,6.72,0.092,0.544,0,7,411,0,0,0
6.73,46632,18.91,0.253,0.938,0,13,231,1,0,0
83.16,22820,13.99,0.07,0.519,0,7,733,0,0,0
31.4,45498,21.07,0.316,0.58,0,11,1124,1,0,0
27.75,67266,17.23,0.452,0.523,0,11,819,0,0,0
65.07,38023,32.47,0.148,0.749,1,11,285,1,1,0
54.45,83644,51.59,0.245,0.728,0,6,54,1,0,0
14.74,911,8.4,0.014,0.714,1,11,789,1,0,0
18.92,31751,5.07,0.107,0.302,0,5,333,1,0,0
11.13,29627,103.92,0.142,0.728,1,10,1295,1,0,0
8.4,47883,50.26,0.361,0.818,1,10,79,0,1,0
43.07,28080,11.31,0.259,0.826,1,5,2537,0,1,0
37.1,74063,56.29,0.161,0.58,0,11,90,1,0,0
49.83,57339,27.76,0.139,0.955,0,12,353,1,0,0
75.59,79683,14.38,0.269,0.786,0,13,173,0,0,0
50.38,78242,51.67,0.088,0.703,0,12,4058,1,0,0
54.1,44840,28.12,0.32,0.925,0,8,35,1,1,0
5.14,46908,43.78,0.044,0.668,1,10,189,1,0,0
21.21,51167,13.52,0.207,0.908,0,12,197,1,0,0
58.65,36427,40.08,0.493,0.717,1,7,1380,0,0,0
10.65,78329,11.43,0.137,0.493,0,8,1872,1,0,0
29.18,78804,33.21,0.472,0.731,0,9,2801,1,0,0
41.08,77122,14.3,0.584,0.975,0,8,132,1,1,0
38.64,80826,12.99,0.054,0.627,0,5,159,1,0,0
36.42,20481,39.82,0.091,0.74,0,6,5281,1,1,0
43.78,15993,3.34,0.322,0.73,0,13,68,0,0,0
31.33,24453,65.85,0.212,0.575,0,7,875,1,0,0
8.41,60600,17.77,0.104,0.583,0,11,265,1,0,0
40.67,32783,25.27,0.333,0.744,1,14,1661,1,0,0
34.05,37142,12.99,0.358,0.786,1,6,40,1,1,0
8.5,54622,25.95,0.042,0.611,1,19,165,0,0,0
81.76,50728,30.93,0.429,1.0,0,5,357,1,0,0
41.56,32669,50.71,0.055,0.804,0,10,589,1,0,0
8.99,13250,48.17,0.167,0.567,1,7,536,1,0,0
14.1,60278,11.07,0.289,0.929,0,12,1511,1,0,0
17.27,5174,23.92,0.26,0.896,0,12,135,1,1,0
17.26,30927,37.92,0.247,1.0,0,8,1083,1,0,0
34.28,47235,36.19,0.212,0.745,2,11,1077,1,0,0
12.42,9571,55.39,0.518,0.721,1,9,5126,1,0,0
66.85,55067,44.59,0.03,0.85,0,7,934,1,0,0
62.59,77041,31.63,0.46,0.798,0,16,393,1,0,0
44.5,34075,34.54,0.282,0.695,0,6,383,1,0,0
28.09,9850,41.18,0.201,0.679,0,13,984,1,0,0
57.4,70068,45.49,0.05,0.695,0,7,934,0,0,0
21.74,7106,10.87,0.043,0.785,0,13,1174,1,0,0
15.19,59404,38.06,0.102,0.716,1,10,951,0,0,0
70.25,62723,74.5,0.184,0.394,0,12,212,0,0,0
34.95,16463,6.63,0.307,0.808,0,8,557,1,1,0
17.24,65464,68.34,0.555,0.177,1,9,104,0,1,1
19.41,59867,1.88,0.12,0.619,1,7,1056,0,0,0
15.04,31803,6.11,0.22,0.757,1,6,1286,1,0,0
136.69,27694,63.08,0.206,0.696,0,8,710,0,1,0
27.2,22348,3.39,0.11,0.826,0,3,1530,1,0,0
30.76,21993,34.42,0.031,0.906,0,9,1852,0,0,0
48.28,80585,50.44,0.093,0.941,1,6,1467,0,0,0
10.25,56355,52.5,0.198,0.654,0,7,1035,1,0,0
65.19,60946,13.48,0.104,0.814,1,7,337,1,0,0
16.67,56575,17.09,0.293,1.0,1,9,581,0,1,0
117.22,49437,9.76,0.14,0.662,0,15,1992,1,0,0
21.11,75304,3.98,0.203,0.743,0,14,310,1,1,0
62.18,25519,5.96,0.331,0.71,0,9,984,0,1,0
3.68,18602,3.62,0.469,0.931,1,7,1732,1,0,0
10.59,9712,13.09,0.093,0.644,0,13,3461,1,0,0
21.44,85236,4.67,0.089,1.0,0,9,581,1,0,0
5.34,1984,12.91,0.257,0.891,0,8,1756,1,0,0
43.85,52616,47.63,0.16,0.744,0,9,215,1,0,0
34.83,75478,26.57,0.226,1.0,1,13,824,1,0,0
12.27,3723,27.17,0.034,0.502,0,9,1541,0,0,0
26.77,67881,41.77,0.138,0.542,0,9,38,0,1,0
51.69,72136,1.05,0.179,0.707,1,13,440,1,0,0
5.04,1460,39.56,0.377,0.739,1,7,1179,1,0,0
9.79,1208,5.46,0.253,0.719,0,12,203,1,0,0
20.74,69331,10.61,0.206,0.887,0,12,3494,1,1,0
27.63,30991,9.21,0.171,0.605,0,7,2108,1,0,0
25.87,29794,2.79,0.108,0.865,0,11,937,1,0,0
55.23,67203,4.77,0.068,0.777,1,8,251,1,0,0
39.72,80498,78.29,0.473,0.911,0,13,962,1,0,0
47.34,75224,22.92,0.102,0.844,0,10,969,1,0,0
8.92,56891,16.06,0.169,0.592,0,8,995,1,1,0
30.44,60187,35.45,0.184,0.965,0,9,295,1,0,0
21.21,22923,42.02,0.224,0.763,0,8,733,1,0,0
43.1,75648,36.82,0.465,0.39,2,13,503,0,1,1
31.17,12674,33.76,0.116,0.987,0,11,165,0,0,0
15.88,72213,67.35,0.197,0.46,0,8,439,1,0,0
53.62,85332,22.01,0.123,0.445,1,14,167,1,0,0
42.55,56858,23.81,0.059,0.774,1,5,843,0,0,0
14.05,75668,51.08,0.252,0.678,0,10,1267,0,0,0
20.52,4309,28.45,0.052,1.0,0,7,1061,1,0,0
20.8,5911,133.83,0.449,0.816,1,7,861,1,0,0
72.38,67757,8.31,0.284,0.682,1,11,814,0,0,0
31.9,49424,46.69,0.079,0.725,1,10,135,1,0,0
48.49,79620,23.7,0.055,0.983,0,6,51,0,0,0
18.27,36389,11.38,0.176,0.787,0,6,1013,1,0,0
35.44,53737,53.65,0.34,0.827,0,9,2631,1,0,0
76.91,30618,139.63,0.242,0.836,0,8,2683,1,1,0
20.31,15541,1.49,0.097,1.0,0,13,958,1,0,0
29.73,16985,64.93,0.22,0.826,0,9,566,0,0,0
9.11,60486,5.68,0.077,0.714,0,10,969,1,0,0
131.11,74339,8.55,0.479,0.689,1,9,138,1,0,1
20.75,56630,1.07,0.236,0.737,2,7,93,1,0,0
11.6,65862,63.84,0.275,0.822,0,12,317,1,0,0
78.07,59050,35.62,0.131,0.618,0,10,3451,0,0,0
13.87,61786,1.37,0.135,0.719,0,15,1470,1,1,0
50.88,68463,25.1,0.083,1.0,1,7,434,1,0,0
31.48,62191,3.2,0.114,0.633,1,15,1861,0,0,0
27.79,79063,34.8,0.159,0.618,0,13,415,0,0,0
89.03,84028,13.15,0.153,0.998,0,9,1678,1,0,0
4.44,34732,1.33,0.257,0.741,0,18,683,1,0,0
23.17,58553,44.21,0.684,0.858,0,9,2009,1,0,0
11.42,25599,21.24,0.269,1.0,0,8,740,1,0,0
5.65,83674,37.06,0.131,0.718,1,6,1263,0,0,0
10.43,30252,28.06,0.157,0.814,1,15,485,0,0,0
27.49,60288,14.25,0.06,0.606,0,8,878,1,0,0
15.18,71817,29.99,0.338,0.704,0,11,398,1,1,0
55.55,57017,0.37,0.095,0.737,0,15,553,0,0,0
22.85,59229,10.38,0.105,0.409,0,9,218,1,0,0
20.91,2075,37.61,0.261,0.936,0,12,356,1,0,0
20.98,4028,36.0,0.334,0.855,0,4,507,0,1,0
25.06,69737,54.6,0.359,0.801,0,12,3215,1,0,0
19.4,61213,23.61,0.191,0.859,0,7,158,1,0,0
13.72,81691,71.27,0.12,0.418,0,5,597,1,0,0
59.82,47260,20.39,0.107,0.875,0,5,616,0,0,0
16.46,26398,17.35,0.173,0.521,1,7,550,1,0,0
19.95,44138,5.49,0.047,0.636,0,13,47,1,0,0
38.23,34024,37.72,0.201,0.866,0,14,2589,0,0,0
34.99,57539,29.45,0.149,0.518,0,7,673,0,0,0
13.27,4297,15.44,0.262,0.789,0,8,695,0,0,0
49.6,51308,2.28,0.382,1.0,0,12,140,1,0,0
41.68,78366,3.36,0.259,0.696,0,12,854,0,0,0
31.26,22241,3.04,0.184,0.904,0,8,1032,1,0,0
19.2,61158,11.77,0.264,0.394,0,6,353,0,0,0
19.58,45945,4.33,0.142,1.0,1,9,889,0,0,0
23.07,2859,49.3,0.038,0.716,1,9,213,0,0,0
10.12,67998,57.4,0.238,0.673,1,6,686,1,0,0
26.27,43379,48.58,0.056,0.646,0,7,186,0,1,0
55.35,34442,23.47,0.392,0.405,1,9,406,1,0,0
54.66,49515,22.68,0.18,0.774,0,14,58,1,0,0
19.99,46315,55.39,0.075,0.483,0,10,4446,0,0,0
63.51,81695,13.03,0.167,0.467,0,7,2646,1,0,0
124.55,68054,1.61,0.173,0.596,0,8,35,0,0,0
21.05,46951,15.89,0.227,0.825,0,9,1083,1,0,0
47.14,8691,20.17,0.222,0.469,0,6,894,0,0,0
4.44,18854,19.93,0.107,0.578,0,13,69,1,0,0
9.91,49730,4.33,0.222,0.992,0,10,1179,1,0,0
29.16,61208,38.24,0.049,0.735,0,13,1767,1,0,0
12.12,81435,32.92,0.195,0.907,2,8,1704,1,0,0
138.57,80274,6.53,0.366,0.756,0,6,1013,1,0,0
43.74,80365,20.03,0.141,0.871,0,14,2131,1,0,0
58.71,22226,39.06,0.067,0.819,1,13,1367,0,0,0
26.49,1257,0.19,0.041,0.839,0,6,1531,1,0,0
12.15,6635,8.04,0.304,0.971,0,13,1115,0,0,0
17.9,2972,15.97,0.079,0.527,0,7,855,1,0,0
33.23,70577,46.61,0.088,0.896,0,10,651,1,0,0
16.28,53137,40.11,0.238,0.803,1,6,318,1,0,0
46.38,68524,4.09,0.394,0.517,0,8,2054,0,0,0
47.9,1524,15.53,0.287,0.715,0,9,142,1,0,0
27.22,72023,9.08,0.335,0.691,0,14,2477,1,0,0
6.29,78181,12.83,0.099,0.605,0,8,384,1,0,0
106.89,45181,19.45,0.107,0.789,0,10,1216,0,0,0
22.87,38607,17.3,0.019,0.853,0,4,272,1,1,0
236.85,30801,3.82,0.234,1.0,1,15,57,0,0,0
45.7,24827,3.24,0.052,0.749,0,7,839,0,0,0
22.92,71208,3.49,0.442,0.546,0,10,1544,1,0,0
38.79,381,46.02,0.365,0.849,0,12,140,0,0,0
5.39,1804,0.5,0.14,1.0,0,6,425,1,0,0
61.62,18371,5.65,0.255,0.509,2,6,528,1,1,0
211.36,29388,78.03,0.087,0.613,1,9,225,1,0,0
5.1,70754,1.71,0.15,0.575,1,6,71,0,0,0
21.54,68178,0.92,0.083,0.331,0,8,764,1,0,0
24.92,49175,12.25,0.283,0.856,0,13,3115,1,0,0
54.61,15776,4.1,0.14,0.613,0,9,335,1,0,0
146.17,352,20.85,0.255,0.741,0,4,69,1,0,0
36.83,22600,10.33,0.004,0.905,0,9,694,1,0,0
150.42,12982,5.86,0.068,0.54,0,10,990,1,0,0
31.07,53240,164.31,0.154,0.634,0,7,861,1,0,0
38.91,61954,10.43,0.421,0.618,2,11,504,0,0,0
35.25,66306,25.61,0.08,0.352,0,9,431,1,0,0
62.69,29725,103.01,0.415,0.841,7,7,46,0,1,1
19.34,54721,63.9,0.375,0.43,0,9,305,0,1,0
52.18,64991,13.2,0.245,0.784,0,9,2912,1,0,0
10.13,31658,93.41,0.197,0.865,1,11,55,1,0,0
21.59,46536,32.24,0.155,0.486,0,11,107,0,0,0
16.29,11073,21.88,0.136,1.0,1,11,60,0,0,0
29.09,50899,29.55,0.045,0.943,0,11,1512,1,0,0
21.05,54627,11.16,0.103,0.733,1,9,806,1,0,0
67.07,17005,13.81,0.198,0.549,0,12,434,0,0,0
13.42,76303,22.06,0.285,0.721,3,6,210,1,0,0
6.79,58137,9.89,0.164,1.0,0,10,1569,1,0,0
9.15,68877,36.61,0.126,0.816,1,8,597,1,1,0
60.06,24110,7.23,0.071,0.562,0,8,327,1,0,0
12.48,13457,39.84,0.085,0.601,0,12,2364,1,0,0
37.27,44699,4.13,0.242,0.508,0,3,37,1,0,0
21.42,34670,6.13,0.046,0.458,0,7,415,1,0,0
52.43,53789,34.97,0.551,0.837,0,12,67,1,1,0
22.54,29288,7.63,0.159,0.547,1,7,262,1,0,0
247.52,18324,39.67,0.202,0.854,1,11,2559,1,0,0
123.78,15919,38.3,0.255,0.988,0,6,573,0,1,0
21.07,33974,7.44,0.179,1.0,0,9,1036,1,0,0
18.88,31785,1.9,0.142,0.772,0,17,157,1,0,0
332.24,82084,4.55,0.256,0.21,0,8,1352,0,0,0
11.44,6952,34.91,0.067,0.952,0,10,371,1,0,0
25.95,60255,46.93,0.401,0.757,0,11,90,1,1,0
27.6,13525,12.07,0.06,0.666,0,14,783,1,0,0
27.06,17595,4.48,0.252,0.765,0,6,721,1,0,0
6.75,26057,1.96,0.437,0.609,1,13,781,1,0,0
40.34,1495,6.08,0.278,0.961,0,8,331,1,0,0
12.47,59136,97.41,0.046,0.748,0,6,55,1,0,0
85.52,81655,4.67,0.217,0.85,0,11,2295,1,0,0
8.46,29749,2.25,0.245,0.73,0,5,826,1,0,0
28.43,77455,38.48,0.216,0.866,0,4,912,1,0,0
4.6,40452,23.89,0.193,0.739,2,8,36,1,0,0
4.84,30622,19.13,0.147,0.622,0,11,1918,1,0,0
13.85,24940,14.85,0.144,0.889,1,9,1687,1,0,0
15.51,56356,30.25,0.534,1.0,0,13,2685,1,1,0
87.58,86134,29.96,0.06,0.745,0,9,1693,0,0,0
26.25,16746,13.81,0.181,1.0,0,5,2062,0,0,0
76.24,68976,6.67,0.096,1.0,0,10,141,0,0,0
20.01,13245,46.01,0.211,0.795,1,7,1764,1,0,0
44.03,53570,4.5,0.109,1.0,0,7,2637,1,0,0
15.17,44511,19.09,0.437,0.611,0,7,2577,1,0,0
14.37,27567,29.5,0.057,1.0,1,6,575,1,0,0
6.32,40659,25.46,0.186,0.636,0,6,1023,1,1,0
35.47,24029,24.11,0.229,0.184,1,9,2783,1,0,0
33.44,57791,27.16,0.172,0.766,0,8,459,1,0,0
50.49,31428,52.12,0.263,0.843,0,9,504,1,0,0
32.2,1791,11.37,0.014,0.778,0,8,324,0,0,0
137.13,46739,24.68,0.306,0.671,0,7,842,1,0,0
31.21,2389,29.85,0.268,0.696,1,15,117,0,0,0
59.95,54538,22.31,0.35,0.533,1,9,678,1,0,0
20.92,56657,58.33,0.139,0.626,0,7,127,1,0,0
13.11,7582,26.59,0.359,0.987,3,11,2154,1,0,0
48.14,33058,13.81,0.271,0.954,0,10,3161,1,0,0
25.25,13750,46.7,0.079,0.783,0,8,59,1,0,0
52.75,82220,16.81,0.383,0.606,0,7,708,1,0,0
35.96,14995,18.88,0.401,0.654,0,12,2935,1,0,0
14.38,7432,21.82,0.171,0.783,0,7,155,0,0,0
64.04,28552,9.74,0.333,0.679,0,9,687,0,0,0
13.5,31417,32.05,0.243,0.798,0,13,63,1,0,0
44.71,27590,2.58,0.244,0.848,0,8,288,1,0,0
75.59,10496,50.79,0.148,0.844,0,15,618,0,0,0
19.93,67282,35.12,0.068,0.721,2,8,1068,1,0,0
68.36,57858,10.91,0.2,0.448,0,7,860,0,0,0
37.27,8870,6.42,0.468,0.809,0,9,243,1,0,0
53.6,60765,12.27,0.298,0.702,1,7,111,1,0,0
13.88,10444,40.88,0.131,0.581,1,7,294,1,0,0
32.18,343,0.8,0.089,0.733,1,7,102,0,0,0
8.79,15898,15.77,0.187,0.972,0,14,1066,1,0,0
106.6,77175,7.33,0.091,0.697,1,7,40,0,0,0
5.41,75880,51.98,0.321,0.698,0,5,469,1,1,0
20.41,49258,13.35,0.459,0.746,0,11,1921,0,0,0
12.87,54963,29.92,0.045,0.544,2,10,591,1,0,0
46.51,28773,11.07,0.392,0.866,1,9,66,1,0,0
126.36,5783,10.0,0.096,0.972,0,6,202,0,0,0
45.78,19744,9.86,0.294,0.674,0,8,361,0,0,0
289.75,47240,28.34,0.163,0.737,0,12,1148,0,0,0
9.0,66025,83.27,0.163,0.521,0,3,570,0,1,0
9.57,85680,5.83,0.347,0.592,1,9,1929,1,0,0
13.27,45122,25.81,0.488,0.651,1,12,77,0,0,0
29.87,76950,7.71,0.206,0.502,0,9,66,0,0,0
11.92,53228,19.93,0.162,0.948,0,8,686,0,0,0
14.86,55111,19.5,0.132,0.903,0,5,492,1,0,0
44.54,9565,14.95,0.065,0.83,1,7,823,0,0,0
10.06,25203,17.26,0.094,0.534,0,13,606,1,0,0
10.95,68231,53.05,0.375,0.549,0,13,815,1,0,0
19.71,58514,2.32,0.144,0.615,0,12,289,1,0,0
21.25,29036,44.34,0.182,0.695,1,11,1210,1,0,0
60.83,66213,15.51,0.109,0.942,0,10,1265,1,1,0
13.19,15587,10.15,0.15,1.0,0,11,114,0,0,0
15.24,71347,4.87,0.023,0.817,0,9,507,1,0,0
43.18,77089,42.16,0.253,0.598,0,7,896,1,0,0
51.48,3401,22.41,0.069,0.974,1,8,2063,0,0,0
85.03,18826,32.58,0.056,0.582,1,15,828,1,1,0
39.46,66090,9.46,0.101,0.593,0,6,2141,1,1,0
30.09,41762,12.48,0.272,0.673,0,8,389,0,0,0
42.95,83082,61.23,0.141,0.893,0,11,716,1,0,0
54.21,16807,59.21,0.385,0.628,0,9,61,0,0,1
21.76,75004,33.66,0.196,0.862,1,13,428,0,0,0
6.56,41375,34.6,0.054,0.284,0,7,986,1,0,0
55.41,11184,29.64,0.039,0.744,0,8,511,1,0,0
32.11,13818,22.12,0.312,0.628,0,7,616,0,0,0
50.48,83925,22.6,0.322,0.944,0,10,428,1,0,0
2.85,60088,82.97,0.152,0.963,1,9,609,1,0,0
15.97,12864,176.64,0.359,0.157,5,10,430,1,0,1
13.67,35631,26.63,0.306,0.863,0,14,250,1,1,0
90.12,67548,5.24,0.129,0.429,1,14,96,0,0,0
44.32,4309,94.39,0.095,0.92,0,7,168,1,0,0
32.7,7647,18.36,0.255,1.0,0,12,784,1,0,0
19.19,61592,71.93,0.231,0.534,0,8,311,0,0,0
96.91,56167,13.38,0.263,0.774,1,9,32,0,1,1
12.9,45996,1.02,0.27,0.694,0,6,1387,1,0,0
25.03,77668,19.36,0.077,0.726,0,7,308,1,0,0
17.07,3871,55.8,0.197,0.995,0,8,357,0,0,0
166.2,78970,1.33,0.292,0.903,0,10,980,1,0,0
87.88,72285,50.38,0.1,0.874,0,5,228,1,0,0
63.46,55163,23.76,0.1,0.918,0,10,747,1,0,0
8.23,34411,1.14,0.218,0.722,0,7,199,0,0,0
54.13,60143,11.69,0.31,0.414,1,10,647,0,0,0
31.5,75531,0.77,0.341,0.903,0,15,382,0,0,0
72.15,60551,0.04,0.263,0.806,0,16,874,1,0,0
35.09,53399,56.69,0.542,0.91,0,11,1333,1,0,0
26.97,23421,34.52,0.118,0.988,0,5,153,1,0,0
32.69,82828,8.54,0.171,0.401,0,6,350,1,0,0
6.39,71502,3.02,0.164,0.827,0,11,869,1,0,0
14.67,60581,1.4,0.111,0.679,0,10,341,0,0,0
36.55,11629,62.29,0.178,1.0,1,10,897,0,0,0
67.46,4534,24.56,0.016,0.757,0,7,1695,1,0,0
17.45,22624,4.38,0.26,0.741,0,14,403,1,0,0
26.24,3538,28.6,0.039,0.737,0,7,704,1,0,0
7.53,38786,170.1,0.115,1.0,0,12,336,1,1,0
87.13,31866,38.78,0.215,0.811,1,6,1797,1,0,0
66.09,75286,14.79,0.081,0.854,0,6,2237,0,0,0
45.68,64317,42.07,0.237,1.0,0,11,388,0,0,0
37.54,38085,34.09,0.359,0.836,0,12,475,0,0,0
93.88,26744,2.32,0.165,0.797,1,10,301,1,0,0
14.24,22952,64.99,0.162,0.938,0,11,227,0,0,0
13.06,26460,53.88,0.239,0.815,1,8,469,0,0,0
63.38,63491,22.32,0.277,0.893,0,9,146,0,1,0
60.07,7422,17.74,0.284,0.445,0,10,751,1,0,0
10.44,15358,6.46,0.063,1.0,0,7,356,0,0,0
17.72,69075,44.96,0.249,0.636,0,12,1275,0,0,0
104.72,68402,14.14,0.32,0.646,0,8,842,1,0,0
37.69,37046,21.65,0.116,0.633,0,10,222,1,0,0
50.89,64618,4.66,0.005,0.531,0,15,555,1,0,0
10.73,28094,6.01,0.048,0.977,0,13,117,1,0,0
45.85,80452,105.33,0.34,0.724,0,10,70,1,0,0
8.71,50951,17.03,0.126,0.516,0,9,693,1,0,0
5.56,65927,42.29,0.144,0.636,0,13,690,1,0,0
48.49,68834,44.26,0.158,0.632,0,5,179,1,1,0
85.42,78738,99.76,0.042,0.983,0,8,787,1,0,0
22.13,26991,101.72,0.04,0.531,0,13,207,1,0,0
17.51,37321,15.26,0.389,0.685,0,12,987,0,1,0
106.56,14518,75.05,0.15,0.905,0,8,878,1,1,0
38.14,81122,16.65,0.233,0.352,0,9,963,1,0,1
25.72,77768,23.39,0.282,0.553,0,2,1288,1,0,0
105.13,68679,43.11,0.132,1.0,0,13,1007,0,0,0
20.43,18943,61.27,0.205,0.692,0,8,134,0,1,0
16.07,15367,18.55,0.024,1.0,0,13,622,1,0,0
52.06,38840,13.53,0.159,0.684,0,7,95,1,0,0
15.34,27347,32.6,0.217,0.793,0,11,266,0,0,0
24.15,5894,15.22,0.401,1.0,0,12,2710,0,0,0
9.44,20525,27.85,0.285,0.65,2,9,918,0,0,0
31.45,41732,40.77,0.011,0.571,0,9,1298,1,0,0
28.63,26026,45.99,0.383,0.709,0,8,841,1,0,0
58.82,24255,7.34,0.102,0.881,0,9,846,0,0,0
53.83,5790,21.18,0.114,0.837,0,10,593,1,0,0
42.15,10476,0.63,0.15,0.826,1,9,1385,1,0,0
37.17,65106,39.96,0.075,0.739,0,6,1261,1,0,0
25.57,32555,3.34,0.077,1.0,1,7,2047,1,0,0
112.63,19422,389.05,0.683,0.097,3,7,245,1,1,1
11.14,55982,13.06,0.251,0.645,0,9,80,1,1,0
4.14,57407,4.58,0.21,0.84,0,8,290,1,0,0
68.69,26902,39.72,0.109,0.837,0,8,671,0,0,0
46.49,49201,5.59,0.139,0.669,0,12,437,1,0,0
24.49,45270,12.54,0.232,1.0,0,15,906,1,0,0
64.05,46716,20.92,0.271,0.993,0,16,1276,0,1,0
15.1,38947,11.16,0.285,0.856,1,9,1899,1,0,0
15.42,50826,4.93,0.185,0.79,0,8,225,1,0,0
13.8,1591,13.03,0.193,0.699,0,11,576,0,0,0
42.7,4344,3.89,0.25,0.572,0,10,877,0,1,0
7.64,82653,31.75,0.106,0.86,0,9,2610,0,0,0
14.68,5956,4.7,0.42,0.652,0,10,181,0,0,0
34.18,19236,16.46,0.157,0.864,0,7,77,1,0,0
10.35,16851,20.55,0.221,0.575,1,8,1443,1,0,0
15.99,19192,72.54,0.09,0.307,0,7,1278,1,0,0
4.62,57853,2.04,0.413,0.578,0,7,429,1,1,0
44.02,56713,66.64,0.053,0.36,0,11,573,0,0,0
15.64,35541,5.84,0.09,1.0,0,11,65,0,0,0
11.25,2857,45.96,0.322,1.0,0,6,1091,0,0,0
9.62,19613,2.37,0.085,0.57,0,9,1093,0,1,0
19.4,68701,112.08,0.19,0.479,0,10,1264,1,0,0
7.66,77797,41.21,0.381,0.538,0,6,1519,1,0,0
128.24,16549,1.63,0.276,0.71,0,6,443,1,0,0
4.02,11633,6.02,0.214,0.965,0,6,74,1,0,0
18.91,75103,19.88,0.053,0.554,0,7,1744,1,0,0
29.53,76787,18.54,0.597,0.836,0,13,365,1,0,0
14.58,39457,24.81,0.156,0.739,0,13,90,1,1,0
32.13,73790,15.57,0.039,1.0,0,8,1274,0,0,0
14.3,65025,33.12,0.231,0.904,0,11,140,1,0,0
92.21,68285,10.71,0.039,0.889,0,10,462,0,0,0
11.08,53126,4.85,0.175,0.683,1,16,1510,1,0,0
4.13,64094,0.86,0.047,0.746,0,9,171,0,0,0
9.59,9734,9.82,0.188,0.808,0,8,1652,1,1,0
36.94,30421,13.92,0.19,0.911,0,6,1140,1,0,0
24.67,69939,26.9,0.163,0.709,0,5,628,1,0,0
49.49,7672,41.06,0.403,0.806,0,9,2294,0,0,0
40.5,40806,6.86,0.151,0.802,0,12,3553,0,0,0
16.3,29737,16.99,0.288,0.773,0,8,637,0,0,0
18.33,31035,6.66,0.168,0.571,0,5,613,1,0,0
19.92,29425,75.48,0.331,1.0,1,7,2587,0,0,0
122.42,3455,26.07,0.328,0.734,0,8,903,0,0,0
47.12,11367,28.32,0.146,0.807,0,13,719,0,1,0
123.14,46838,18.94,0.385,0.506,0,12,896,1,1,0
54.0,23887,235.3,0.552,0.831,3,10,943,1,1,1
25.77,19021,5.59,0.018,0.747,0,8,639,1,0,0
12.0,34792,26.72,0.317,0.737,0,8,519,1,0,0
31.86,2981,63.68,0.082,0.486,0,10,1041,1,0,0
25.82,1305,5.98,0.082,0.593,0,10,276,0,1,0
25.16,35869,21.2,0.269,0.895,1,8,4715,0,0,0
22.94,7014,18.84,0.154,0.738,0,8,584,0,0,0
5.25,31112,25.66,0.193,0.927,0,9,2365,1,0,0
74.34,15391,22.16,0.084,0.62,0,8,289,0,0,0
26.04,71220,7.96,0.199,0.551,0,11,1465,0,0,0
8.75,3974,29.4,0.122,0.506,1,8,2012,1,0,0
39.86,2966,7.96,0.211,0.441,1,12,2118,0,0,0
13.67,43856,26.46,0.061,0.673,0,6,1004,1,0,0
42.51,21427,8.91,0.217,0.719,1,12,1545,1,0,0
54.89,68756,2.15,0.19,0.631,3,7,242,1,0,0
61.3,50251,3.4,0.363,0.84,2,8,759,0,0,0
23.84,37845,44.91,0.218,0.63,0,13,1385,1,0,0
19.47,61846,3.23,0.261,0.61,0,8,260,1,1,0
16.44,52804,10.03,0.301,0.578,0,5,484,0,1,0
15.21,80612,8.48,0.007,0.83,0,10,2384,1,0,0
26.74,70180,1.49,0.104,0.701,0,10,85,0,0,0
22.93,9862,22.88,0.474,0.779,0,5,988,1,0,0
14.01,38972,40.08,0.112,0.984,1,12,279,1,0,0
10.86,74240,121.76,0.256,1.0,0,6,40,0,0,0
24.85,54149,68.73,0.254,0.304,1,15,2195,1,1,0
19.16,22907,1.26,0.073,0.875,0,4,1318,1,0,0
10.88,26375,7.44,0.184,0.512,0,10,985,1,0,0
52.69,20342,13.28,0.325,0.73,0,12,913,1,1,0
111.91,47502,51.99,0.085,0.502,0,7,3059,1,0,0
58.56,77830,11.16,0.195,0.47,0,10,191,1,0,0
15.24,78752,21.12,0.054,0.531,0,4,282,1,0,0
26.04,20392,26.94,0.087,0.587,2,12,1854,1,0,0
92.98,1976,8.84,0.265,0.372,0,8,323,0,0,0
10.6,65528,21.8,0.123,0.604,0,5,32,0,0,0
50.71,80826,1.31,0.21,0.602,0,7,1567,1,0,0
8.51,22854,16.36,0.228,0.861,0,9,1047,1,0,0
23.95,26033,15.66,0.754,0.527,1,12,565,1,1,1
19.22,21877,10.99,0.243,0.708,0,10,750,0,0,0
161.29,3793,6.69,0.187,0.236,2,8,1357,1,0,0
28.66,74210,203.45,0.179,1.0,2,4,330,1,1,1
24.9,56282,53.41,0.048,0.827,0,17,301,1,0,0
15.25,50812,54.76,0.513,0.729,0,10,1116,1,0,0
31.68,10730,12.61,0.111,0.579,1,11,2732,1,1,0
23.47,74139,7.5,0.199,0.876,1,6,1057,1,0,0
19.66,69634,2.59,0.055,0.846,0,9,94,0,0,0
7.2,36848,27.9,0.23,0.898,1,9,977,1,0,0
17.96,86146,10.02,0.406,0.796,1,10,861,1,0,0
11.15,50250,8.1,0.255,0.34,0,15,203,1,0,0
42.15,60893,11.61,0.124,0.864,0,8,1328,1,1,0
59.91,1973,20.23,0.265,0.637,0,13,472,1,0,0
49.04,82943,4.42,0.093,0.747,0,11,759,1,0,0
35.66,86175,81.32,0.295,0.668,0,6,368,1,0,0
13.7,61199,32.98,0.06,0.493,0,16,33,1,0,0
31.95,25994,1.2,0.134,0.576,0,14,407,1,0,0
51.12,1055,9.16,0.274,1.0,0,7,221,0,0,0
16.96,60280,1.29,0.332,0.6,0,7,190,1,0,0
29.82,18914,6.52,0.212,1.0,0,16,2444,1,0,0
24.13,64666,8.44,0.407,0.841,0,7,628,1,0,0
102.5,14945,31.64,0.182,0.985,1,12,812,0,1,0
53.58,51972,31.71,0.137,0.583,0,9,154,1,0,0
44.14,7825,1.16,0.143,0.748,0,4,425,1,0,0
6.87,40450,22.18,0.099,0.821,0,7,3226,1,0,0
31.13,21275,81.05,0.277,0.363,1,5,1460,0,0,0
23.95,52161,24.75,0.275,0.6,0,10,530,1,0,0
23.79,82721,80.82,0.257,0.999,0,11,653,1,0,0
7.76,53653,11.97,0.278,0.635,0,6,247,1,1,0
11.36,75124,15.39,0.332,0.778,0,7,893,1,0,0
25.68,17693,17.1,0.205,0.587,0,9,571,1,0,0
66.12,6703,64.41,0.142,0.865,0,7,990,0,0,0
16.9,16960,11.96,0.362,0.736,0,11,228,1,1,0
19.69,18578,102.49,0.151,0.623,0,5,229,1,0,0
112.72,36818,19.58,0.221,0.684,0,8,728,0,0,0
21.38,58547,6.15,0.061,0.924,0,4,522,0,0,0
24.46,22013,2.74,0.636,0.889,0,11,212,0,0,0
24.72,49149,4.74,0.274,0.805,2,10,1205,1,0,0
9.24,5416,1.0,0.117,0.781,0,11,2368,0,0,0
42.84,46428,29.47,0.216,1.0,0,8,582,0,0,0
16.08,41450,18.19,0.097,0.898,0,12,1049,0,0,0
26.47,55648,33.48,0.109,0.708,0,3,680,1,0,0
38.69,70642,38.11,0.308,0.825,0,7,422,1,0,0
128.26,54117,66.97,0.063,0.466,1,8,107,0,0,0
9.45,31424,3.11,0.27,0.667,0,13,1790,1,1,0
54.16,51633,5.15,0.056,0.853,1,9,333,1,0,0
54.32,77088,19.87,0.167,1.0,0,12,112,1,0,0
16.27,82659,3.47,0.24,0.708,0,11,174,1,0,0
43.8,10719,2.43,0.147,1.0,2,9,959,1,1,0
100.96,44627,27.44,0.274,0.221,0,5,196,0,1,0
14.7,26038,32.25,0.108,0.316,0,6,178,0,0,0
32.89,31446,46.35,0.096,0.421,0,9,137,1,0,0
37.48,45019,61.85,0.025,0.942,0,6,133,0,0,0
41.57,61785,14.61,0.248,1.0,0,15,851,1,0,0
50.17,9784,97.64,0.182,0.778,0,9,929,0,0,0
30.97,4883,0.97,0.202,0.75,0,7,208,0,0,0
40.88,28328,51.03,0.084,1.0,0,12,96,1,0,0
13.08,69358,9.7,0.061,0.788,0,12,670,0,0,0
30.91,73290,63.68,0.103,0.675,0,9,1101,1,0,0
18.52,84762,6.3,0.019,0.829,0,9,334,0,0,0
10.14,6565,33.77,0.223,0.82,1,10,34,0,0,0
18.04,30172,13.85,0.33,0.758,2,4,1476,1,0,0
33.63,21360,12.01,0.062,0.816,0,12,446,1,0,0
38.42,86233,1.53,0.297,0.827,0,18,1796,0,0,0
9.83,67736,30.6,0.028,0.825,0,8,1296,1,0,0
12.81,30477,4.82,0.361,0.942,0,16,966,1,0,0
48.41,79908,15.54,0.391,0.872,0,9,48,1,0,0
40.71,8881,3.81,0.368,0.762,0,13,54,1,0,0
55.13,48297,23.19,0.268,0.545,0,6,594,1,0,0
80.99,71626,6.57,0.254,0.779,0,10,655,0,0,0
41.69,80181,22.56,0.146,1.0,0,13,351,0,1,0
19.46,50812,73.26,0.058,0.683,1,4,1324,0,0,0
29.72,69498,63.43,0.339,0.652,0,11,711,1,1,0
102.3,42362,5.59,0.266,1.0,0,8,815,1,0,0
247.54,54189,2.61,0.093,0.819,1,9,1073,0,1,0
39.27,72419,1.09,0.227,0.433,1,10,639,1,1,0
41.61,40080,44.08,0.332,0.455,0,10,58,0,0,0
48.45,15848,7.17,0.165,0.299,0,7,412,1,0,0
27.63,3252,8.35,0.052,0.665,0,9,397,0,0,0
68.79,13992,6.41,0.105,0.503,0,7,763,0,1,0
60.73,19714,45.83,0.178,0.624,0,5,373,1,0,0
36.0,6977,96.46,0.444,1.0,0,10,1061,0,0,0
21.02,59693,35.18,0.253,0.604,0,12,1305,0,1,0
238.92,12775,220.38,0.509,0.32,1,14,1846,0,1,1
48.71,12935,24.22,0.291,0.771,0,11,1021,1,0,0
32.15,51096,18.81,0.223,0.871,2,10,995,1,0,0
15.03,47566,31.97,0.324,0.856,0,12,2164,0,0,0
10.98,54621,0.91,0.188,0.524,1,3,263,1,0,0
46.02,24878,1.58,0.33,0.935,1,12,191,1,0,0
7.53,62616,29.06,0.18,0.797,0,8,797,1,0,0
34.46,61640,10.2,0.271,0.512,3,5,1253,1,0,0
53.24,68182,16.78,0.477,0.715,2,7,191,1,0,0
42.09,3110,38.08,0.12,0.458,0,4,1205,1,0,0
19.83,32255,21.52,0.095,0.577,1,14,2260,0,0,0
9.98,5367,40.9,0.071,0.602,0,11,147,1,0,0
43.36,30073,13.58,0.288,0.504,0,4,314,1,0,0
70.84,59083,8.47,0.281,0.716,0,9,561,0,0,0
17.15,48845,6.69,0.23,0.822,0,8,895,0,1,0
40.67,26758,3.53,0.334,0.867,0,8,1876,1,0,0
96.08,28630,0.94,0.322,0.898,0,11,931,0,0,0
35.55,70581,1.37,0.128,0.983,0,8,1497,1,0,0
19.74,51794,7.9,0.264,0.294,0,5,220,0,1,0
62.34,22740,8.16,0.183,1.0,0,7,643,1,0,0
15.03,66322,12.02,0.443,0.488,1,9,582,0,0,0
9.6,19630,22.39,0.261,0.208,0,12,716,1,0,0
51.93,61610,35.61,0.514,0.835,0,11,430,0,0,0
19.59,38540,5.51,0.102,0.845,0,9,35,1,1,0
21.05,76195,35.6,0.315,0.955,0,7,114,1,0,0
16.42,85528,3.74,0.46,0.955,0,9,1723,1,0,0
18.57,21600,112.06,0.356,0.391,0,10,737,0,0,0
83.3,47927,8.39,0.365,0.826,0,10,919,0,0,0
102.51,51220,45.4,0.212,0.858,0,8,440,0,0,0
113.98,35105,5.28,0.25,0.867,0,11,302,1,0,0
64.85,27245,75.22,0.3,0.904,1,13,559,1,0,0
39.37,1816,43.81,0.247,0.625,0,7,839,0,0,0
8.62,10346,11.13,0.093,0.673,1,10,30,1,0,0
23.34,67338,13.68,0.087,0.813,0,11,1066,1,0,0
152.23,67346,0.1,0.564,0.677,0,10,1475,0,0,0
19.13,43952,7.24,0.266,0.778,0,10,466,0,0,0
91.04,21100,8.54,0.094,0.873,0,5,375,1,0,0
28.33,43790,15.07,0.103,0.955,1,10,623,1,0,0
3.18,66263,3.74,0.144,0.556,0,14,194,0,0,0
45.26,12626,16.29,0.319,0.785,0,9,689,1,1,0
74.66,37645,27.6,0.091,0.814,0,7,624,0,0,0
26.07,76624,11.6,0.283,0.721,0,10,305,1,0,0
72.71,12039,6.61,0.097,0.798,0,14,2573,0,0,0
7.14,69708,19.84,0.083,0.983,0,6,1087,1,0,0
8.95,68188,0.74,0.024,0.544,0,10,180,1,0,0
31.94,77678,10.42,0.104,0.507,0,10,542,0,0,0
39.71,81546,18.75,0.622,0.742,1,13,983,1,0,0
29.28,29263,189.26,0.595,0.12,1,9,765,1,1,1
45.2,63537,10.59,0.149,0.97,0,10,155,0,0,0
10.43,58710,47.15,0.072,0.801,0,13,568,0,0,0
32.15,74059,67.95,0.416,0.836,0,10,1512,1,0,0
43.84,78999,43.92,0.325,0.719,0,9,226,0,1,0
6.05,25533,2.6,0.147,0.373,1,9,2023,0,0,0
26.18,10560,8.55,0.234,0.773,0,10,1300,1,0,0
20.73,51088,31.06,0.091,0.867,0,13,535,1,0,0
16.06,33508,91.62,0.097,0.593,0,11,815,0,0,0
40.41,9498,6.94,0.481,0.577,0,12,2086,1,0,0
10.81,36184,57.12,0.107,0.353,0,9,511,1,1,0
37.85,67293,33.58,0.238,0.83,0,11,72,1,1,0
42.42,34024,102.53,0.223,0.878,0,7,506,1,0,0
64.52,81688,2.46,0.114,0.785,0,10,601,1,0,0
11.04,83295,12.55,0.214,0.648,0,8,1736,1,0,0
8.13,27961,16.26,0.194,0.715,1,6,538,1,0,0
33.89,79828,27.87,0.241,0.493,0,9,1225,1,0,0
21.56,80251,26.53,0.056,0.84,0,9,34,1,0,0
276.47,24832,59.2,0.259,0.812,0,8,31,1,0,0
39.13,39308,45.61,0.294,0.695,0,10,698,1,1,0
28.4,19220,1.42,0.34,0.688,0,4,502,0,0,0
23.61,18688,16.66,0.108,0.596,2,8,615,1,0,0
10.23,80854,13.07,0.2,0.623,0,3,149,1,0,0
42.57,28874,146.46,0.195,0.718,0,13,1871,0,0,0
25.45,37551,13.93,0.076,0.998,0,8,1071,1,0,0
25.47,28753,28.69,0.209,0.674,0,14,403,1,0,0
35.18,75197,339.96,0.211,0.484,2,7,157,1,0,1
32.36,1048,23.84,0.303,0.853,0,7,409,1,0,0
6.74,64417,5.79,0.41,0.605,0,7,265,1,0,0
52.96,45073,23.13,0.108,0.917,2,9,133,1,0,0
13.77,77296,50.66,0.152,0.922,1,8,1092,0,0,0
24.28,79619,0.49,0.134,0.937,0,11,2483,0,0,0
75.85,31606,17.56,0.222,0.705,0,12,259,0,0,0
112.57,23667,100.95,0.266,0.676,2,4,3687,0,0,0
6.96,15508,4.34,0.331,0.896,0,7,356,1,0,0
27.78,12308,5.07,0.181,1.0,0,6,755,1,0,0
33.73,64484,15.91,0.408,0.357,0,6,702,0,0,0
8.12,42131,51.2,0.167,0.719,0,9,1517,1,0,0
51.53,10877,20.68,0.256,0.772,1,9,1291,1,0,0
29.76,2984,17.77,0.136,0.712,0,12,2502,0,0,0
31.67,8927,2.27,0.356,0.614,1,8,266,1,1,0
13.01,8824,81.75,0.064,0.74,0,8,995,1,1,0
37.72,31359,10.66,0.369,0.896,0,8,1828,0,0,0
53.02,29117,7.25,0.156,0.712,0,7,363,1,0,0
30.02,74014,13.26,0.178,0.645,0,5,55,0,0,0
17.97,45923,13.37,0.405,0.68,0,13,106,1,0,0
19.13,71630,15.34,0.176,0.599,0,9,1331,1,0,0
32.34,71468,29.16,0.266,1.0,0,9,162,0,1,0
28.19,80238,50.61,0.142,0.59,1,9,628,0,0,0
55.92,43228,1.48,0.236,1.0,0,8,538,0,0,0
18.46,12593,16.87,0.222,0.891,0,12,334,1,0,0
10.23,178,13.36,0.164,0.602,0,12,633,1,1,0
36.14,1911,0.27,0.11,0.982,1,14,808,1,0,0
18.5,50651,42.39,0.258,0.746,2,9,1447,1,0,0
50.75,59341,2.75,0.361,0.469,0,14,1736,1,0,0
27.28,70048,3.05,0.056,0.561,0,16,2109,0,0,0
45.78,84595,1.24,0.139,1.0,1,12,784,1,0,0
106.83,51322,77.56,0.474,0.639,2,9,156,1,0,1
30.41,18716,4.86,0.19,0.881,1,9,250,1,1,0
15.5,3989,10.69,0.233,0.641,0,11,1634,1,0,0
10.21,84674,26.92,0.331,0.669,0,13,436,0,0,0
13.61,30447,1.4,0.026,0.868,1,5,564,1,0,0
17.54,67586,49.2,0.34,0.829,2,11,1097,0,0,0
73.39,73989,9.88,0.094,0.734,0,8,2997,1,0,0
17.17,80836,23.32,0.193,0.511,0,11,2050,1,0,0
9.8,37124,0.3,0.2,1.0,0,9,479,1,0,0
30.12,31746,11.39,0.179,0.564,0,4,1077,1,0,0
27.75,4542,0.05,0.143,1.0,0,5,775,1,1,0
18.29,79063,4.52,0.072,0.817,0,6,354,0,0,0
23.83,4868,14.85,0.229,0.66,0,5,44,1,1,0
59.2,8124,19.15,0.322,0.777,0,14,682,1,0,0
46.37,72158,4.15,0.283,0.993,1,15,154,1,0,0
43.27,64354,34.18,0.059,0.938,0,11,1555,1,1,0
10.52,72119,5.24,0.365,0.566,1,12,316,1,0,0
272.94,12487,3.08,0.155,0.65,0,9,1363,1,0,0
62.87,12955,10.14,0.247,0.628,1,8,356,0,0,0
41.0,65334,20.04,0.316,0.87,0,8,83,0,1,0
10.68,56229,112.52,0.094,0.928,0,10,387,1,0,0
57.87,55574,13.56,0.127,0.521,0,11,1055,0,0,0
18.16,65829,13.88,0.339,0.78,1,7,290,0,1,0
23.21,55500,1.53,0.27,0.971,0,9,66,0,0,0
7.07,8484,36.29,0.5,0.89,0,19,168,1,0,0
10.04,63877,5.02,0.11,0.925,1,14,1046,1,0,0
38.51,83081,34.14,0.267,0.615,0,8,3070,0,0,0
60.64,57754,60.37,0.412,0.945,0,4,576,0,0,0
46.9,66044,36.55,0.096,0.681,1,13,566,1,0,0
45.63,28531,25.71,0.203,0.959,0,8,521,1,0,0
25.74,44249,23.15,0.083,0.567,1,7,1062,1,0,0
19.58,17777,15.11,0.073,0.461,0,7,2893,0,0,0
34.16,10810,3.9,0.172,1.0,0,5,538,0,0,0
52.31,62210,37.72,0.223,1.0,0,12,152,0,0,0
27.22,26552,16.22,0.587,0.661,0,9,1139,1,1,0
71.39,29812,24.56,0.215,0.273,1,10,1092,0,0,0
22.83,49858,11.71,0.063,0.465,1,9,60,1,0,0
12.38,83218,5.6,0.3,0.594,0,15,799,1,0,0
26.89,48480,41.06,0.204,0.474,0,10,248,1,0,0
29.51,56765,10.48,0.111,0.698,1,6,433,0,0,0
25.39,69394,50.38,0.107,0.784,0,8,579,0,0,0
75.53,85027,84.33,0.048,0.587,0,4,3496,0,0,0
51.64,53871,44.3,0.27,0.521,0,10,2759,1,0,0
8.63,66276,3.43,0.118,0.607,0,13,433,1,0,0
92.53,28868,48.28,0.49,0.626,0,6,84,1,0,0
3.02,53051,18.32,0.111,0.799,0,11,1959,1,0,0
151.54,59681,6.91,0.022,0.715,0,10,261,1,0,0
21.55,32438,2.44,0.245,0.618,1,5,148,1,0,0
23.3,29437,8.16,0.203,0.717,1,11,755,1,0,0
25.84,34202,3.7,0.225,0.891,0,12,1420,1,0,0
36.9,38310,0.65,0.265,1.0,0,13,2093,0,0,0
27.11,48366,110.09,0.141,0.512,0,4,1271,1,0,0
24.37,50473,44.53,0.111,0.719,0,8,2853,1,0,0
77.26,56361,33.58,0.049,0.771,0,4,716,0,0,0
42.63,58354,5.36,0.063,1.0,0,11,2056,1,1,0
12.59,61527,0.7,0.296,0.665,0,7,502,1,0,0
49.04,65711,16.6,0.194,0.839,1,9,1787,1,1,0
41.23,43285,33.84,0.424,1.0,1,12,625,1,0,0
17.53,79190,82.31,0.032,0.738,1,8,176,1,0,0
51.1,48407,46.43,0.145,0.487,0,8,564,0,1,0
23.9,83359,55.99,0.14,1.0,0,15,156,1,0,0
22.71,55090,6.82,0.292,0.629,1,8,527,0,0,0
22.22,208,4.22,0.188,0.956,0,10,325,1,0,0
3.89,31321,7.12,0.225,0.903,0,7,2664,0,1,0
17.79,13905,3.73,0.29,0.47,1,7,917,1,0,0
47.97,247,40.05,0.263,0.696,0,6,553,1,0,0
26.63,35662,58.34,0.252,0.838,1,10,74,0,1,0
428.52,62821,11.57,0.182,0.64,2,15,768,0,1,1
58.66,11966,52.37,0.253,0.465,0,17,1117,1,0,0
21.35,61457,1.42,0.041,0.935,1,7,998,1,0,0
10.2,18130,28.28,0.194,0.766,0,9,1309,0,0,0
158.35,51713,18.74,0.024,1.0,0,7,662,1,0,0
11.68,66653,8.1,0.183,0.96,0,8,2031,0,0,0
54.79,19353,36.55,0.188,0.711,1,11,754,0,0,0
56.89,74768,12.42,0.433,0.233,2,8,95,1,0,1
30.22,46318,13.45,0.376,0.744,1,9,799,0,0,0
13.17,14863,30.93,0.133,0.642,0,9,169,0,0,0
10.06,71322,10.32,0.046,0.839,0,11,824,0,0,0
41.17,6320,48.34,0.159,0.891,1,7,567,1,0,0
37.5,52354,50.14,0.538,1.0,0,6,2135,0,1,0
67.74,49449,5.66,0.062,0.785,0,9,962,1,0,0
26.38,41957,14.51,0.075,0.75,0,9,2479,1,0,0
160.18,11036,14.14,0.071,0.68,0,8,457,1,0,0
33.61,11393,13.19,0.214,0.549,1,7,653,0,0,0
42.67,14698,17.43,0.274,0.963,0,12,949,1,0,0
9.15,2663,1.93,0.23,0.718,0,10,487,0,1,0
16.59,18699,51.02,0.368,0.535,0,8,2250,1,0,0
41.09,3558,8.56,0.168,0.556,0,9,347,1,0,0
25.35,41873,0.05,0.045,0.713,0,10,1222,0,0,0
31.51,78040,28.89,0.09,0.843,0,7,293,1,0,0
14.11,52580,26.28,0.416,0.948,1,12,330,0,0,0
29.89,53893,102.1,0.041,1.0,0,8,90,1,0,0
29.81,66540,31.76,0.195,0.701,0,11,849,1,0,0
10.55,58653,10.11,0.131,0.596,0,6,4779,0,1,0
45.33,32222,76.24,0.41,0.871,1,9,571,0,0,0
6.96,2593,11.37,0.287,0.686,0,7,272,1,0,0
31.42,5817,43.04,0.349,0.804,0,12,99,1,1,0
111.33,48539,10.22,0.045,0.718,1,10,703,1,0,0
46.73,5063,1.25,0.122,0.717,0,14,921,1,0,0
46.5,19786,33.09,0.097,0.25,1,7,1672,0,0,0
13.22,78607,10.78,0.028,0.824,0,11,2181,1,0,0
111.64,42680,10.35,0.078,0.505,0,14,2981,0,0,0
81.56,38938,31.46,0.177,0.539,1,10,1721,1,0,0
13.81,75243,9.72,0.249,0.179,0,11,902,0,0,0
18.54,40752,3.14,0.482,0.349,1,4,68,1,0,0
73.97,77337,12.96,0.171,0.869,0,11,1720,1,0,0
114.08,37510,43.41,0.268,0.747,0,10,1658,1,0,0
9.86,55817,3.49,0.278,0.62,0,8,449,1,0,0
12.15,15658,20.21,0.132,0.708,1,11,1124,1,0,0
24.17,58477,3.55,0.109,0.501,0,16,88,1,1,0
4.77,46512,1.26,0.394,0.811,0,10,549,1,0,0
27.53,67038,11.9,0.273,0.823,0,7,1467,0,0,0
70.01,62063,26.82,0.511,0.845,0,11,2240,0,1,0
8.58,8458,8.04,0.157,0.805,0,8,1612,1,0,0
30.01,56532,14.75,0.073,0.331,0,8,404,0,0,0
17.02,57397,16.9,0.19,0.522,0,7,502,1,1,0
100.68,25376,46.02,0.011,0.866,1,5,109,1,0,0
17.19,20804,42.73,0.056,0.961,0,9,2137,1,0,0
91.4,81633,0.06,0.306,1.0,0,8,509,1,0,0
16.81,45151,13.36,0.29,0.999,0,10,1103,1,0,0
50.25,29015,26.68,0.26,0.458,0,12,690,1,0,0
33.17,22732,47.83,0.277,0.851,0,4,406,0,0,0
24.27,49206,1.25,0.064,0.437,0,4,2774,1,1,0
14.41,7474,24.74,0.289,0.8,0,8,967,1,0,0
35.11,56600,46.13,0.253,0.758,0,8,2635,0,0,0
19.06,34582,7.36,0.197,0.568,0,15,147,1,1,0
15.61,59057,5.74,0.197,0.553,2,10,305,1,0,0
88.07,76077,15.77,0.086,0.623,0,10,88,1,1,0
42.01,78043,82.14,0.2,0.828,1,10,787,0,0,0
45.37,7147,29.51,0.157,0.934,0,5,427,0,1,0
19.82,78251,13.81,0.07,0.784,0,10,2319,0,0,0
23.36,4236,0.53,0.125,1.0,0,8,566,1,0,0
22.22,63632,20.34,0.342,0.423,0,6,1858,1,0,0
35.51,23496,10.72,0.142,1.0,0,11,409,0,0,0
45.31,49256,5.14,0.031,0.92,0,8,58,0,0,0
26.46,60133,17.34,0.133,0.773,0,10,2005,1,0,0
14.38,15225,10.44,0.16,1.0,0,16,717,1,0,0
49.82,59293,0.99,0.419,0.525,0,9,847,1,0,0
27.85,53536,32.32,0.091,0.48,0,8,567,0,0,0
8.56,62071,32.97,0.129,0.95,0,10,1124,1,0,0
4.91,73397,24.11,0.081,0.627,0,8,2921,1,0,0
34.41,33976,45.94,0.462,0.577,0,7,424,0,0,0
13.96,13528,5.68,0.077,0.736,0,11,155,0,1,0
38.28,12566,8.43,0.048,0.594,0,7,306,1,0,0
14.58,2995,15.34,0.265,0.642,1,14,240,1,0,0
30.16,73178,1.55,0.158,0.705,1,9,360,0,0,0
20.03,1906,53.76,0.23,0.65,0,8,1075,0,0,0
110.12,50862,16.86,0.148,0.73,0,11,953,0,1,0
57.99,4179,9.81,0.274,0.688,0,9,296,1,0,0
79.67,26167,16.25,0.105,0.709,0,4,2764,1,0,0
27.64,49159,9.83,0.127,0.743,0,14,641,1,1,0
52.35,44693,8.43,0.14,0.671,0,10,2903,0,0,0
29.18,69181,14.86,0.197,0.868,1,11,32,0,0,0
87.85,9846,16.44,0.235,0.597,0,15,731,0,0,0
25.58,74206,14.2,0.195,0.854,0,12,783,0,0,0
8.86,12119,19.85,0.156,0.757,0,5,30,0,0,0
5.48,77425,38.24,0.188,0.547,0,12,511,0,0,0
102.99,34782,1.47,0.073,0.774,1,9,402,0,0,0
39.76,23509,41.72,0.125,0.862,1,3,412,0,0,0
41.91,59920,6.49,0.061,0.715,1,7,386,1,0,0
89.27,18011,7.26,0.394,0.449,0,11,101,1,0,0
7.23,21108,22.87,0.08,0.772,1,9,753,1,0,0
20.35,25986,92.9,0.517,0.835,0,8,748,0,0,0
22.45,40293,0.44,0.131,0.745,0,9,4635,1,0,0
49.1,42132,27.96,0.239,0.425,0,6,2454,0,1,0
15.58,7218,29.84,0.03,0.709,0,7,630,1,0,0
10.37,26457,21.31,0.052,0.676,0,16,415,0,0,0
10.3,19568,0.24,0.222,0.521,0,10,3185,1,0,0
68.0,8618,23.31,0.111,0.914,0,6,136,1,0,0
14.97,84465,3.05,0.456,0.974,0,8,636,1,0,0
17.43,26231,2.03,0.253,0.554,0,11,310,1,0,0
45.04,35537,29.77,0.217,0.909,0,8,380,1,0,0
15.5,64992,30.12,0.37,0.784,1,5,718,1,0,0
6.93,71907,55.16,0.209,0.667,0,9,2345,0,0,0
7.65,52196,0.08,0.313,0.95,1,15,1051,0,0,0
25.91,47931,11.9,0.086,0.703,0,6,96,0,1,0
40.36,13077,0.31,0.074,0.709,0,9,422,0,0,0
23.06,77335,11.34,0.046,0.596,0,9,1513,1,0,0
38.26,41355,16.92,0.054,0.68,0,10,757,1,0,0
7.46,82747,18.86,0.114,0.771,0,13,1830,1,1,0
7.88,40596,11.0,0.009,0.757,0,9,952,1,0,0
164.54,56655,32.3,0.172,0.718,0,7,1120,0,0,0
72.69,40099,13.43,0.07,0.645,1,9,425,0,0,0
50.16,11782,18.2,0.404,0.723,0,15,123,1,0,0
15.99,84924,40.25,0.067,0.661,0,11,1859,1,0,0
22.41,21044,4.79,0.358,0.962,0,8,1057,1,0,0
27.08,47259,9.67,0.055,0.634,0,15,613,1,0,0
77.59,82711,18.42,0.194,0.458,1,10,235,1,1,0
37.42,29452,36.48,0.294,0.5,0,16,1457,0,0,0
41.29,53738,13.85,0.281,1.0,1,10,439,1,0,0
23.71,51200,1.89,0.247,0.899,0,9,255,1,0,0
51.12,38247,112.36,0.236,0.604,0,8,1220,0,0,0
34.53,51826,30.77,0.277,0.735,0,9,750,1,0,0
28.08,11600,32.07,0.307,0.587,0,16,2379,1,1,0
14.96,24104,15.64,0.019,0.7,0,10,210,1,0,0
24.76,59578,19.8,0.214,1.0,0,7,470,1,0,0
11.43,19994,128.1,0.273,0.953,2,9,66,1,0,0
26.26,77772,22.6,0.21,0.747,0,12,653,1,0,0
29.11,12839,6.18,0.113,0.288,0,13,167,0,0,0
3.96,9401,83.37,0.069,0.777,0,10,535,0,0,0
22.55,68812,19.29,0.144,0.758,1,6,1814,0,0,0
10.58,78159,0.52,0.044,0.725,0,8,402,0,0,0
40.4,20257,21.29,0.074,0.575,1,14,1366,1,0,0
45.14,39215,1.83,0.101,0.952,0,11,3292,1,0,0
19.28,80720,18.75,0.143,0.639,0,11,2243,0,0,0
42.07,73710,43.62,0.022,0.867,0,5,1035,1,0,0
43.5,50854,19.35,0.48,0.826,0,10,146,1,0,0
22.56,50687,11.69,0.505,0.685,0,9,298,1,0,0
92.52,26573,53.56,0.207,0.919,0,17,436,0,0,0
15.18,75525,65.64,0.326,0.582,0,12,1235,1,0,0
87.98,70603,10.67,0.23,0.764,0,9,1365,1,0,0
22.64,69857,17.28,0.275,1.0,0,7,2618,0,0,0
13.81,56305,101.75,0.016,0.552,0,13,330,1,0,0
20.47,65564,4.9,0.148,0.726,0,6,468,0,0,0
11.25,78427,8.85,0.127,0.81,0,6,746,1,0,0
50.79,62404,13.98,0.42,0.799,0,6,456,1,0,0
7.52,74708,2.66,0.14,0.812,0,7,294,1,1,0
82.41,80486,7.94,0.272,0.579,0,4,1969,1,0,0
12.82,5108,19.67,0.068,0.757,0,8,145,1,0,0
52.95,48741,6.49,0.056,0.648,0,6,490,1,0,0
27.64,73057,28.98,0.14,1.0,0,7,1012,1,0,0
33.67,6615,10.68,0.06,0.734,0,5,156,1,0,0
16.91,22842,2.35,0.063,0.416,0,10,274,1,0,0
35.95,28537,36.15,0.153,0.814,0,7,2880,1,0,0
30.2,76054,20.95,0.301,0.967,0,8,1801,0,0,0
8.45,74567,43.56,0.197,0.781,0,7,1948,1,0,0
12.55,2414,11.16,0.012,0.629,0,5,1895,1,0,0
17.59,69962,0.49,0.07,0.634,0,8,577,1,0,0
14.82,24972,1.2,0.198,0.783,0,10,591,0,0,0
73.87,5697,39.67,0.02,0.948,1,11,1964,1,1,0
27.27,36350,13.22,0.229,0.909,1,9,128,1,0,0
14.54,12170,93.65,0.105,0.765,0,6,157,1,0,0
18.31,27181,44.34,0.178,0.575,3,12,39,0,0,0
18.11,56349,0.41,0.171,0.738,0,12,2073,1,0,0
21.53,61702,51.0,0.137,0.778,0,12,359,0,0,0
11.47,6551,5.98,0.079,0.673,0,11,1771,1,1,0
14.14,27742,16.65,0.133,0.443,0,5,1975,1,0,0
50.06,25519,17.64,0.187,0.843,1,10,91,1,0,0
31.45,5085,1.54,0.09,0.937,0,7,1894,1,0,0
24.0,26361,3.36,0.251,1.0,0,9,755,1,0,0
27.17,75209,13.75,0.08,0.622,1,8,71,0,0,0
26.14,19499,25.72,0.136,0.579,1,7,3073,1,0,0
22.94,31804,7.68,0.143,0.757,0,11,69,1,0,0
41.0,22041,18.68,0.088,0.848,0,13,3226,1,0,0
38.65,1386,11.92,0.537,0.674,0,12,1972,0,0,0
7.71,70776,24.88,0.398,0.702,0,10,433,1,0,0
24.4,80368,13.81,0.014,1.0,0,8,639,1,0,0
8.13,75933,47.7,0.232,0.44,0,11,2175,1,0,0
45.08,9472,102.98,0.541,0.646,1,8,814,0,0,0
50.11,34366,61.06,0.335,0.541,0,10,557,1,0,0
16.63,14606,4.62,0.081,0.703,0,10,1450,1,0,0
24.69,49464,15.27,0.186,0.454,0,9,51,1,0,0
5.01,70772,15.35,0.226,1.0,0,6,2818,1,0,0
59.04,3859,45.89,0.091,0.665,0,8,1855,1,1,0
47.83,21681,11.05,0.23,0.875,0,12,1720,1,1,0
68.04,18548,19.94,0.095,1.0,0,8,59,1,1,0
89.05,83619,23.49,0.066,0.869,0,12,419,0,0,0
10.18,60412,2.96,0.101,0.739,0,10,1333,0,0,0
55.17,34546,20.41,0.019,0.778,1,11,1562,1,0,0
88.54,15524,7.09,0.376,0.626,0,9,1249,1,0,0
8.2,53421,5.79,0.387,0.677,0,8,791,1,0,0
23.64,61046,7.2,0.159,1.0,0,12,533,0,1,0
20.27,17132,2.62,0.263,0.857,1,11,1256,1,0,0
53.75,39066,1.81,0.066,0.647,1,17,2206,0,0,0
3.99,54930,26.02,0.232,1.0,0,8,1350,0,0,0
115.9,31314,70.75,0.061,0.714,0,7,1092,0,0,0
24.78,50959,29.12,0.07,0.963,0,10,225,1,0,0
56.42,24562,9.34,0.103,0.876,0,14,254,1,0,0
25.84,24288,10.2,0.36,0.724,0,7,406,1,0,0
40.19,10473,19.49,0.133,0.639,0,7,354,0,0,0
4.23,67745,50.3,0.473,0.869,0,15,306,1,0,0
19.93,45182,5.66,0.037,1.0,0,13,279,0,0,0
53.42,51892,15.8,0.029,0.7,0,9,1374,1,0,0
34.16,62557,17.28,0.248,0.892,1,5,2300,1,0,0
7.32,78936,66.92,0.186,0.584,0,5,641,0,1,0
28.48,35595,19.21,0.061,0.853,0,15,2414,1,0,0
14.08,30968,37.95,0.123,0.858,1,9,928,0,0,0
13.14,54332,2.3,0.342,0.705,0,12,1906,0,0,0
8.03,32374,9.9,0.167,0.628,1,12,67,1,0,0
44.48,84663,23.63,0.024,0.864,0,9,1420,0,1,0
66.05,5896,28.3,0.099,0.929,0,14,1010,1,0,0
147.84,30261,54.12,0.258,0.819,0,12,951,1,0,0
8.34,83055,22.32,0.074,0.866,0,11,1021,1,0,0
50.09,83630,8.55,0.061,1.0,0,3,936,1,0,0
52.8,56436,19.36,0.186,0.948,0,8,572,1,0,0
17.04,53126,31.08,0.222,0.548,1,6,219,1,0,0
13.01,23578,38.35,0.08,0.742,0,8,128,0,0,0
11.37,69039,72.32,0.093,0.672,0,11,90,1,0,0
17.78,57022,5.29,0.121,0.692,0,7,66,1,0,0
31.88,23402,27.04,0.336,0.705,0,7,443,0,1,0
80.49,48802,5.59,0.059,1.0,1,10,293,1,0,0
65.65,40863,9.56,0.235,0.495,0,10,59,1,0,0
7.45,73165,3.85,0.436,0.631,0,9,717,1,0,0
14.42,23230,37.07,0.176,0.71,0,9,1032,1,0,0
31.93,32752,68.3,0.282,0.447,5,6,300,1,0,1
15.11,68594,0.76,0.26,0.57,0,13,617,0,0,0
25.91,49310,41.98,0.19,0.639,0,12,928,1,0,0
221.58,29623,72.6,0.223,0.51,3,10,694,1,1,1
68.2,44510,16.69,0.35,0.685,0,6,2795,1,0,0
5.87,73957,34.48,0.056,0.898,1,6,474,1,0,0
7.28,71161,17.67,0.18,0.684,1,3,6070,1,1,0
62.84,21171,6.57,0.28,0.796,1,6,369,0,0,0
125.97,14031,59.16,0.016,0.913,0,9,797,1,0,0
21.49,67216,22.51,0.387,0.848,2,10,1284,1,0,0
26.11,22686,66.93,0.226,0.671,0,10,874,1,0,0
56.07,59924,46.87,0.43,0.754,0,6,701,1,0,0
34.18,14630,52.31,0.154,0.844,0,11,1491,1,1,0
228.16,68520,106.17,0.427,0.322,2,14,404,1,1,1
18.39,1823,109.18,0.421,0.916,0,10,342,0,0,0
7.74,84248,47.83,0.067,0.662,0,6,499,1,0,0
32.67,79284,10.3,0.052,0.855,1,6,520,1,0,0
25.19,32672,56.68,0.063,0.848,0,9,693,1,0,0
19.1,57702,35.19,0.101,0.66,1,10,476,1,0,0
12.16,74740,32.29,0.269,0.847,0,10,497,0,1,0
13.19,57125,0.16,0.225,0.81,0,6,1034,1,1,0
24.45,15606,3.02,0.529,0.02,2,9,149,1,1,1
54.89,37979,29.67,0.138,0.697,0,6,1126,1,0,0
20.87,68430,8.17,0.031,0.402,0,10,441,1,0,0
19.18,84615,1.51,0.318,0.62,1,9,2207,1,0,0
13.7,53193,8.42,0.195,0.673,0,13,384,1,0,0
57.37,5410,45.49,0.126,0.903,0,7,452,0,0,0
27.79,39392,15.9,0.332,0.506,0,9,321,1,0,0
36.39,72333,23.9,0.217,0.636,0,14,2036,1,0,0
36.12,54788,40.3,0.129,0.763,0,8,64,0,1,0
21.2,82767,9.77,0.146,0.797,0,8,627,0,1,0
10.67,4884,0.28,0.234,0.496,0,6,135,1,0,0
12.22,18745,9.76,0.082,1.0,0,10,283,0,0,0
17.39,44600,336.0,0.557,0.098,2,14,482,1,1,1
15.17,82417,16.46,0.041,0.711,0,5,1681,1,0,0
19.53,34936,21.09,0.054,0.775,0,9,3590,1,0,0
10.94,7133,35.72,0.267,0.787,0,7,941,0,0,0
10.25,35179,3.05,0.228,0.442,0,5,336,0,0,0
14.65,28832,33.1,0.211,0.783,0,10,192,1,1,0
104.66,82583,8.84,0.3,0.809,0,4,1815,0,0,0
45.9,74277,12.28,0.107,0.811,0,10,124,1,1,0
17.79,58417,7.85,0.147,0.877,0,10,1415,1,0,0
64.48,70378,4.17,0.343,0.561,0,10,289,1,0,0
24.0,43096,11.21,0.173,0.486,0,4,638,1,1,0
80.12,17276,2.49,0.121,0.801,0,4,271,1,1,0
159.08,60112,46.57,0.173,0.934,1,9,327,1,0,0
61.72,42208,9.13,0.024,0.582,0,5,34,1,0,0
29.24,67969,26.51,0.109,0.776,0,7,320,0,0,0
47.44,50342,8.8,0.394,0.829,0,8,1829,0,0,0
27.44,22411,5.92,0.024,0.758,0,11,1647,1,0,0
6.24,16720,31.26,0.128,0.83,0,11,400,1,0,0
16.06,29261,24.45,0.373,0.597,0,6,543,0,0,0
12.66,33202,6.15,0.116,0.575,1,7,356,0,1,0
15.78,83191,23.67,0.246,0.751,0,9,3961,0,0,0
113.86,29739,0.13,0.233,1.0,0,10,1799,1,0,0
66.53,75559,4.87,0.356,0.785,0,6,1441,1,0,0
38.58,59500,32.53,0.19,0.971,0,9,1755,1,0,0
51.93,1767,13.2,0.393,0.588,1,11,38,0,0,0
5.97,45598,5.69,0.16,0.621,0,8,667,1,0,0
48.55,10184,17.63,0.437,0.616,0,11,41,1,0,0
57.5,24249,15.65,0.212,0.672,0,13,1429,0,0,0
4.52,68716,25.12,0.06,0.496,0,7,343,1,0,0
50.01,47942,1.88,0.261,0.855,0,7,853,0,0,0
8.68,35079,42.78,0.373,0.87,0,9,249,0,0,0
5.61,74256,1.5,0.185,0.719,0,7,113,0,0,0
78.34,63581,15.12,0.341,0.759,0,12,320,0,0,0
12.11,18769,30.99,0.021,0.947,1,6,1491,1,0,0
15.29,75316,10.57,0.118,0.808,1,13,82,1,0,0
59.84,56294,60.23,0.104,0.524,1,13,49,0,0,0
21.24,61326,35.19,0.125,0.671,0,11,1939,1,0,0
23.47,83564,13.88,0.246,0.807,1,12,276,1,1,0
23.07,34360,5.08,0.14,0.795,0,11,146,1,0,0
35.8,61075,1.11,0.097,0.969,0,8,1348,0,0,0
22.62,48188,40.44,0.176,0.601,0,8,952,0,0,0
29.7,65613,5.4,0.298,0.738,0,8,2054,1,0,0
18.12,71194,7.86,0.098,0.729,0,5,1758,1,0,0
35.93,54702,0.26,0.209,0.508,0,9,930,1,0,0
85.4,28770,35.19,0.437,0.512,1,9,386,1,1,1
123.76,48667,6.55,0.079,1.0,0,8,64,1,0,0
19.99,51845,51.56,0.309,0.414,0,6,234,1,0,0
23.4,23336,37.95,0.219,0.79,0,6,84,1,0,0
32.82,83258,36.73,0.14,0.478,0,10,38,1,0,0
58.65,52446,43.87,0.075,0.984,0,5,429,1,0,0
11.32,11215,5.16,0.157,0.402,0,9,259,1,0,0
29.45,22832,96.66,0.373,0.711,1,8,1387,0,0,0
3.65,80227,6.61,0.371,0.842,0,9,981,1,0,0
21.82,27396,4.06,0.126,0.978,0,10,65,0,0,0
63.96,32223,8.73,0.178,0.711,1,10,396,0,0,0
15.17,24298,18.9,0.166,0.622,1,10,501,1,0,0
31.23,34855,3.32,0.409,0.66,0,3,461,1,0,0
17.76,58481,33.54,0.303,0.602,0,5,364,0,0,0
13.63,74406,11.61,0.544,0.844,0,5,190,1,0,0
58.98,73957,21.01,0.059,0.652,0,10,1960,0,0,0
11.75,64899,33.13,0.225,0.603,0,8,352,0,0,0
34.27,35596,58.04,0.046,0.529,0,7,128,1,0,0
34.7,67848,42.78,0.157,0.701,0,8,197,1,0,0
13.72,55610,19.28,0.25,0.736,0,4,987,0,0,0
30.71,46047,118.25,0.272,0.482,0,7,216,1,1,0
12.83,27908,18.86,0.035,0.631,0,12,285,1,0,0
41.16,24482,19.2,0.233,0.49,0,6,130,1,0,0
9.47,42352,4.31,0.204,0.8,0,11,344,1,0,0
20.66,52887,4.03,0.337,0.894,0,9,204,1,0,0
22.15,12369,4.62,0.082,0.916,1,8,2002,0,0,0
66.05,1660,22.4,0.153,0.711,0,5,1078,1,1,0
30.33,32997,13.41,0.025,0.679,0,9,1162,0,1,0
58.21,26197,12.19,0.185,0.529,0,10,597,1,0,0
42.26,17962,3.41,0.25,0.673,1,12,222,0,1,0
42.04,85707,11.99,0.103,1.0,0,8,211,1,0,0
20.79,65816,11.87,0.189,0.678,0,9,971,1,0,0
61.36,84435,24.24,0.099,0.815,0,8,475,0,1,0
20.39,29201,12.29,0.051,0.965,0,11,138,0,0,0
6.79,49141,13.56,0.116,1.0,0,10,871,1,0,0
22.83,14014,7.96,0.058,0.827,0,7,728,1,0,0
38.97,48078,3.52,0.389,0.703,0,8,1423,1,0,0
7.5,61662,8.92,0.118,0.901,0,14,1478,1,0,0
13.36,85006,1.09,0.113,0.925,0,14,1022,1,0,0
10.13,44211,5.69,0.16,0.528,0,13,1167,1,0,0
50.88,13313,9.82,0.056,0.693,0,15,1458,1,1,0
103.37,38819,3.94,0.4,0.603,0,7,1613,1,0,0
22.93,55085,27.34,0.253,0.568,1,11,1518,1,0,0
41.48,32140,8.24,0.084,1.0,0,9,715,1,1,0
40.63,55913,23.9,0.025,0.267,0,9,1662,0,0,0
93.98,78590,25.81,0.226,0.647,1,14,233,1,0,0
16.09,32781,14.82,0.023,0.823,0,4,206,1,0,0
22.74,32016,14.91,0.177,0.869,0,12,1020,0,0,0
20.64,75129,21.77,0.089,0.778,1,8,110,1,0,0
28.8,51406,7.61,0.12,0.767,0,7,637,0,0,0
201.03,60010,0.54,0.03,0.502,0,12,1587,1,0,0
27.79,81142,25.89,0.01,0.581,0,10,305,1,0,0
13.68,10974,23.45,0.013,0.815,0,13,373,1,0,0
10.77,13067,16.17,0.259,0.892,1,8,188,1,0,0
73.86,32480,52.14,0.184,0.786,0,10,347,0,0,0
13.63,71042,17.76,0.195,0.831,0,6,194,0,0,0
46.1,1098,9.04,0.34,1.0,1,10,660,0,0,0
15.74,8116,31.25,0.028,0.667,0,11,390,1,0,0
9.84,13354,82.02,0.177,0.804,0,7,79,1,0,0
44.0,19588,33.38,0.224,0.851,0,9,167,0,0,0
16.37,8622,59.88,0.204,0.84,0,10,1689,1,0,0
38.1,66330,2.99,0.045,0.736,0,10,570,1,0,0
40.42,85886,3.22,0.069,0.916,0,9,662,1,0,0
41.97,44467,4.2,0.376,0.866,0,10,1307,1,0,0
21.88,30775,30.34,0.153,0.823,0,10,116,1,0,0
46.94,41167,12.35,0.049,0.567,0,14,806,1,0,0
12.96,15074,16.24,0.121,0.827,0,10,560,1,0,0
3.81,61909,7.59,0.091,0.949,0,11,759,1,0,0
47.73,579,33.31,0.296,0.92,0,10,98,1,0,0
30.95,61689,46.66,0.262,0.42,2,9,67,1,0,0
16.64,72671,4.37,0.358,0.862,0,7,683,1,0,0
8.36,29274,5.35,0.185,0.887,0,9,2112,0,0,0
5.32,68366,10.37,0.036,0.698,0,11,2333,1,0,0
28.26,29074,8.22,0.143,0.957,0,6,572,0,0,0
101.4,71705,18.96,0.249,0.555,0,8,1278,1,0,0
24.27,24315,34.92,0.231,0.787,0,13,139,1,1,0
20.31,12297,39.41,0.23,0.632,0,11,360,0,0,0
26.59,75361,5.84,0.051,0.747,0,10,200,1,0,0
154.99,64101,4.83,0.126,0.714,0,7,250,1,0,0
49.48,86014,11.3,0.062,0.805,0,7,241,0,1,0
12.85,42480,4.0,0.044,0.84,1,11,246,1,0,0
27.73,52633,2.41,0.34,0.867,1,8,114,1,1,0
35.37,15183,6.95,0.175,0.526,0,7,164,1,0,0
11.65,14879,12.52,0.074,0.73,0,11,632,0,0,0
49.76,12076,22.16,0.029,0.715,0,8,353,1,0,0
14.09,3510,32.12,0.205,0.797,0,8,540,0,1,0
8.09,58875,6.3,0.266,0.653,0,12,156,0,0,0
28.82,54027,42.69,0.176,0.64,0,7,142,1,0,0
25.39,71343,0.86,0.339,0.604,0,5,190,1,0,0
4.85,33382,66.13,0.595,0.65,6,6,1378,1,1,1
14.71,31930,25.07,0.237,0.74,0,7,564,1,0,0
16.44,78665,8.61,0.189,0.623,0,15,1098,1,0,0
66.87,72740,28.78,0.212,0.931,0,9,649,1,0,0
38.59,7377,50.45,0.05,0.699,0,8,690,0,0,0
12.61,7023,2.34,0.059,0.541,0,7,62,1,1,0
5.69,44446,17.96,0.404,0.391,0,5,557,0,0,0
13.05,14306,0.47,0.202,0.967,1,6,236,1,1,0
30.75,7934,8.2,0.201,0.85,0,11,289,1,0,0
16.35,73540,3.68,0.192,0.859,2,4,754,1,0,0
15.37,43105,24.47,0.081,0.896,0,10,400,1,0,0
16.92,21946,7.15,0.037,0.88,0,8,716,1,0,0
25.58,74787,8.3,0.281,0.747,0,7,1294,1,1,0
50.79,43977,5.76,0.062,0.482,0,6,83,1,0,0
27.1,42732,6.99,0.392,0.38,0,14,90,0,0,0
28.49,5634,6.38,0.15,0.676,0,4,748,0,0,0
22.65,75722,29.92,0.142,0.915,0,9,1126,1,0,0
18.18,26242,77.98,0.153,0.511,0,2,100,1,1,0
55.45,48489,16.84,0.296,0.658,0,10,1345,1,0,0
49.1,61467,22.93,0.424,0.755,0,6,130,1,0,0
139.24,7048,42.61,0.207,0.666,0,12,928,1,0,0
44.19,66458,16.16,0.05,0.763,0,7,541,1,0,0
18.2,28606,8.99,0.35,0.81,1,9,4594,0,1,0
13.15,54077,75.39,0.506,0.617,0,12,590,1,0,0
58.11,59999,59.15,0.16,0.954,0,14,270,1,0,0
14.13,29329,6.22,0.186,0.732,2,10,1976,0,0,0
51.82,39253,30.36,0.144,0.71,0,11,1458,0,1,0
14.76,76848,26.04,0.097,0.74,0,7,1437,0,0,0
35.85,75224,26.22,0.329,0.722,0,5,310,0,0,0
11.61,72235,44.39,0.001,0.893,1,16,162,0,0,0
50.6,38123,28.03,0.022,0.721,0,8,166,0,1,0
10.11,12183,18.25,0.187,0.726,1,6,494,0,0,0
33.73,1464,46.78,0.451,0.954,0,16,42,1,0,0
23.14,14583,7.69,0.352,0.756,0,11,304,1,0,0
29.41,69126,28.43,0.214,0.924,0,10,1009,1,0,0
19.75,64531,30.23,0.012,1.0,0,11,546,1,0,0
19.39,57846,51.07,0.122,0.973,0,16,665,1,0,0
30.69,22891,159.54,0.136,0.918,0,5,681,0,0,0
12.16,41448,20.39,0.188,0.656,2,8,1820,0,0,0
12.1,52989,16.56,0.233,0.834,2,6,1232,1,0,0
20.35,1426,22.95,0.303,0.477,0,10,2696,1,0,0
19.73,48372,26.87,0.262,0.173,0,9,157,1,0,0
12.13,64994,31.21,0.226,0.843,0,7,75,1,1,0
56.79,34367,8.26,0.295,0.489,0,14,189,0,0,0
20.75,50986,16.69,0.077,0.544,0,8,1058,1,0,0
22.62,15147,11.59,0.085,0.843,0,3,146,1,0,0
9.37,45720,0.99,0.45,0.381,0,5,67,0,0,0
142.21,9232,23.51,0.045,0.66,0,12,1138,1,0,0
188.98,81958,51.95,0.072,0.625,0,11,2680,1,0,0
14.52,27288,63.61,0.277,0.839,0,9,387,1,1,0
72.3,84834,18.22,0.314,0.704,0,12,3463,1,0,0
25.19,25325,36.3,0.313,0.817,1,8,186,1,0,0
97.81,84751,31.16,0.236,0.959,0,12,783,1,1,0
35.48,31028,6.5,0.275,0.891,0,13,2602,1,1,0
29.37,76137,1.62,0.266,0.528,0,8,565,1,0,0
3.67,70093,34.44,0.259,0.647,0,13,1625,1,0,0
13.42,66204,8.31,0.089,0.94,0,9,3009,0,0,0
27.56,5350,19.93,0.266,0.933,1,2,71,1,0,0
31.78,19137,18.56,0.298,0.678,0,6,2556,1,0,0
10.26,5369,42.58,0.179,0.822,0,5,417,1,0,0
15.13,4873,25.87,0.212,0.689,0,7,806,1,0,0
42.21,37516,46.96,0.165,0.78,0,6,1112,1,0,0
8.97,32949,34.88,0.153,0.872,0,10,2937,1,0,0
30.17,6145,217.19,0.239,0.77,1,7,1038,1,0,0
72.99,85161,49.85,0.255,0.767,0,9,475,1,0,0
36.91,13581,5.93,0.084,0.652,0,7,5811,1,1,0
35.46,25552,81.36,0.034,0.688,0,5,1432,1,0,0
5.39,84843,10.39,0.325,0.84,0,5,246,0,0,0
14.05,83365,23.4,0.337,0.601,1,5,620,1,0,0
140.24,56291,70.9,0.131,0.47,0,11,246,1,0,0
16.79,81825,6.03,0.128,0.798,0,17,2975,1,0,0
74.56,14190,48.68,0.366,0.92,0,12,274,1,0,0
16.63,8571,76.52,0.168,0.983,0,10,1372,0,0,0
21.71,83775,48.06,0.3,0.701,0,9,215,0,0,0
40.95,62230,42.76,0.61,0.742,0,16,393,0,0,0
29.39,45839,7.68,0.144,0.66,1,10,308,1,0,0
36.79,74283,13.07,0.159,0.857,0,11,1800,1,0,0
14.09,82028,35.71,0.322,0.745,1,6,901,0,0,0
10.92,57408,3.14,0.273,0.888,0,8,549,1,0,0
13.35,71570,54.81,0.145,0.906,0,5,573,1,0,0
17.71,24236,5.9,0.147,0.874,0,11,1000,1,0,0
22.57,64864,20.8,0.232,0.427,0,5,569,1,0,0
62.17,11392,2.77,0.184,0.889,1,10,245,1,0,0
29.07,26891,5.12,0.029,0.748,0,9,509,0,0,0
39.95,59478,22.02,0.198,0.565,0,7,285,0,0,0
30.36,38488,25.17,0.356,0.797,0,15,1431,1,0,0
11.11,12254,7.86,0.29,0.761,0,13,1083,0,0,0
27.49,69463,3.17,0.378,0.601,0,7,2120,0,0,0
30.1,2497,19.94,0.297,0.728,0,11,498,1,0,0
49.8,2976,45.91,0.173,0.942,0,13,137,0,0,0
11.53,66276,5.62,0.313,0.928,0,10,494,0,1,0
5.3,16854,29.41,0.049,0.768,0,11,1590,1,0,0
31.22,50817,12.19,0.153,0.8,0,5,645,0,0,0
35.98,11907,71.66,0.147,0.768,0,15,2617,1,0,0
23.49,53142,2.15,0.062,0.441,0,8,122,1,0,0
27.73,29436,1.02,0.302,0.681,0,11,539,1,0,0
54.76,24685,3.32,0.527,1.0,0,9,526,0,0,0
18.78,44840,38.13,0.179,0.821,0,9,720,1,0,0
21.7,84182,64.02,0.244,0.965,0,7,898,1,1,0
28.88,46283,43.22,0.206,0.213,0,10,2693,1,1,0
10.22,62891,31.63,0.245,0.675,0,5,458,1,0,0
24.01,66495,1.48,0.034,0.816,0,6,194,1,0,0
25.76,67095,6.01,0.156,0.577,1,7,162,0,0,0
100.45,15677,68.48,0.303,0.822,0,12,1254,1,0,0
21.36,52925,24.37,0.156,0.628,0,6,873,1,0,0
31.82,70527,15.79,0.107,0.637,0,10,225,1,0,0
56.54,51102,26.41,0.591,0.786,1,5,1071,0,0,0
13.87,70230,4.92,0.262,0.849,1,10,403,1,0,0
81.5,56209,55.84,0.027,0.63,0,9,1599,0,0,0
111.17,4762,26.7,0.311,0.701,0,9,973,0,0,0
26.49,18451,15.93,0.254,0.898,0,11,1721,1,0,0
17.61,12027,15.28,0.048,0.438,0,10,108,1,0,0
99.65,75636,43.2,0.022,0.683,0,11,610,0,0,0
51.24,8148,9.2,0.237,0.729,3,7,235,1,0,0
28.95,43074,3.69,0.324,0.717,0,7,208,0,0,0
84.9,6508,5.13,0.093,0.364,0,11,1197,0,0,0
143.13,11152,29.9,0.371,1.0,1,8,929,1,0,1
20.72,83912,17.72,0.153,1.0,0,6,2514,1,0,0
33.08,15312,28.27,0.125,0.702,1,10,430,0,0,0
43.01,35999,67.95,0.066,0.682,1,14,1335,1,0,0
27.74,45083,34.74,0.031,0.403,0,10,820,0,1,0
8.91,18897,21.87,0.162,0.642,0,5,1935,0,0,0
12.8,16059,49.87,0.149,0.824,0,7,838,1,0,0
9.15,18245,55.69,0.327,0.864,0,11,888,0,0,0
40.22,25797,31.15,0.061,0.793,0,9,220,1,0,0
10.51,13748,1.45,0.09,0.692,1,11,1120,1,0,0
31.62,67849,8.62,0.201,0.786,0,7,2156,1,1,0
117.39,49921,10.24,0.186,0.495,0,12,3074,0,0,0
84.96,72672,148.63,0.052,0.882,0,14,374,0,0,0
6.23,3562,15.6,0.239,0.74,1,8,2273,1,0,0
9.75,43264,35.88,0.482,0.826,0,7,1802,0,0,0
14.57,50408,42.02,0.128,0.682,0,6,2406,1,1,0
10.64,73419,26.48,0.32,0.571,0,13,1638,0,0,0
7.22,41032,0.46,0.138,0.89,0,5,1429,0,0,0
26.88,78860,0.49,0.348,0.651,0,9,173,0,0,0
47.66,64070,42.7,0.13,0.507,0,8,2351,1,0,0
58.16,37888,33.6,0.27,0.9,0,10,1266,1,0,0
18.55,9374,19.2,0.205,0.667,0,6,1475,0,0,0
21.81,71164,7.15,0.321,0.821,0,6,3743,0,1,0
36.04,74210,2.27,0.206,0.722,0,10,1321,0,0,0
24.86,58583,4.49,0.188,0.73,3,6,406,1,0,0
51.86,2242,21.71,0.316,0.653,0,9,1819,1,0,0
38.26,27959,19.73,0.25,0.769,0,5,882,0,0,0
20.06,8594,70.87,0.079,0.579,0,10,230,1,0,0
6.14,764,78.83,0.259,0.868,0,7,914,1,0,0
89.95,57115,21.45,0.438,0.96,0,10,91,1,0,0
15.66,67371,46.04,0.129,1.0,0,8,841,1,0,0
36.09,76317,41.82,0.275,1.0,0,11,301,1,1,0
5.85,12409,34.9,0.39,1.0,0,8,573,1,0,0
26.87,19386,14.38,0.117,0.683,1,10,1623,1,0,0
29.38,64195,12.33,0.232,0.721,0,4,837,1,1,0
30.54,23510,7.67,0.044,0.605,0,10,941,1,1,0
302.18,27338,69.15,0.202,0.843,0,9,156,0,0,0
16.36,13552,44.96,0.097,0.602,2,10,4957,1,0,0
52.28,3124,4.87,0.206,0.845,0,6,524,0,0,0
41.21,3195,7.27,0.144,0.638,0,6,2506,1,0,0
15.75,39763,21.77,0.22,0.784,0,11,664,0,0,0
51.65,78380,13.34,0.061,0.914,0,8,3505,1,1,0
23.77,11152,6.02,0.062,0.785,1,8,869,0,0,0
54.61,6841,39.15,0.044,0.899,1,11,366,0,0,0
130.16,35024,0.04,0.233,0.829,0,13,617,0,0,0
30.59,82354,10.51,0.214,0.725,0,10,154,1,1,0
21.65,76851,66.25,0.234,0.494,0,5,2248,0,0,0
62.88,8078,35.76,0.121,0.732,0,12,394,0,0,0
82.87,38787,12.82,0.079,0.879,0,10,274,0,0,0
13.38,849,66.03,0.068,0.557,0,6,1539,0,0,0
18.87,24682,57.77,0.188,1.0,0,9,1102,1,1,0
46.54,65032,1.35,0.108,0.877,0,11,642,0,0,0
24.39,51823,3.42,0.096,0.768,0,17,50,0,0,0
12.64,6210,12.24,0.199,0.461,0,9,154,0,1,0
41.79,27610,66.27,0.171,0.742,0,12,243,1,0,0
46.4,40912,46.48,0.373,0.54,0,9,597,0,0,0
20.75,54968,1.22,0.015,0.784,1,11,256,0,0,0
28.48,30583,17.95,0.191,0.842,0,13,652,1,0,0
17.09,5788,31.85,0.148,1.0,0,6,558,0,0,0
11.29,32686,8.07,0.162,1.0,0,12,342,1,0,0
18.22,48755,32.05,0.095,0.642,0,12,955,1,0,0
28.76,34929,11.54,0.396,0.622,1,7,1318,0,0,0
8.33,52868,8.01,0.67,0.828,1,8,522,0,0,0
19.31,41719,12.46,0.19,0.744,0,11,388,1,0,0
29.09,1646,75.3,0.073,0.693,0,12,710,1,1,0
70.51,46015,58.92,0.078,0.563,0,14,62,0,0,0
21.11,8423,61.32,0.593,0.968,1,4,2311,1,0,0
10.01,31492,62.34,0.254,0.568,0,6,880,0,0,0
22.93,82481,4.91,0.058,0.895,0,8,57,1,0,0
17.23,1806,56.6,0.147,0.132,1,3,735,0,1,0
42.17,66411,5.97,0.299,0.78,0,7,259,1,0,0
20.69,72050,45.52,0.162,0.93,1,12,956,1,0,0
3.1,25568,19.52,0.143,0.978,1,8,707,1,1,0
519.72,85655,6.86,0.191,0.502,1,5,262,0,0,0
30.38,42516,12.71,0.138,0.697,1,5,993,1,0,0
29.12,86273,14.2,0.125,0.888,0,6,2328,1,0,0
7.9,68012,33.03,0.065,0.97,0,7,675,1,0,0
8.4,60915,23.29,0.134,0.74,0,8,936,0,0,0
25.19,78857,42.43,0.049,0.61,0,10,1295,1,0,0
35.48,16300,12.64,0.226,0.894,0,9,400,0,1,0
47.55,66212,34.02,0.105,0.781,0,5,1760,1,0,0
32.78,55958,39.35,0.087,0.68,0,8,88,0,0,0
10.5,52908,1.63,0.181,0.905,0,8,625,1,1,0
3.66,8616,11.78,0.206,0.705,0,9,4150,0,0,0
25.02,67136,54.29,0.334,0.9,1,13,543,1,0,0
17.69,30207,30.52,0.222,0.683,0,15,1000,1,0,0
9.87,1340,13.55,0.296,0.847,0,9,884,1,0,0
52.59,25205,5.05,0.146,1.0,0,9,649,1,1,0
7.69,61573,2.54,0.095,0.625,0,12,1926,1,0,0
44.41,62810,6.51,0.188,0.245,0,8,3002,0,0,0
8.77,40702,7.02,0.336,0.714,0,15,915,1,1,0
30.18,61349,11.58,0.183,0.979,0,9,79,1,1,0
57.24,61356,4.87,0.609,0.757,1,6,799,1,0,0
20.69,73744,3.95,0.206,0.581,0,10,961,1,0,0
104.79,72588,46.45,0.15,1.0,1,14,253,1,0,0
125.75,1545,7.18,0.161,0.614,0,6,1924,0,0,0
32.78,17914,20.62,0.407,0.736,0,4,293,1,0,0
41.81,3813,5.56,0.1,0.443,0,8,876,0,0,0
63.34,1497,16.92,0.19,0.762,0,11,429,0,0,0
41.91,542,8.1,0.047,0.527,1,12,1244,1,0,0
38.47,58070,2.27,0.155,1.0,0,9,521,1,0,0
17.83,82298,100.68,0.084,0.57,0,8,478,1,0,0
7.03,4435,15.3,0.105,0.784,0,4,1885,1,0,0
8.92,4302,12.48,0.299,0.792,0,7,447,1,0,0
182.34,44453,5.55,0.041,0.788,0,15,693,0,0,0
35.09,80255,17.1,0.038,0.892,0,7,458,0,0,0
22.27,3852,25.21,0.102,0.887,1,9,349,1,0,0
74.49,46948,9.08,0.297,0.742,1,7,87,0,0,0
14.89,76767,16.37,0.089,0.51,0,9,366,1,1,0
43.23,55498,6.77,0.13,0.578,0,7,672,0,0,0
28.84,2057,18.75,0.154,0.718,0,12,504,1,0,0
39.17,61789,38.69,0.205,0.778,0,8,50,1,0,0
20.72,55017,1.55,0.154,0.57,1,11,158,0,0,0
12.53,63208,18.24,0.084,0.518,1,15,319,1,0,0
14.04,82657,12.74,0.132,1.0,0,11,230,1,0,0
14.48,28888,1.92,0.241,0.655,0,9,1026,0,0,0
27.05,13972,70.55,0.483,0.75,0,12,2057,0,0,0
7.81,74789,7.52,0.338,0.923,0,11,852,1,0,0
9.99,62027,20.79,0.287,0.827,1,9,128,1,0,0
30.22,58662,11.66,0.089,0.638,0,8,156,0,1,0
24.48,7256,7.91,0.149,0.868,0,7,182,1,0,0
31.57,31541,18.73,0.205,0.974,0,16,1165,1,0,0
26.15,58173,29.2,0.237,0.645,0,5,219,1,0,0
203.4,60929,38.49,0.248,0.965,0,8,2708,0,0,0
30.01,72285,25.12,0.3,0.868,1,6,598,0,0,0
20.02,84067,18.68,0.169,0.704,0,12,343,1,0,0
29.4,23810,37.54,0.256,0.69,0,12,372,1,0,0
61.31,17686,18.22,0.214,1.0,1,8,2137,1,0,0
26.06,68611,91.46,0.098,0.915,0,10,71,1,1,0
46.89,72269,18.7,0.301,0.652,2,7,1083,1,0,0
37.22,70341,9.54,0.43,0.603,1,8,645,1,0,0
21.49,14661,14.78,0.52,0.479,1,10,216,0,0,0
29.63,10152,16.83,0.475,0.549,0,7,651,0,0,0
97.43,83620,8.33,0.254,0.861,0,9,120,1,0,0
32.93,27596,4.32,0.599,0.822,0,11,1018,1,0,0
12.32,66560,14.11,0.19,0.647,1,11,514,1,0,0
21.0,59766,56.83,0.21,0.797,0,11,311,1,1,0
5.0,81851,7.38,0.416,0.35,0,6,1255,0,0,0
30.26,7619,11.23,0.34,0.923,0,8,942,1,0,0
77.45,34759,35.44,0.1,1.0,0,6,346,0,0,0
9.27,29805,2.15,0.207,0.89,1,7,1102,1,1,0
30.56,60540,43.58,0.025,0.801,0,11,247,0,1,0
59.64,15791,31.85,0.218,0.863,0,17,4542,1,0,0
64.9,54990,19.95,0.241,0.296,0,9,242,0,0,0
75.48,85292,5.88,0.061,0.844,0,6,1658,0,0,0
6.08,4747,2.43,0.41,0.581,0,12,1283,1,0,0
40.61,67182,6.59,0.134,0.977,0,11,384,0,0,0
8.13,56180,35.83,0.202,0.93,0,11,373,1,0,0
12.2,31636,67.76,0.25,0.91,0,8,2924,0,0,0
229.99,63597,12.92,0.467,0.818,3,13,582,1,0,1
30.77,53471,18.75,0.074,0.585,0,2,593,1,0,0
48.48,14559,75.24,0.126,0.873,1,7,589,0,0,0
12.89,18138,44.09,0.093,0.644,0,8,2457,1,0,0
88.14,750,26.67,0.111,0.588,0,9,803,0,1,0
47.02,31350,0.97,0.378,0.503,0,7,189,1,0,0
55.23,33610,8.48,0.118,1.0,0,5,456,0,1,0
11.43,79395,9.21,0.264,0.627,0,9,76,1,1,0
69.21,19798,10.66,0.217,0.896,0,6,195,0,0,0
21.05,57110,12.33,0.195,0.683,0,8,1263,1,0,0
16.63,85430,70.07,0.047,0.673,0,7,490,1,0,0
44.72,18687,33.86,0.276,0.973,0,4,1516,1,0,0
43.23,50657,29.44,0.231,0.811,0,8,1584,1,0,0
13.77,17811,13.9,0.282,0.835,0,8,314,1,0,0
140.48,20238,10.3,0.313,0.89,0,7,1546,0,0,0
115.76,46467,3.18,0.226,0.889,0,10,774,1,0,0
43.99,46108,15.11,0.042,0.668,0,7,396,0,0,0
38.26,27318,5.75,0.242,0.694,0,5,226,0,0,0
35.3,4071,12.4,0.126,0.94,0,10,393,0,0,0
7.85,67910,4.25,0.245,1.0,0,9,3217,1,0,0
29.67,78901,10.54,0.286,0.696,0,4,671,0,0,0
29.36,38377,1.1,0.214,1.0,0,8,869,1,0,0
17.1,59808,0.15,0.036,0.76,1,9,1014,1,0,0
21.17,52957,50.99,0.057,0.738,0,9,119,1,0,0
4.03,46077,25.63,0.283,1.0,0,10,2621,1,0,0
11.27,50535,22.15,0.122,0.641,1,10,76,1,0,0
56.68,11812,18.03,0.291,0.936,0,11,432,1,0,0
108.31,65815,32.43,0.077,0.964,1,10,1589,1,1,0
12.75,21558,33.31,0.347,0.994,0,4,396,0,0,0
31.38,53130,68.43,0.043,0.669,0,9,425,0,0,0
65.28,2270,7.01,0.345,0.834,0,4,89,1,0,0
17.88,75883,38.45,0.253,0.975,0,12,225,1,1,0
46.57,39629,118.21,0.143,0.755,0,18,993,1,0,0
26.39,17067,0.74,0.21,0.827,1,7,73,0,0,0
70.27,83963,11.71,0.049,0.55,1,12,875,1,0,0
9.72,50684,14.32,0.245,0.672,1,12,66,1,0,0
11.2,68613,43.13,0.167,0.53,1,11,1018,0,0,0
33.91,42782,0.35,0.182,0.768,1,9,3624,1,0,0
29.28,58538,22.82,0.042,0.829,1,15,816,0,0,0
25.92,51467,55.77,0.138,1.0,0,8,1121,0,0,0
42.98,12480,3.99,0.252,0.364,0,8,830,0,0,0
12.88,68339,3.07,0.407,0.757,0,11,1986,1,0,0
9.07,70835,211.29,0.145,0.716,0,9,1015,1,0,0
18.17,60151,43.71,0.077,0.388,0,10,749,0,0,0
19.87,16092,29.89,0.179,0.668,1,10,430,1,1,0
21.61,52940,12.73,0.355,0.574,0,8,992,0,0,0
74.83,66269,48.1,0.383,0.804,0,9,1769,1,0,0
50.22,70091,64.03,0.187,0.723,0,6,210,1,0,0
41.54,37321,32.96,0.149,0.54,0,6,620,1,1,0
33.34,4662,5.2,0.51,0.657,2,6,689,1,1,1
19.16,86054,21.9,0.187,1.0,0,3,616,1,0,0
13.69,33737,2.59,0.155,0.656,0,10,1183,0,0,0
10.4,30545,4.3,0.108,0.906,2,11,1246,1,0,0
15.56,261,38.2,0.187,0.972,0,11,879,1,0,0
26.2,86199,0.74,0.081,0.726,0,9,324,1,0,0
10.76,64467,1.26,0.345,0.713,0,8,350,0,0,0
31.05,47976,17.73,0.019,1.0,0,13,1051,1,0,0
23.21,36367,4.67,0.139,1.0,0,11,96,1,0,0
19.73,85879,8.69,0.408,1.0,0,7,493,0,0,0
68.66,82305,12.72,0.101,0.62,0,8,388,1,1,0
3.79,14911,18.47,0.268,0.578,0,10,908,1,0,0
19.95,45308,8.34,0.2,0.464,1,8,1062,1,0,0
4.13,66570,16.52,0.091,0.549,0,14,1514,1,0,0
32.81,64087,11.58,0.156,0.439,0,5,708,1,0,0
49.89,34574,2.11,0.081,0.851,0,10,324,0,0,0
9.2,45123,50.46,0.197,0.527,0,7,1939,0,1,0
10.19,27050,8.26,0.448,0.571,0,7,1536,1,0,0
6.97,14160,23.5,0.216,0.541,0,5,1181,1,1,0
28.53,61976,21.09,0.251,0.692,0,6,751,0,0,0
20.64,85607,5.55,0.136,1.0,0,12,524,1,0,0
21.69,64577,0.76,0.231,0.785,0,11,714,1,1,0
20.2,37558,48.61,0.156,0.357,0,8,3222,1,0,0
12.44,82720,17.21,0.233,0.686,1,11,536,1,1,0
67.05,11467,13.38,0.342,0.495,0,10,679,1,0,0
33.71,77322,35.98,0.081,0.52,0,7,2926,0,1,0
10.51,83405,0.84,0.005,0.644,0,11,1504,0,0,0
15.48,53325,36.23,0.057,0.84,0,9,149,1,1,0
13.5,63765,13.14,0.324,0.87,0,8,141,1,1,0
83.49,81544,20.05,0.253,0.901,0,7,320,0,0,0
47.89,78586,34.9,0.305,0.565,0,11,883,1,0,0
24.5,14048,19.79,0.05,0.909,0,7,289,1,0,0
106.25,28728,1.59,0.438,0.651,0,6,1625,1,0,0
86.63,7966,32.6,0.09,0.889,0,6,1893,1,0,0
22.54,74001,38.58,0.204,0.775,0,8,1039,0,0,0
19.52,20345,15.49,0.085,1.0,0,12,2126,1,0,0
20.29,52908,14.45,0.129,0.624,0,12,2021,0,0,0
12.65,4528,7.26,0.136,0.727,1,11,417,1,0,0
108.55,8064,25.83,0.368,0.992,0,7,44,1,0,0
12.12,55905,53.42,0.197,0.759,0,8,1139,0,0,0
54.31,42881,26.68,0.069,0.631,1,6,1443,1,0,0
47.11,60757,36.89,0.127,0.718,0,5,1175,0,0,0
21.24,69627,45.42,0.34,1.0,0,10,171,1,1,0
115.36,67757,6.41,0.296,0.487,0,6,782,1,0,0
7.79,9939,12.86,0.238,0.703,0,13,203,1,0,0
25.44,30472,14.32,0.07,0.913,0,10,807,1,0,0
18.33,52664,20.46,0.319,0.75,1,10,363,1,0,0
58.47,6415,1.26,0.173,1.0,0,10,1271,1,1,0
35.98,12595,22.19,0.194,0.66,0,16,285,0,1,0
6.81,54920,2.32,0.334,0.823,1,12,537,1,0,0
73.08,33323,41.07,0.342,1.0,0,8,1596,0,0,0
39.98,1140,82.44,0.045,0.95,0,11,180,0,0,0
11.84,46981,8.55,0.087,0.477,0,7,511,1,0,0
20.5,14253,17.66,0.333,0.98,2,9,430,1,0,0
9.58,57114,43.32,0.23,0.758,0,14,82,0,0,0
23.65,63986,9.45,0.076,0.605,0,11,81,1,0,0
30.57,5745,4.29,0.368,0.639,0,8,928,1,0,0
20.74,48428,33.59,0.317,0.615,0,12,321,1,0,0
18.91,73128,29.96,0.095,0.584,0,11,310,1,0,0
7.46,58457,21.1,0.099,0.966,0,7,313,0,0,0
35.51,62389,72.26,0.132,1.0,0,11,251,1,0,0
5.81,19999,77.6,0.254,0.763,0,10,438,1,0,0
27.8,66776,49.43,0.264,1.0,1,11,1502,1,0,0
6.43,61236,8.67,0.235,0.969,0,7,479,0,0,0
28.23,73467,6.38,0.196,0.554,0,2,484,1,1,0
26.98,45085,45.16,0.014,0.711,0,12,69,1,0,0
37.44,12958,26.34,0.183,0.958,1,15,42,1,0,0
54.05,17928,12.61,0.301,0.952,1,9,728,1,1,0
62.68,24484,13.18,0.098,0.58,0,9,703,1,0,0
7.48,59761,47.99,0.27,0.513,0,7,162,0,1,0
317.83,13293,15.21,0.499,0.499,2,9,240,1,1,1
135.47,33874,72.05,0.209,0.628,0,6,48,1,0,0
29.82,43412,25.07,0.19,0.75,0,9,562,1,0,0
13.94,55119,39.18,0.231,0.662,0,9,583,1,0,0
25.44,11543,11.59,0.332,0.638,0,5,1166,1,1,0
19.95,49432,22.1,0.207,0.744,0,13,1138,1,0,0
10.58,9907,34.66,0.166,0.848,0,8,4411,0,1,0
54.34,9305,14.28,0.474,1.0,0,10,1311,1,0,0
43.27,37172,16.73,0.15,0.578,0,8,1230,1,0,0
9.32,75715,21.81,0.201,0.631,1,17,747,1,1,0
25.16,68557,1.64,0.051,0.648,0,17,205,1,0,0
17.23,52222,49.73,0.172,0.823,0,9,279,1,0,0
7.53,75256,50.37,0.09,0.587,0,8,75,1,1,0
8.74,76567,8.26,0.146,0.822,0,8,1182,1,0,0
9.85,12570,52.97,0.13,0.376,0,8,306,1,0,0
25.87,66666,34.18,0.123,0.543,0,11,550,0,0,0
18.8,55450,16.5,0.459,0.721,0,7,911,1,0,0
12.59,40791,10.68,0.145,0.606,0,11,346,0,0,0
19.82,40384,12.74,0.095,0.899,0,3,1627,0,0,0
49.31,44364,19.11,0.159,0.709,0,11,2561,0,0,0
31.04,72275,198.03,0.5,0.259,5,7,668,1,1,1
60.43,49059,13.63,0.073,0.719,0,11,425,1,0,0
22.59,56395,5.68,0.112,0.843,0,11,599,1,1,0
97.71,22468,30.76,0.349,0.958,1,4,742,1,0,0
35.82,61700,23.51,0.133,0.869,0,5,437,0,0,0
18.34,73040,120.4,0.068,0.848,0,14,902,0,0,0
29.21,60645,3.81,0.332,1.0,1,10,620,1,0,0
9.99,67465,3.02,0.525,0.469,0,6,1146,1,0,0
21.22,10637,18.14,0.306,0.771,0,8,600,1,0,0
38.24,31131,4.12,0.245,0.723,1,9,1324,0,0,0
44.23,4725,23.58,0.304,0.793,0,15,225,1,0,0
19.53,71853,5.46,0.243,0.673,0,11,335,1,0,0
241.56,64008,16.49,0.106,0.726,0,11,833,0,0,0
23.62,79688,23.62,0.326,0.871,0,10,257,1,0,0
7.08,38488,15.31,0.013,0.911,0,7,452,1,1,0
71.57,14513,9.64,0.172,0.708,0,9,1566,1,1,0
44.07,10011,38.12,0.122,0.509,0,10,1733,0,1,0
32.63,30573,48.22,0.393,0.968,0,9,69,0,1,0
18.69,67246,8.14,0.77,0.634,0,9,839,0,0,0
37.14,72864,41.97,0.245,0.524,0,4,1047,1,0,0
99.01,45433,12.42,0.099,0.814,0,5,599,1,0,0
31.86,20576,16.72,0.293,0.819,0,11,923,0,0,0
8.36,31722,6.59,0.125,0.999,0,9,1683,1,0,0
1.71,86179,24.57,0.175,0.702,0,10,32,1,0,0
36.88,59242,2.66,0.426,0.798,0,10,626,0,0,0
12.32,42398,22.39,0.066,0.817,0,7,1817,1,0,0
25.03,32457,114.43,0.046,0.686,0,13,969,1,1,0
14.19,29616,35.01,0.182,0.679,2,11,95,1,0,0
13.4,21160,56.35,0.194,0.976,0,12,131,0,0,0
14.7,66537,15.6,0.269,0.66,0,6,2302,1,0,0
15.8,20637,3.83,0.428,0.647,0,12,494,1,0,0
50.45,74540,8.51,0.16,1.0,0,6,1977,0,0,0
42.9,30434,1.26,0.165,0.5,0,7,762,1,0,0
10.32,5421,17.42,0.061,0.879,2,6,620,0,1,0
11.5,18780,26.22,0.185,0.945,0,12,1074,0,1,0
36.72,17731,13.81,0.264,0.523,0,10,88,1,0,0
62.93,79171,20.71,0.107,0.63,0,11,993,1,0,0
62.16,17921,9.67,0.073,0.673,0,5,2796,1,0,0
12.15,45898,2.24,0.548,1.0,1,9,895,1,0,0
59.83,27722,14.14,0.447,0.857,0,12,1660,1,0,0
6.55,1782,19.84,0.137,0.977,2,5,42,1,0,0
146.1,18932,24.27,0.28,0.379,4,10,235,1,0,1
40.03,34518,10.66,0.288,0.656,0,5,370,0,0,0
5.14,39653,28.31,0.044,1.0,1,10,67,1,0,0
144.65,5873,43.24,0.091,0.586,0,10,1081,1,0,0
78.36,42973,10.21,0.218,0.737,1,10,302,1,0,0
45.5,29617,66.46,0.167,0.728,0,7,1886,1,1,0
12.53,22656,10.34,0.254,0.772,0,13,3367,1,0,0
25.67,69100,87.5,0.256,1.0,0,6,821,1,0,0
51.03,22624,0.05,0.093,0.591,0,14,1083,1,0,0
11.04,29036,25.14,0.303,0.753,0,6,34,0,0,0
23.47,43508,39.01,0.172,0.787,0,8,1309,1,0,0
56.17,54166,8.21,0.294,0.742,0,11,93,0,0,0
8.2,23535,3.11,0.231,0.763,0,9,65,0,0,0
35.37,63185,0.62,0.165,0.346,0,14,226,1,0,0
6.66,969,1.93,0.206,0.754,0,13,483,1,0,0
12.74,8127,19.58,0.049,0.827,0,5,1650,1,0,0
18.11,57616,45.68,0.227,0.721,0,6,1534,1,0,0
40.89,32070,1.63,0.403,0.823,0,10,175,1,0,0
15.48,39310,3.0,0.134,0.698,0,6,386,0,0,0
29.98,31130,0.13,0.144,0.618,0,12,113,0,0,0
15.65,19208,8.29,0.296,0.693,1,7,1414,1,0,0
17.73,13375,63.54,0.102,0.887,0,17,74,0,0,0
73.74,36286,8.08,0.1,0.634,0,6,876,1,0,0
10.8,20404,14.53,0.084,0.935,0,7,1535,0,0,0
49.77,79076,4.93,0.059,1.0,0,13,299,1,0,0
27.09,21340,3.09,0.08,0.734,2,7,2261,0,0,0
102.25,24361,225.8,0.353,0.778,4,9,163,0,1,1
10.24,77548,5.91,0.374,1.0,0,8,591,1,0,0
10.84,53497,3.49,0.183,1.0,0,3,1566,1,0,0
15.02,15429,39.2,0.26,0.808,0,10,1009,0,0,0
24.05,70143,16.22,0.347,1.0,0,10,1753,0,0,0
24.12,32767,10.95,0.179,0.593,1,15,980,1,1,1
21.32,49496,11.74,0.191,0.825,0,11,90,1,0,0
22.5,4642,5.92,0.173,0.601,0,12,1947,0,0,0
25.35,37850,2.47,0.155,0.919,0,9,123,1,0,0
39.7,4010,1.97,0.074,0.812,0,8,1458,1,0,0
45.41,52071,5.12,0.323,0.554,0,8,270,1,0,0
8.94,81240,47.46,0.179,0.585,0,8,595,1,0,0
21.64,49611,6.1,0.299,0.569,0,11,3786,1,0,0
72.38,54378,10.96,0.036,0.858,0,8,1107,1,0,0
9.46,64373,21.26,0.143,0.776,0,10,1359,1,0,0
28.77,19172,17.91,0.121,0.804,0,8,281,0,0,0
23.65,84731,27.4,0.112,0.83,0,10,1716,0,1,0
17.23,68651,5.4,0.266,0.792,0,8,137,1,0,0
96.8,27125,18.56,0.152,0.862,0,9,429,1,0,0
27.92,47152,36.5,0.379,0.764,1,8,902,1,0,0
90.82,12864,12.26,0.091,0.597,0,10,2901,0,0,0
27.23,11377,89.29,0.071,0.507,1,5,1176,0,0,0
39.18,26370,21.57,0.2,0.834,0,7,1564,1,0,0
17.09,53596,28.08,0.245,0.99,1,7,425,1,0,0
17.24,83884,15.36,0.193,0.719,1,9,513,1,0,0
106.8,4769,57.33,0.342,0.552,1,14,161,0,1,1
38.17,42453,15.01,0.182,0.704,0,10,73,0,0,0
43.75,78499,71.3,0.339,1.0,1,7,1050,1,0,0
36.65,4233,9.19,0.133,0.742,1,5,781,1,0,0
9.31,64776,50.21,0.204,0.966,0,5,100,1,0,0
14.22,80802,25.5,0.132,0.673,0,12,1005,1,0,0
53.51,63021,40.12,0.05,0.638,0,10,371,1,0,0
5.66,84585,0.96,0.584,0.8,0,9,852,1,0,0
34.26,28752,8.12,0.334,0.86,1,3,33,1,0,0
24.79,46353,46.95,0.104,0.739,1,10,84,1,0,0
53.5,40048,9.58,0.284,0.512,0,5,112,0,0,0
37.84,35224,31.18,0.258,0.842,0,8,1502,1,1,0
15.94,79778,121.3,0.14,1.0,0,11,292,1,0,0
15.37,35180,4.88,0.224,0.752,0,8,382,1,0,0
17.85,11254,13.51,0.489,0.803,0,8,1554,0,0,0
43.12,59480,4.51,0.282,0.452,0,9,2412,1,1,0
4.3,57014,4.19,0.213,1.0,0,5,2471,1,0,0
30.75,64766,25.06,0.407,0.82,0,8,1408,0,0,0
13.38,30184,5.31,0.099,0.939,0,15,254,0,0,0
31.58,40791,16.48,0.115,0.683,0,11,1029,0,0,0
35.72,56418,95.35,0.464,0.791,0,12,1199,0,0,0
7.17,55866,10.13,0.123,0.677,1,12,1246,1,0,0
22.61,74824,51.71,0.082,0.35,0,8,447,1,0,0
30.71,23151,12.62,0.378,0.751,0,10,551,0,0,0
29.09,11940,7.62,0.161,0.75,0,10,928,1,0,0
24.59,56248,10.25,0.316,0.899,1,8,5088,1,0,0
10.21,57554,3.42,0.125,0.508,1,10,743,1,0,0
11.53,74668,28.41,0.333,0.712,0,7,87,1,0,0
9.0,61281,17.78,0.028,0.649,1,5,471,1,0,0
42.23,81931,23.79,0.277,0.304,0,9,1896,1,0,0
24.72,59345,9.03,0.112,0.694,0,7,289,0,0,0
26.01,62233,26.49,0.083,0.92,0,11,2162,0,0,0
6.93,15475,4.5,0.129,0.623,1,9,1597,1,1,0
26.39,29018,26.42,0.247,0.782,0,6,261,0,0,0
45.01,43027,2.12,0.053,0.808,0,9,1094,0,0,0
6.21,1724,12.78,0.203,0.778,0,9,883,0,1,0
17.67,34951,23.52,0.389,0.654,1,8,285,1,0,0
7.72,53693,48.33,0.131,0.818,0,11,919,1,0,0
19.37,48697,41.84,0.081,0.748,1,10,276,1,0,0
13.19,63425,18.71,0.203,0.564,0,6,1055,1,0,0
36.77,80388,53.72,0.346,0.819,0,7,895,1,0,0
31.04,10006,17.63,0.241,0.918,0,11,1056,1,1,0
76.19,72191,18.2,0.162,0.621,0,6,642,0,0,0
25.96,24579,31.87,0.482,0.858,1,13,1904,1,0,0
35.54,2793,52.55,0.115,1.0,0,12,2061,1,1,0
17.35,26996,23.08,0.19,0.952,1,8,1596,0,0,0
11.22,4377,72.15,0.351,0.856,0,6,443,1,0,0
52.87,10522,6.62,0.192,0.824,0,13,1241,0,0,0
60.02,4330,52.03,0.265,0.98,3,13,613,1,0,1
47.68,83645,6.26,0.076,0.643,0,5,928,0,0,0
30.11,81073,18.69,0.1,0.828,0,9,231,1,0,0
12.44,20312,39.74,0.215,0.758,0,6,465,1,0,0
67.58,15861,40.43,0.112,1.0,0,8,214,0,0,0
43.1,21725,8.15,0.086,0.537,0,9,1140,0,0,0
136.99,33223,106.53,0.408,0.578,0,6,1410,0,0,0
10.77,81621,2.1,0.131,0.495,0,12,322,0,0,0
54.06,31444,0.89,0.238,1.0,0,12,422,0,0,0
42.07,78233,46.05,0.301,0.451,1,3,693,0,0,0
20.62,22108,42.73,0.106,0.709,2,10,33,1,0,0
80.73,26564,31.19,0.321,0.648,0,5,80,1,0,0
37.41,557,47.56,0.271,0.321,1,14,603,1,0,0
12.81,12749,3.7,0.221,0.497,1,11,577,1,1,0
24.66,65278,2.51,0.323,0.688,1,8,314,1,0,0
12.69,45246,87.17,0.138,0.718,0,8,1275,1,1,0
18.64,22498,24.47,0.217,0.87,0,15,643,1,0,0
47.61,69526,63.1,0.122,0.733,2,18,1258,1,1,0
59.82,83088,59.23,0.491,0.65,0,5,3574,0,0,0
32.36,1367,26.47,0.267,0.892,0,8,930,1,0,0
14.88,77415,24.75,0.275,1.0,0,6,1029,1,0,0
36.79,9791,11.16,0.176,0.508,0,6,785,0,0,0
48.36,8348,4.04,0.117,0.692,1,14,232,0,0,0
5.6,70525,29.01,0.025,1.0,0,5,543,1,0,0
29.76,54109,42.57,0.058,0.647,0,8,1294,0,0,0
23.29,23679,19.67,0.15,0.666,0,11,84,1,1,0
58.15,33698,1.31,0.21,1.0,0,11,107,1,0,0
36.91,64636,3.91,0.09,0.818,0,8,303,1,1,0
39.94,7342,2.69,0.436,0.737,0,14,884,1,0,0
18.44,30770,26.81,0.223,0.97,0,7,1073,1,0,0
27.15,62100,20.8,0.086,0.902,1,10,442,0,0,0
57.68,28228,15.71,0.328,1.0,0,12,89,0,0,0
25.74,14763,19.6,0.027,0.969,0,10,723,1,0,0
31.18,16034,8.07,0.284,0.575,0,8,1450,1,0,0
7.93,65527,40.83,0.247,0.621,1,4,397,0,0,0
25.67,61778,9.96,0.213,0.858,0,10,68,1,0,0
5.42,50328,25.84,0.293,0.945,0,8,1542,1,0,0
17.94,82425,12.39,0.128,0.978,1,10,1757,1,0,0
28.53,38991,1.87,0.231,0.891,0,6,550,1,0,0
50.08,15390,7.42,0.175,0.757,0,7,416,1,0,0
12.19,73952,83.88,0.092,0.905,0,8,796,1,0,0
36.56,36820,5.28,0.077,1.0,0,15,94,1,0,0
87.78,57523,2.77,0.119,0.82,0,6,806,0,0,0
16.24,29090,8.6,0.082,0.845,1,8,361,1,1,0
7.86,81392,52.58,0.102,0.798,0,12,1243,1,0,0
34.19,49046,9.13,0.48,0.705,1,11,77,1,1,0
10.45,58672,13.51,0.376,0.841,0,6,956,0,0,0
14.08,45711,9.28,0.051,0.948,0,7,1943,0,0,0
56.75,33509,112.69,0.146,0.676,0,9,2450,1,1,0
121.7,4409,224.7,0.204,0.666,0,13,914,1,1,0
12.18,28465,16.48,0.05,0.868,0,8,180,1,0,0
15.03,15423,38.41,0.023,0.705,0,4,1263,0,0,0
19.07,57651,6.21,0.092,1.0,1,9,230,0,0,0
17.49,9458,11.72,0.333,0.879,0,6,243,0,1,0
127.31,80232,28.43,0.223,0.807,0,8,105,1,0,0
17.74,83188,8.43,0.05,1.0,0,10,2590,1,0,0
34.23,73525,102.39,0.491,0.728,2,7,57,1,0,1
98.78,57201,63.85,0.219,1.0,1,11,793,0,0,0
43.01,11220,7.0,0.337,1.0,0,8,37,0,0,0
59.66,7312,1.53,0.273,0.785,1,8,2016,0,1,0
13.13,31619,34.77,0.113,0.797,0,10,117,0,0,0
17.74,20431,6.97,0.13,0.659,1,10,282,1,0,0
11.8,81463,14.95,0.1,0.335,1,7,35,1,0,0
51.47,42013,2.96,0.091,0.896,0,6,440,0,0,0
72.25,18027,1.77,0.167,0.295,0,8,331,1,0,0
16.78,75756,15.43,0.15,0.794,0,5,482,1,0,0
20.26,13217,10.28,0.236,0.754,0,9,265,1,0,0
20.98,60117,17.63,0.357,0.881,0,8,721,1,0,0
7.86,73131,84.38,0.132,0.411,0,11,958,1,0,0
15.81,54653,13.08,0.146,1.0,1,7,217,1,0,0
50.33,42990,23.07,0.229,0.886,0,7,373,0,0,0
13.46,60352,2.57,0.329,0.695,1,2,214,1,0,0
29.21,79028,54.27,0.051,0.802,0,8,878,0,0,0
9.52,12785,40.98,0.105,0.909,1,10,1027,1,0,0
24.16,85334,18.47,0.311,0.366,0,8,71,1,0,0
17.28,32,5.06,0.069,0.717,0,11,107,1,0,0
10.2,39245,13.88,0.539,0.654,0,10,904,0,0,0
51.02,48675,8.82,0.226,0.565,0,6,1878,0,0,0
53.37,70518,130.15,0.088,0.688,1,5,231,1,0,0
12.48,80824,16.87,0.032,0.725,0,9,560,1,0,0
22.81,56039,13.71,0.197,0.816,1,11,184,1,1,0
28.09,66825,4.63,0.065,0.879,1,11,456,1,0,0
6.35,83238,6.83,0.136,0.793,0,10,1881,0,0,0
8.87,83383,31.08,0.23,0.589,0,8,401,1,0,0
75.87,83504,19.14,0.106,0.741,0,9,388,1,0,0
11.56,82489,11.08,0.329,0.452,0,10,347,1,0,0
74.18,22150,8.81,0.115,0.709,0,7,310,0,0,0
9.24,73004,5.6,0.082,0.596,0,12,1204,0,0,0
62.73,54125,46.6,0.39,0.422,1,10,130,0,0,1
21.14,16728,94.47,0.066,0.832,0,9,797,1,0,0
23.65,67195,34.97,0.365,0.907,0,8,4052,1,1,0
119.67,31926,65.73,0.247,0.712,0,10,388,1,0,0
9.94,57036,13.3,0.326,0.89,0,6,645,1,0,0
43.63,33701,50.89,0.21,0.856,0,6,247,1,0,0
42.22,4716,7.4,0.193,0.846,0,10,1322,1,0,0
396.89,53397,17.83,0.089,0.859,0,9,1762,1,0,0
11.45,78568,5.66,0.182,1.0,0,8,104,1,0,0
16.43,45322,36.78,0.113,0.836,1,10,95,1,0,0
52.08,72282,17.21,0.206,0.63,0,14,450,0,0,0
23.1,14710,19.21,0.281,0.765,0,7,102,1,0,0
18.72,69111,49.06,0.103,1.0,1,2,1396,0,0,0
58.32,35319,33.6,0.121,0.793,0,6,545,1,0,0
21.91,57338,84.73,0.368,0.648,0,6,457,1,0,0
13.28,30190,12.99,0.414,0.667,0,11,375,0,0,0
48.47,23562,15.47,0.512,0.668,1,9,723,1,0,0
36.61,82931,23.88,0.016,0.922,0,10,1682,1,0,0
21.11,20550,15.1,0.284,0.633,0,14,951,0,0,0
20.32,76036,13.6,0.421,0.933,1,8,2327,0,0,0
13.04,45751,10.41,0.361,0.87,0,5,934,1,0,0
48.43,63108,44.58,0.235,1.0,0,10,3034,1,0,0
20.33,26010,19.06,0.253,0.967,0,5,1820,0,1,0
14.65,1439,23.37,0.212,0.587,0,10,300,1,0,0
9.69,36184,5.71,0.501,1.0,0,15,959,0,0,0
37.1,3953,7.25,0.192,0.889,0,9,98,1,1,0
18.05,32609,10.38,0.18,0.731,0,10,2060,0,0,0
5.42,39528,15.65,0.189,0.901,0,13,1798,0,1,0
10.35,46433,1.12,0.14,1.0,0,10,381,1,0,0
22.49,42421,54.82,0.271,0.848,1,10,147,0,0,0
23.0,46099,58.51,0.244,0.522,0,11,2206,1,1,0
22.31,39383,27.09,0.221,1.0,1,9,132,1,0,0
19.96,82081,9.5,0.278,0.537,0,11,79,0,0,0
8.33,17441,12.17,0.315,0.954,0,5,1167,1,0,0
13.47,17837,33.11,0.2,0.919,0,9,1893,1,0,0
69.9,4826,8.43,0.277,0.96,0,12,895,1,1,0
62.11,56049,23.47,0.081,0.581,1,9,726,0,0,0
43.05,46100,59.18,0.128,0.949,1,4,611,1,1,0
40.11,19168,13.21,0.348,0.862,0,5,873,1,0,0
55.91,86187,22.11,0.32,0.583,0,8,413,0,0,0
11.06,76963,65.98,0.468,0.711,0,5,1261,1,0,0
27.84,39734,10.41,0.579,0.968,0,10,1212,0,0,0
11.06,4294,35.64,0.135,0.924,0,6,403,1,1,0
11.22,18481,35.17,0.108,0.675,0,5,1607,1,0,0
36.4,75193,65.95,0.34,0.881,1,11,55,1,0,0
57.82,23881,48.9,0.387,0.836,1,7,489,1,1,0
23.22,53541,34.54,0.003,0.838,0,11,2188,0,0,0
101.41,69577,25.3,0.072,0.71,0,16,948,1,0,0
32.12,68154,6.9,0.39,0.702,1,10,344,1,0,0
14.56,15532,27.77,0.087,0.753,0,8,4538,1,0,0
11.37,12441,8.09,0.066,0.458,0,6,590,0,1,0
61.22,16093,14.5,0.201,0.666,0,14,333,1,1,0
29.87,7659,144.99,0.411,0.753,4,10,105,0,1,1
46.56,73664,28.09,0.113,0.656,0,8,203,0,0,0
3.23,64480,12.82,0.217,0.674,0,6,2069,0,0,0
30.36,64778,165.36,0.301,0.115,0,8,591,1,1,1
18.0,39857,16.55,0.073,0.519,0,8,1091,1,0,0
8.89,17081,7.87,0.214,0.467,0,4,1840,0,0,0
25.79,20341,7.37,0.106,0.486,0,8,839,1,0,0
64.94,13729,9.89,0.098,0.674,0,10,1513,1,1,0
166.17,24293,30.62,0.332,0.739,1,6,1045,0,1,0
32.91,12559,17.19,0.473,0.846,0,9,752,1,0,0
15.37,43450,11.68,0.046,0.416,0,8,2228,1,0,0
14.65,49960,57.71,0.229,0.73,0,5,1159,0,0,0
58.59,39323,30.67,0.392,0.589,0,7,686,1,0,0
12.21,1038,17.06,0.215,1.0,0,11,1841,0,0,0
44.61,63567,13.67,0.249,0.696,0,14,37,1,0,0
34.29,74271,42.72,0.075,0.689,0,8,2416,1,0,0
31.39,44736,4.75,0.06,0.905,1,8,2078,1,0,0
7.73,30280,27.28,0.066,0.681,1,13,1871,1,0,0
20.38,26877,0.53,0.213,0.656,0,11,204,1,0,0
8.44,53993,0.17,0.332,0.577,2,6,199,1,0,0
16.94,71818,67.13,0.2,0.691,0,10,716,0,1,0
56.47,74437,18.04,0.171,0.639,0,8,360,0,0,0
72.59,17697,9.46,0.259,0.576,0,10,588,1,0,0
142.97,37169,77.53,0.256,0.234,3,11,42,1,0,1
17.18,45227,104.71,0.168,1.0,0,16,447,1,0,0
96.59,60099,0.88,0.055,1.0,0,9,288,1,1,0
17.0,40113,0.97,0.039,1.0,0,9,1044,0,0,0
10.93,45662,48.24,0.103,0.755,0,12,2004,1,0,0
47.33,23380,20.34,0.498,0.843,0,11,281,1,0,0
39.1,75500,53.58,0.086,1.0,0,7,766,0,0,0
17.57,26015,29.66,0.174,0.831,0,9,402,0,0,0
29.38,61750,15.9,0.252,0.599,0,9,59,1,0,0
38.62,85235,4.4,0.117,0.806,0,9,119,1,0,0
31.91,64219,12.35,0.106,0.515,0,8,384,0,1,0
39.14,81115,38.68,0.391,0.632,1,8,311,1,0,0
18.09,70350,6.66,0.343,0.888,0,9,461,1,0,0
41.31,32179,31.15,0.196,0.235,0,8,925,1,0,0
27.5,5243,7.1,0.171,0.587,0,6,3659,1,1,0
102.46,63083,27.75,0.369,0.525,2,7,619,1,0,1
22.27,82482,2.23,0.379,0.441,0,7,323,1,0,0
25.07,14917,15.17,0.064,0.888,0,9,2009,1,0,0
8.53,8054,23.71,0.448,0.777,0,10,187,1,0,0
16.29,53334,20.71,0.017,0.671,0,6,114,0,0,0
28.56,49113,13.04,0.395,0.962,0,4,1192,1,0,0
9.2,65216,11.54,0.226,0.519,0,10,52,0,0,0
16.51,76565,8.05,0.282,0.823,0,9,99,0,0,0
182.68,73036,36.43,0.398,0.742,1,8,2789,0,0,0
10.99,41704,38.15,0.013,0.693,0,6,564,1,0,0
19.94,41329,16.49,0.254,0.695,1,7,43,1,0,0
13.92,79765,12.05,0.371,0.57,0,11,492,0,0,0
24.69,64387,25.36,0.077,0.606,0,14,444,1,1,0
14.13,51243,20.4,0.143,0.764,0,9,778,0,1,0
22.32,50472,27.51,0.131,1.0,0,8,60,1,0,0
15.26,38654,9.13,0.401,0.375,0,8,2071,1,0,0
63.06,41425,38.82,0.287,0.492,0,8,948,0,1,0
28.94,31993,9.52,0.053,0.944,1,14,1040,1,0,0
12.15,28069,13.56,0.111,0.829,0,11,2722,1,0,0
53.12,33240,3.55,0.133,0.951,0,6,425,1,0,0
12.6,75024,48.34,0.146,0.828,0,8,925,1,0,0
7.76,23516,25.84,0.046,0.591,0,11,1673,1,0,0
27.05,16619,6.71,0.246,0.764,0,8,509,1,0,0
124.69,70701,47.72,0.097,0.843,1,9,49,0,0,0
6.28,1678,30.5,0.102,0.733,1,6,512,0,0,0
9.35,20712,14.59,0.203,0.879,1,7,258,1,0,0
49.5,22944,114.74,0.429,0.943,0,11,557,1,0,0
16.22,6064,10.28,0.387,0.913,0,10,213,1,0,0
44.24,82185,2.62,0.06,0.591,0,8,1188,1,0,0
13.87,6333,33.06,0.173,0.654,0,10,1130,1,1,0
30.37,64694,35.37,0.305,0.784,0,10,264,1,0,0
109.46,67940,1.52,0.11,0.719,0,6,1093,1,0,0
10.43,29218,42.79,0.14,0.682,0,10,1029,1,0,0
61.5,46584,37.4,0.27,1.0,0,7,1308,1,0,0
46.7,30177,66.34,0.339,0.529,0,10,1377,1,1,0
8.24,15711,3.15,0.32,0.413,0,13,640,0,0,0
42.4,75093,22.96,0.505,0.946,0,10,891,1,0,0
28.74,16003,6.19,0.162,0.739,0,6,482,1,0,0
29.16,47988,12.75,0.062,0.574,0,8,901,1,0,0
35.49,83872,7.7,0.151,0.727,1,14,2343,1,1,0
20.49,41032,14.91,0.202,1.0,0,9,1695,0,0,0
28.68,53024,2.99,0.209,0.919,0,10,71,1,0,0
32.89,66219,9.04,0.108,0.84,1,14,141,0,0,0
49.25,66511,1.84,0.139,0.646,1,5,695,1,0,0
7.99,11411,16.92,0.137,0.851,1,8,78,0,0,0
76.15,48446,8.8,0.068,0.654,0,13,365,1,1,0
10.76,24433,22.31,0.534,1.0,0,8,714,1,0,0
49.86,29986,15.24,0.212,0.858,0,12,347,1,0,0
28.89,59888,6.99,0.241,0.708,0,8,624,1,0,0
9.73,11424,2.72,0.157,0.594,0,9,628,1,0,0
41.37,32828,34.99,0.239,1.0,1,9,512,1,0,0
12.73,38983,25.07,0.123,0.674,0,7,1071,0,0,0
63.75,57825,0.84,0.358,1.0,0,8,399,1,0,0
15.35,28786,113.59,0.412,0.761,0,11,185,1,0,0
8.2,5325,25.71,0.373,0.806,0,2,1963,0,0,0
92.49,81201,5.8,0.539,0.781,0,4,87,1,0,0
31.35,29582,45.89,0.209,0.591,0,5,749,0,0,0
54.26,12841,53.45,0.217,0.579,0,10,368,1,0,0
13.72,6001,21.31,0.102,0.828,0,8,1779,1,0,0
5.97,65115,54.2,0.171,0.898,1,7,70,1,0,0
103.56,3651,0.74,0.198,0.956,0,8,2809,0,0,0
26.97,40776,72.59,0.142,0.72,0,10,105,1,0,0
40.17,74902,1.47,0.129,0.632,0,13,769,1,0,0
45.85,10787,25.71,0.144,1.0,1,7,370,0,0,0
20.73,45195,10.61,0.22,0.75,1,7,692,1,0,0
32.49,52958,1.0,0.199,0.364,0,6,170,0,1,0
97.04,25065,66.23,0.125,0.93,0,5,952,1,0,0
13.67,26506,130.65,0.343,0.426,2,15,344,1,0,1
57.61,4300,48.06,0.199,0.584,0,10,731,1,0,0
5.51,40318,10.02,0.022,0.994,1,10,871,1,1,0
66.62,81466,33.79,0.289,0.871,0,3,811,0,0,0
8.02,72415,7.33,0.37,0.696,1,9,492,1,0,0
60.8,53890,21.89,0.101,0.154,0,6,104,1,0,0
37.06,53228,40.18,0.11,0.629,0,9,685,0,1,0
25.11,41501,20.88,0.079,1.0,1,6,713,1,1,0
25.04,73211,9.15,0.592,0.711,0,10,477,1,0,0
22.15,50417,6.65,0.018,0.889,0,10,1282,1,0,0
14.06,63578,4.8,0.139,0.745,0,5,1152,0,0,0
22.99,70657,45.63,0.188,0.775,0,10,3879,1,0,0
158.61,50128,23.6,0.085,0.755,0,7,4406,1,0,0
76.85,49760,17.77,0.085,1.0,0,13,1436,0,0,0
13.51,16848,7.18,0.171,0.788,0,8,2711,0,0,0
33.59,47076,14.22,0.501,0.706,0,10,1304,1,0,0
29.28,32028,24.19,0.014,0.945,1,8,458,1,0,0
24.2,80648,1.86,0.089,0.639,1,11,1497,0,0,0
12.16,58371,11.19,0.196,0.865,0,12,1066,1,0,0
123.54,50413,50.05,0.593,0.886,2,14,362,1,0,1
53.35,27175,26.0,0.227,0.597,1,7,1127,0,0,0
13.91,60300,23.3,0.088,0.715,0,10,1000,1,0,0
129.6,56709,8.9,0.145,0.603,1,4,91,0,0,0
91.62,44360,1.06,0.109,0.927,0,10,337,0,0,0
42.04,67353,5.05,0.08,0.722,1,12,510,1,0,0
10.12,5734,4.36,0.089,0.967,0,10,61,1,0,0
37.38,28457,21.01,0.344,1.0,0,8,2670,0,0,0
33.97,47999,4.64,0.067,0.737,0,6,2465,0,1,0
40.88,81869,16.46,0.224,0.697,0,5,780,0,0,0
96.77,80957,23.83,0.215,1.0,0,7,50,0,0,0
23.55,23294,52.92,0.172,0.836,0,10,30,1,0,0
139.53,14076,7.03,0.476,0.915,0,9,195,1,0,0
37.53,5571,5.14,0.24,0.63,0,12,49,1,0,0
21.49,74910,4.76,0.219,0.856,0,12,1802,1,1,0
184.84,59434,11.17,0.307,0.787,0,10,3178,0,0,0
52.66,1940,26.19,0.123,0.791,0,16,938,0,0,0
18.84,33180,27.86,0.208,0.709,0,8,224,1,0,0
29.0,7606,5.92,0.151,0.945,2,13,160,1,0,0
45.07,19607,3.52,0.291,0.755,0,7,1869,0,0,0
24.03,81708,14.89,0.387,0.73,1,12,198,1,0,0
30.18,50255,3.81,0.143,0.598,1,10,2741,1,0,0
14.1,11400,41.91,0.2,0.8,0,13,254,1,1,0
7.04,46804,2.19,0.16,0.709,1,8,1404,1,0,0
29.52,5569,34.87,0.177,0.666,0,11,5540,1,0,0
30.33,75137,1.09,0.175,0.6,1,13,117,1,0,0
41.33,54948,41.12,0.215,0.677,0,8,1092,0,1,0
17.1,55678,24.66,0.301,0.841,0,8,133,1,0,0
9.28,80173,9.73,0.122,0.576,0,5,1130,1,0,0
12.53,13061,13.0,0.292,1.0,0,10,483,1,0,0
63.09,49147,27.99,0.087,0.665,0,12,772,0,0,0
15.91,17455,5.13,0.387,0.905,0,7,723,1,0,0
19.04,25726,55.25,0.173,0.861,0,5,460,1,0,0
21.12,57711,16.49,0.066,0.886,1,3,1042,1,0,0
16.52,6791,35.69,0.343,0.611,0,11,263,1,0,0
15.57,68090,17.67,0.202,1.0,0,8,47,0,0,0
13.51,8268,15.05,0.065,0.762,1,9,706,1,0,0
83.14,10946,15.85,0.214,0.736,0,10,474,1,0,0
46.72,66587,11.28,0.127,0.836,0,7,2285,0,0,0
73.57,2983,32.99,0.47,1.0,1,13,898,0,0,0
86.44,22927,46.79,0.079,0.481,0,10,41,1,0,0
4.14,10296,48.17,0.104,0.783,0,8,272,1,0,0
35.69,3154,3.23,0.021,0.827,0,10,1969,1,0,0
16.96,64105,35.82,0.164,0.765,0,7,707,1,0,0
66.25,34042,5.58,0.229,1.0,0,12,2385,1,0,0
14.98,84309,0.31,0.381,0.616,1,9,220,0,1,0
11.67,78262,8.06,0.196,0.814,0,12,37,1,0,0
8.61,6557,8.66,0.105,0.941,0,10,204,1,0,0
21.28,82791,41.49,0.069,0.729,0,18,483,1,0,0
56.37,83881,33.91,0.022,0.83,0,6,354,0,1,0
33.28,26756,2.21,0.356,0.657,1,10,678,0,1,0
10.36,12132,9.86,0.207,0.784,0,10,344,1,0,0
151.73,43436,7.24,0.126,0.821,0,5,1474,1,0,0
45.59,26143,22.62,0.518,0.861,0,12,2966,0,0,0
50.5,26891,19.5,0.199,0.797,1,14,302,1,0,0
75.79,51306,28.4,0.169,0.9,0,11,554,1,0,0
7.3,4161,60.4,0.396,0.632,0,14,813,0,0,0
13.08,7330,13.66,0.048,1.0,1,4,227,1,0,0
52.37,38128,26.67,0.066,0.772,1,5,300,1,0,0
14.17,83955,62.63,0.086,0.804,0,12,939,1,1,0
21.76,33157,19.5,0.085,0.851,0,8,413,1,0,0
25.48,21525,9.21,0.136,0.661,1,10,324,0,0,0
9.76,29400,12.89,0.063,0.76,0,11,123,1,1,0
20.31,43916,35.12,0.226,0.505,1,12,113,0,1,0
56.35,53014,31.83,0.339,0.775,0,11,413,0,0,0
48.6,11756,34.5,0.37,0.814,2,4,648,0,0,0
66.05,69613,34.0,0.181,0.911,0,11,441,1,0,0
60.82,10760,63.29,0.162,0.642,0,5,319,0,1,0
37.51,24937,36.1,0.366,0.493,0,11,446,1,0,0
35.21,73786,48.35,0.037,0.846,0,8,3105,1,0,0
33.2,20964,21.32,0.376,0.709,0,9,1735,0,0,0
16.42,48756,25.83,0.217,0.96,0,6,945,1,0,0
11.89,58468,85.83,0.282,0.613,0,13,640,1,0,0
15.62,6941,51.06,0.193,0.44,1,10,1488,1,0,0
20.89,19120,37.56,0.207,0.898,1,14,81,1,0,0
16.04,33807,28.92,0.332,0.734,0,11,178,1,0,0
37.75,8312,11.1,0.089,0.887,1,8,920,1,0,0
31.87,81109,19.86,0.221,0.604,1,7,140,1,1,0
34.72,3813,1.42,0.086,0.618,0,14,241,1,0,0
35.91,22857,13.45,0.453,0.989,1,10,673,1,0,0
70.56,15540,2.97,0.354,0.985,0,14,2353,0,0,0
26.93,70017,32.61,0.115,0.649,0,7,305,1,0,0
60.75,15913,55.71,0.27,0.639,0,7,3597,1,0,0
26.65,37311,210.52,0.34,0.162,1,6,156,1,1,1
66.93,76679,7.05,0.435,0.315,0,7,858,1,0,0
98.66,80126,48.62,0.205,0.897,0,4,138,1,0,0
43.01,56212,22.04,0.296,0.736,1,13,126,1,0,0
29.46,70496,22.19,0.129,0.932,0,14,584,1,0,0
29.31,40635,20.69,0.337,0.859,0,10,677,1,1,0
18.61,27937,6.16,0.082,0.761,0,8,48,1,0,0
18.12,15859,6.97,0.085,0.964,1,14,35,1,0,0
55.8,39811,74.72,0.27,0.477,1,10,728,1,0,0
12.54,34543,32.14,0.357,0.93,0,5,110,1,1,0
98.67,1908,2.37,0.393,0.88,0,11,362,1,0,0
24.01,49739,6.31,0.305,0.966,1,12,1349,0,1,0
267.65,71681,24.66,0.342,0.463,0,7,1665,0,0,0
15.57,59374,8.33,0.175,0.786,0,6,1022,1,0,0
33.12,49534,7.25,0.331,0.686,0,10,1721,1,0,0
20.46,41649,5.65,0.532,0.859,0,9,980,1,0,0
14.38,5231,5.14,0.111,1.0,0,10,501,1,0,0
63.5,71540,23.75,0.126,0.749,0,7,1189,1,1,0
11.2,73931,59.07,0.25,0.809,1,7,400,1,0,0
15.79,4121,11.2,0.289,0.661,1,13,284,1,1,0
43.34,67412,3.24,0.259,0.821,0,10,578,1,0,0
49.2,67236,3.32,0.211,0.927,0,9,1536,1,0,0
8.9,1590,67.84,0.337,0.907,1,9,285,0,0,0
43.18,50019,18.81,0.32,0.946,1,10,927,0,0,0
30.06,61713,15.7,0.309,0.717,1,11,553,0,0,0
13.01,30487,55.35,0.09,0.63,2,8,1780,0,0,0
14.42,2064,17.69,0.047,0.594,0,11,166,1,0,0
5.33,42447,16.38,0.077,0.791,0,11,5540,0,0,0
107.12,2345,65.31,0.239,0.648,0,13,795,0,0,0
61.09,56171,16.08,0.198,0.675,1,9,4302,0,0,0
9.67,33818,12.4,0.082,1.0,0,10,1138,1,1,0
51.37,19971,21.79,0.319,0.889,1,10,2074,1,0,0
17.13,58951,94.56,0.071,0.805,1,6,287,1,1,0
56.37,46535,82.99,0.12,0.702,0,11,338,0,0,0
18.23,72267,37.36,0.176,0.879,0,8,1288,1,0,0
20.27,78243,17.29,0.292,0.675,0,8,341,1,1,0
21.53,6383,53.31,0.17,0.981,0,11,1714,0,0,0
16.02,14847,13.59,0.246,0.939,0,6,140,1,0,0
83.05,4899,25.55,0.497,0.919,0,8,241,0,0,0
55.64,37302,4.94,0.462,0.684,1,6,1581,0,0,0
29.61,31491,27.07,0.255,0.648,0,5,1181,1,0,0
61.54,33290,8.08,0.181,1.0,1,9,2201,1,0,0
7.38,41530,36.93,0.204,0.344,0,5,178,0,0,0
10.15,29954,13.36,0.228,0.974,1,9,310,1,0,0
39.63,19723,12.7,0.184,0.685,0,10,506,1,0,0
48.83,69744,34.32,0.257,0.973,0,11,515,0,1,0
33.9,63048,13.85,0.018,0.916,1,17,1159,1,0,0
6.01,84372,31.3,0.198,0.722,1,8,185,1,0,0
11.59,63381,48.29,0.149,0.54,0,7,188,0,0,0
37.84,52625,3.68,0.185,0.594,0,15,2027,1,1,0
188.89,30955,16.3,0.265,0.74,0,12,90,1,0,0
71.83,5125,72.47,0.241,0.556,0,5,138,0,1,0
95.76,56920,41.81,0.097,0.862,0,11,179,1,0,0
35.58,68721,90.87,0.103,0.937,1,12,2105,1,0,0
35.37,74574,49.21,0.082,1.0,0,11,83,1,0,0
11.86,50486,9.28,0.039,1.0,0,7,797,1,0,0
58.06,48295,4.94,0.161,0.522,0,7,738,1,0,0
25.57,43857,5.91,0.06,0.845,0,5,33,1,0,0
47.19,38963,6.11,0.059,0.819,1,12,780,1,0,0
27.79,42871,1.97,0.189,1.0,0,4,1791,0,0,0
33.9,16683,59.32,0.181,0.57,0,12,229,1,0,0
25.28,4958,17.46,0.342,0.804,0,4,573,0,0,0
32.45,32851,2.67,0.116,0.633,0,11,1102,1,1,0
59.15,73451,99.03,0.13,0.872,0,10,100,1,0,1
9.85,32585,9.85,0.261,0.863,0,8,681,0,0,0
8.21,40594,1.84,0.183,0.871,0,12,221,1,0,0
38.12,13306,5.26,0.237,0.675,0,8,495,0,0,0
85.84,83418,26.79,0.034,0.661,1,7,2928,0,0,0
105.02,46714,39.5,0.083,0.995,1,14,1160,1,0,0
10.18,26602,7.31,0.377,0.759,0,8,794,1,0,0
19.64,69406,21.51,0.157,0.759,0,7,796,1,0,0
8.3,78517,0.02,0.204,0.516,0,11,2711,1,0,0
17.45,59490,8.16,0.521,0.68,1,9,2045,0,0,0
66.57,67261,5.01,0.049,0.939,0,11,56,1,0,0
26.83,78733,1.99,0.118,0.79,0,11,2414,1,1,0
20.1,62769,16.54,0.31,0.187,0,9,141,1,1,0
41.93,2810,24.93,0.098,0.553,0,5,689,1,0,0
14.35,67830,1.19,0.151,0.965,0,8,322,1,0,0
96.97,76040,3.71,0.282,1.0,0,10,2700,1,0,0
27.27,41384,67.31,0.139,0.671,0,7,815,1,0,0
19.66,5177,6.31,0.457,1.0,0,8,2058,0,0,0
43.36,38371,35.68,0.185,0.595,0,8,92,1,0,0
57.48,51523,34.43,0.152,0.829,1,9,737,1,0,0
97.2,27415,9.7,0.15,0.707,0,4,2604,0,0,0
22.92,57405,5.71,0.311,0.761,1,9,174,1,0,0
64.64,47696,6.99,0.249,0.559,0,6,652,0,0,0
29.4,19942,20.86,0.049,0.665,0,10,510,0,0,0
16.62,67320,12.0,0.178,0.885,0,6,635,1,0,0
14.56,2916,17.11,0.104,0.974,0,10,101,0,1,0
11.27,68980,41.73,0.267,1.0,0,10,328,0,0,0
14.98,55346,17.44,0.186,0.718,1,16,563,1,0,0
66.19,53864,133.63,0.339,0.932,0,12,1319,1,0,0
47.72,10831,27.4,0.101,0.742,1,12,962,1,0,0
10.04,30136,5.81,0.12,0.784,0,6,84,0,0,0
6.71,63365,17.3,0.04,0.746,2,4,1177,0,0,0
11.14,38304,41.97,0.331,0.653,0,2,1845,0,0,0
14.56,40881,6.16,0.114,0.733,1,8,374,0,0,0
21.27,53789,32.68,0.226,0.476,0,9,737,1,0,0
69.29,37009,0.85,0.149,0.671,0,7,634,1,0,0
17.49,76701,71.46,0.303,0.818,1,4,488,1,1,0
104.0,13546,27.22,0.018,0.436,0,5,466,1,0,0
7.07,38286,4.44,0.248,0.27,0,9,1773,0,0,0
20.51,54882,51.85,0.23,0.646,0,12,33,1,0,0
26.29,19133,9.42,0.174,0.287,0,10,85,0,0,1
53.4,34699,13.02,0.281,0.547,0,5,177,1,0,0
20.73,48560,33.39,0.209,0.7,0,12,210,1,0,0
60.42,31434,69.28,0.206,0.66,0,10,1238,1,0,0
51.92,33206,10.72,0.328,0.713,0,12,268,1,1,0
15.71,25288,44.37,0.081,0.241,0,9,396,1,0,0
34.88,38694,5.48,0.156,0.809,0,11,304,1,0,0
47.6,24502,0.89,0.069,1.0,1,13,2302,1,0,0
16.64,29851,0.73,0.057,0.609,0,14,57,1,0,0
105.16,61496,26.84,0.11,0.652,0,10,1497,1,0,0
13.9,62735,4.19,0.022,0.968,0,6,1338,0,0,0
30.43,30422,1.29,0.229,0.592,0,7,122,0,1,0
9.98,50141,94.03,0.113,1.0,0,9,272,0,0,0
29.45,28643,6.93,0.177,0.679,2,9,363,1,0,0
11.55,48311,15.52,0.131,0.627,1,8,1207,1,0,0
21.43,15650,23.74,0.392,0.741,0,8,813,1,0,0
7.62,65837,3.9,0.02,0.449,0,8,1750,1,0,0
51.41,18447,11.05,0.407,0.758,2,10,151,0,0,0
36.05,66894,26.08,0.153,0.653,1,5,1061,0,1,0
64.71,58953,25.52,0.352,0.686,0,7,109,0,1,0
20.53,30068,46.14,0.418,0.674,0,9,846,1,1,0
67.16,57283,14.38,0.14,0.795,0,5,216,0,0,0
27.98,77329,55.14,0.015,0.562,2,14,218,1,0,0
29.68,17429,28.66,0.148,0.687,0,8,83,0,0,0
147.12,60599,20.64,0.049,0.861,0,5,1198,0,0,0
18.4,26114,3.11,0.072,0.744,0,12,2110,1,0,0
72.38,42475,21.37,0.099,0.643,0,9,1538,1,0,0
39.8,4601,22.58,0.208,0.608,0,8,570,0,0,0
17.16,77434,35.55,0.061,0.34,0,12,113,1,0,0
9.46,83698,31.75,0.343,0.727,0,11,2819,0,0,0
11.86,74164,18.87,0.136,0.667,0,14,915,1,0,0
66.99,23656,22.46,0.076,0.868,0,7,297,1,0,0
108.58,23759,37.0,0.4,0.747,1,3,825,0,0,0
29.17,54932,10.83,0.091,0.699,0,14,2491,0,0,0
30.42,37568,3.62,0.106,0.597,0,10,328,1,0,0
50.46,33592,51.85,0.171,0.799,1,11,492,1,0,0
28.75,85725,83.82,0.183,0.747,0,3,434,1,1,0
65.35,14241,14.02,0.38,0.819,0,5,726,1,0,0
34.24,41046,115.92,0.147,0.643,0,12,730,0,0,0
30.22,3297,9.74,0.077,0.758,0,9,206,0,0,0
15.5,79991,1.72,0.167,0.866,0,3,874,1,1,0
12.73,77047,21.24,0.24,0.982,0,8,99,0,1,0
2.17,60920,50.66,0.394,1.0,1,11,750,1,0,0
72.77,7089,24.02,0.08,0.902,0,8,213,1,0,0
24.11,22880,0.24,0.241,0.813,1,5,471,1,0,0
19.68,48271,0.3,0.176,0.532,1,10,66,1,0,0
5.69,55016,32.22,0.094,0.802,1,4,1013,0,0,0
16.25,38402,46.66,0.231,1.0,0,12,3283,1,1,0
14.62,78841,7.29,0.085,0.914,0,10,129,0,0,0
14.36,81212,15.88,0.135,0.928,0,7,422,1,0,0
35.38,36369,81.16,0.213,0.622,0,15,537,0,0,0
29.9,39233,15.43,0.164,0.962,0,10,259,1,0,0
9.12,63504,3.65,0.228,0.515,1,7,1697,1,0,0
9.6,65431,60.66,0.038,0.624,1,7,660,0,0,0
9.59,54017,17.09,0.309,0.893,0,7,2929,0,0,0
115.4,73285,10.55,0.157,0.574,0,8,639,0,0,0
89.49,55480,2.56,0.476,0.727,0,8,1645,0,0,0
13.71,11312,15.32,0.25,0.995,0,6,2501,0,1,0
5.58,29495,36.71,0.175,0.751,0,8,82,1,1,0
30.04,46868,31.57,0.136,0.98,0,8,2319,0,0,0
28.15,7173,17.16,0.331,0.854,0,17,480,1,0,0
34.94,16417,31.78,0.024,1.0,1,9,56,0,0,0
49.06,54338,10.8,0.241,0.816,0,7,405,1,0,0
38.91,39314,33.23,0.313,0.55,0,8,835,1,0,0
11.1,26655,2.24,0.442,0.824,0,8,2886,0,0,0
51.37,1727,44.95,0.386,0.319,0,9,123,1,1,1
53.68,47635,52.54,0.166,0.595,0,13,1096,1,0,0
15.19,3098,8.69,0.132,0.582,0,6,243,0,0,0
34.47,4044,5.76,0.013,0.863,0,21,584,1,1,0
17.42,50328,2.33,0.236,0.591,1,11,706,1,0,0
133.88,47995,12.48,0.165,0.774,0,14,278,1,0,0
9.38,83193,1.73,0.35,0.895,1,13,500,1,0,0
68.36,84396,17.18,0.148,0.917,0,8,1160,1,0,0
7.12,63020,62.9,0.104,0.668,0,13,672,0,0,0
113.8,13597,38.68,0.296,0.809,0,10,1240,1,0,0
10.88,77305,1.04,0.449,0.543,1,6,657,1,0,0
31.56,2341,8.91,0.222,0.548,2,10,542,1,0,0
7.36,70075,5.2,0.134,0.906,0,12,341,1,0,0
9.21,45343,1.73,0.236,1.0,0,4,156,1,1,0
55.6,68678,2.88,0.274,0.471,0,10,231,1,0,0
61.72,51362,59.69,0.199,0.515,0,10,475,1,0,0
32.83,76363,9.28,0.027,0.633,0,10,702,1,0,0
49.05,72810,12.45,0.05,0.688,0,8,2519,1,0,0
62.55,70262,16.62,0.216,0.867,0,7,1768,1,0,0
15.68,80564,34.16,0.496,0.438,0,10,610,1,0,0
8.85,71153,40.03,0.332,0.503,1,9,257,0,0,0
26.82,74752,82.92,0.138,0.724,0,10,2085,1,0,0
17.09,50773,5.91,0.06,0.659,0,7,1156,1,0,0
37.0,37339,8.95,0.107,0.556,0,7,34,0,0,0
42.03,81348,9.38,0.163,0.502,0,9,2897,0,0,0
15.72,19395,14.73,0.232,0.624,0,9,456,1,0,0
47.62,22592,41.18,0.007,0.761,1,7,191,1,0,0
45.76,58254,6.84,0.231,0.551,0,11,237,1,0,0
48.36,56804,38.19,0.358,0.408,0,8,234,1,0,0
19.57,47027,5.71,0.249,0.89,0,12,42,1,0,0
50.6,45477,30.96,0.172,0.755,0,10,99,0,0,0
41.1,50156,40.11,0.17,0.824,1,11,247,1,0,0
45.25,24087,48.07,0.236,0.802,0,12,2587,1,0,0
103.78,52374,17.85,0.066,0.817,0,15,1001,1,0,0
35.24,32558,9.96,0.051,0.814,0,12,1172,1,0,0
16.68,41975,37.0,0.044,0.943,0,2,3121,1,0,0
11.15,29644,9.68,0.264,0.44,1,13,179,0,0,0
66.84,24067,4.01,0.171,0.941,1,6,1750,1,0,0
36.08,40698,45.0,0.165,0.721,1,9,35,0,0,0
103.13,3765,13.24,0.327,0.75,0,8,906,0,1,0
5.35,13307,21.15,0.443,0.741,0,9,412,1,0,0
56.18,28775,62.66,0.29,0.774,0,8,173,0,0,0
22.0,85970,3.65,0.273,0.976,0,6,1545,0,0,0
20.43,19279,20.37,0.288,0.765,0,8,1246,1,0,0
14.7,46639,20.45,0.102,0.62,0,12,506,1,1,0
55.68,63838,49.49,0.402,1.0,0,6,1440,1,0,0
44.29,36673,10.44,0.084,0.626,1,14,551,0,0,0
10.87,76141,12.82,0.223,0.374,0,13,745,1,0,0
30.94,34684,18.31,0.024,0.623,1,7,236,0,0,0
47.7,37045,4.57,0.154,0.728,0,8,456,0,0,0
31.26,43250,15.9,0.011,0.733,1,9,2321,1,1,0
65.78,12507,14.32,0.224,0.657,0,8,214,1,1,0
21.5,15998,5.5,0.284,0.718,0,7,1509,1,0,0
4.47,10083,44.75,0.123,0.701,2,8,984,0,0,0
31.48,6572,14.1,0.099,0.67,0,17,431,1,0,0
31.33,6951,9.13,0.166,0.867,0,14,1564,1,0,0
34.78,86050,3.49,0.157,0.73,1,10,160,1,0,0
65.73,3863,2.35,0.322,0.892,0,11,1433,1,1,0
5.69,49826,80.61,0.18,0.493,0,13,89,0,0,0
22.4,18284,133.24,0.236,0.83,2,10,1896,1,1,0
12.96,23713,57.05,0.264,0.743,0,9,359,1,0,0
10.31,57061,15.34,0.173,0.685,0,7,1659,1,1,0
25.59,70039,41.25,0.227,0.541,0,7,394,1,0,0
47.53,62812,44.94,0.204,0.841,0,12,78,1,0,0
34.49,69635,8.91,0.142,0.839,0,7,476,0,0,0
15.64,20840,22.05,0.104,1.0,0,11,1653,1,0,0
24.13,19421,78.56,0.171,0.737,0,9,1947,1,0,0
57.05,21861,8.21,0.068,0.626,0,8,2510,1,0,0
46.83,1889,27.18,0.258,0.686,0,7,1325,1,0,0
18.39,18766,203.68,0.339,0.375,2,5,117,1,1,1
80.01,84252,0.64,0.425,0.601,0,15,96,1,1,1
6.87,33827,16.85,0.193,0.783,0,8,236,0,0,0
19.23,36163,15.24,0.247,0.691,0,12,210,0,0,0
6.76,24014,18.41,0.327,0.453,0,12,768,1,0,0
141.69,16778,4.03,0.244,0.922,0,8,1830,0,0,0
13.68,68046,39.59,0.492,0.804,1,7,368,1,1,0
65.84,40248,27.05,0.119,0.472,1,8,1560,0,0,0
116.1,72022,91.07,0.101,0.837,0,5,726,1,1,0
32.23,84022,7.05,0.153,0.666,0,10,886,1,0,0
25.03,77111,3.94,0.565,0.697,0,15,77,0,0,0
9.41,61699,10.48,0.043,0.559,0,11,275,1,1,0
18.11,29548,17.82,0.031,0.813,0,6,428,1,1,0
97.82,56216,5.74,0.099,0.791,0,11,336,0,0,0
35.91,56293,15.43,0.14,0.695,0,16,303,0,0,0
27.73,25490,25.72,0.211,0.872,0,5,4508,0,0,0
77.46,58455,1.45,0.339,0.819,1,13,1011,1,0,0
47.32,45959,35.47,0.069,0.462,1,8,207,1,0,0
24.09,38207,70.22,0.143,0.828,0,9,277,0,0,0
32.23,18701,7.81,0.052,0.718,0,12,3458,1,0,0
14.67,71527,37.43,0.103,1.0,0,13,631,0,0,0
17.31,33733,13.53,0.074,0.5,0,8,3620,0,0,0
22.99,44491,27.3,0.127,0.732,0,13,33,0,0,0
42.35,32104,33.97,0.132,0.852,0,4,851,0,1,0
10.0,58493,8.74,0.067,0.821,1,9,898,1,0,0
28.82,23366,38.71,0.117,0.505,1,7,2298,0,0,0
19.85,18616,2.78,0.3,0.68,0,7,436,1,0,0
13.19,36381,108.05,0.121,0.943,0,15,180,1,0,0
19.93,13007,10.28,0.118,0.636,0,5,542,0,1,0
4.23,66567,6.33,0.322,1.0,0,6,807,1,1,0
14.79,57997,3.73,0.038,0.508,2,13,66,0,1,0
11.25,85715,41.81,0.195,0.821,1,8,382,1,0,0
21.67,3867,22.04,0.195,0.65,1,5,1670,1,1,0
4.38,80773,75.74,0.337,0.676,0,8,1764,0,0,0
31.59,7581,26.08,0.561,1.0,0,3,2690,0,0,0
56.12,20470,10.41,0.205,0.897,0,11,1260,1,0,0
24.68,68739,45.26,0.318,0.931,3,7,214,1,0,0
40.41,48121,8.26,0.377,0.747,1,9,881,1,0,0
17.99,53570,8.59,0.327,0.92,0,11,703,0,0,0
7.82,70426,0.72,0.18,0.831,0,5,334,1,0,0
27.15,26065,7.26,0.15,0.963,0,12,197,1,1,0
46.73,13740,7.58,0.173,0.613,0,9,928,1,0,0
9.4,55370,8.83,0.478,0.832,0,9,1133,0,0,0
18.69,13411,11.5,0.229,0.54,0,7,2846,0,0,0
22.25,4839,21.49,0.449,0.626,0,9,132,1,0,0
265.37,6379,6.1,0.109,0.759,0,7,1184,1,0,0
32.42,58621,25.32,0.167,0.562,1,14,3863,0,1,0
5.9,62250,3.58,0.054,0.681,0,8,3477,1,1,0
4.84,53576,66.81,0.341,0.668,0,4,388,1,1,0
48.64,15171,0.66,0.245,1.0,2,7,175,1,0,0
197.95,60714,59.7,0.223,0.628,0,5,1095,1,0,0
21.65,5927,19.81,0.269,0.649,0,10,191,1,0,0
20.64,35185,30.95,0.096,0.681,1,13,70,1,0,0
38.27,65794,8.86,0.168,0.894,0,10,142,1,1,0
16.53,80099,135.25,0.389,0.471,2,10,49,1,0,1
3.54,49296,73.58,0.034,0.893,1,12,225,0,0,0
62.17,85030,14.54,0.071,0.588,0,14,853,0,1,0
16.6,49860,16.37,0.213,0.855,1,9,1959,0,0,0
62.81,73973,106.15,0.227,0.519,0,12,1846,1,0,0
14.75,53580,10.24,0.044,0.571,1,7,1108,1,0,0
29.89,7570,2.64,0.081,0.986,0,5,1326,0,0,0
53.72,51964,22.1,0.245,0.852,1,11,128,1,0,0
294.12,55271,0.36,0.238,0.365,3,7,651,1,1,1
32.67,72711,37.08,0.108,1.0,0,7,281,1,0,0
31.39,42347,77.57,0.16,0.854,0,9,3899,1,0,0
44.51,77251,9.19,0.069,0.527,0,14,709,0,0,0
39.3,42694,31.99,0.226,0.644,0,11,212,1,0,0
9.65,251,14.25,0.171,0.977,0,10,415,1,0,0
9.8,19327,38.29,0.206,1.0,0,7,431,0,0,0
5.02,38929,4.49,0.291,0.493,1,5,401,1,1,0
50.06,47493,17.37,0.017,0.708,0,11,1025,1,0,0
19.76,85233,2.01,0.053,0.691,1,8,399,1,0,0
52.26,66812,20.59,0.357,0.506,0,13,138,0,0,0
36.63,34216,10.65,0.473,0.754,3,8,685,0,0,1
12.16,24587,80.5,0.209,0.57,0,9,1935,0,0,0
24.63,71535,20.2,0.1,0.879,0,7,717,1,0,0
18.84,8961,18.84,0.063,0.813,1,13,2089,1,0,0
16.65,76034,89.69,0.06,1.0,0,8,1252,1,0,0
56.39,29100,17.25,0.266,1.0,0,9,396,1,0,0
202.07,72276,28.23,0.261,0.845,0,7,409,0,0,0
66.22,39206,1.2,0.096,0.656,0,13,1576,1,0,0
26.53,42316,30.8,0.061,0.846,1,8,923,1,0,0
74.26,10445,2.75,0.25,0.768,0,5,735,1,0,0
106.73,51421,37.88,0.118,0.948,0,7,2613,1,0,0
8.9,38157,52.36,0.169,1.0,0,6,2593,0,0,0
72.23,84472,9.48,0.125,0.891,0,12,106,0,0,0
50.19,59992,52.62,0.087,0.47,0,9,1295,1,0,0
70.14,64100,16.48,0.11,0.527,0,12,76,1,0,0
51.97,75482,21.19,0.371,0.927,0,14,992,0,1,0
22.6,27862,13.23,0.161,0.78,0,7,54,0,0,0
137.87,44998,16.18,0.059,0.68,0,11,359,0,0,0
35.58,4617,59.72,0.487,0.307,0,4,181,1,0,0
19.15,28376,73.58,0.168,0.749,1,13,395,1,0,0
37.0,67234,46.4,0.335,0.211,2,6,242,1,1,1
59.02,13975,18.06,0.146,0.912,0,6,679,0,1,0
29.25,2352,3.09,0.166,0.675,1,12,142,1,0,0
37.13,81321,9.85,0.234,0.72,0,4,264,1,0,0
29.1,55891,18.0,0.184,0.607,0,9,303,0,0,0
15.99,80073,5.66,0.115,0.666,0,8,678,1,0,0
14.05,72241,21.48,0.175,0.855,0,7,935,1,0,0
8.83,22939,28.9,0.233,0.868,1,7,161,1,0,0
91.32,73947,26.24,0.1,1.0,0,3,1374,1,1,0
22.68,81846,14.61,0.135,0.922,1,7,1201,0,1,0
1.75,50784,36.67,0.151,0.793,1,9,2698,1,0,0
37.23,39235,9.62,0.332,0.532,0,9,121,0,0,0
36.62,8802,15.84,0.451,0.515,0,3,1548,1,0,0
6.09,80211,7.87,0.391,0.781,0,12,113,1,0,0
13.93,40325,23.14,0.201,0.992,0,7,638,1,0,0
13.45,31929,14.53,0.09,0.517,0,8,2053,1,0,0
14.97,86149,6.12,0.483,0.805,0,11,249,1,0,0
71.54,45883,9.21,0.157,0.995,0,6,376,1,0,0
24.07,54096,8.19,0.15,0.711,0,13,498,1,0,0
19.26,35952,60.45,0.237,0.872,0,8,191,1,0,0
66.55,38844,18.45,0.156,0.902,0,8,635,1,0,0
40.3,48656,26.44,0.178,0.743,0,9,503,1,0,0
6.73,25008,68.23,0.16,1.0,0,9,663,0,0,0
16.56,6530,5.03,0.202,0.883,0,7,1224,1,0,0
35.08,52257,69.07,0.09,0.871,0,14,1974,1,0,0
12.84,41021,19.39,0.136,0.635,0,7,2582,1,0,0
137.5,31163,48.49,0.181,0.971,0,6,546,0,0,0
29.67,86102,4.6,0.27,0.751,1,7,590,1,0,0
14.84,890,7.97,0.14,0.687,0,9,570,0,0,0
11.04,28282,5.4,0.254,0.269,1,8,505,0,0,0
56.94,46333,26.49,0.219,0.768,0,11,220,1,0,0
16.15,69457,3.79,0.453,0.795,0,10,611,1,1,0
36.74,62625,39.32,0.298,0.984,0,12,407,1,0,0
10.79,30891,7.21,0.193,0.85,0,8,267,0,0,0
28.68,78222,7.38,0.39,0.865,0,7,875,1,1,0
16.3,52012,8.25,0.529,0.871,1,10,931,1,0,0
21.07,64870,34.3,0.143,0.645,0,6,720,0,0,0
14.34,62472,64.5,0.014,0.763,0,11,409,1,0,0
61.59,70894,59.52,0.154,1.0,0,7,865,0,0,0
18.31,34850,2.67,0.211,0.882,1,9,1421,1,0,0
24.17,25353,7.61,0.186,0.745,0,11,1818,1,0,0
25.13,54181,27.88,0.207,0.779,0,8,1363,0,0,0
98.48,80540,24.09,0.373,0.812,0,5,757,1,1,0
55.27,11949,10.77,0.034,0.856,0,10,200,1,0,0
51.04,31449,49.67,0.064,0.648,0,8,356,1,0,0
7.67,40136,3.49,0.282,0.705,0,10,284,1,0,0
16.04,69103,25.47,0.172,0.774,0,10,3133,0,0,0
70.17,38105,7.97,0.178,0.757,1,10,518,1,1,0
10.63,22099,18.73,0.456,0.856,0,6,56,1,0,0
29.0,20737,12.25,0.207,0.763,1,15,825,1,0,0
11.56,59523,97.47,0.227,0.723,0,4,297,1,0,0
74.45,67270,34.93,0.226,0.81,1,12,259,1,1,1
104.02,40802,93.34,0.039,0.574,0,8,207,1,0,0
48.2,3466,7.36,0.099,0.545,1,14,544,0,0,0
59.53,45650,36.52,0.07,1.0,0,7,759,1,0,0
50.75,28592,31.56,0.109,0.736,0,7,159,1,0,0
24.25,22596,47.04,0.248,0.504,0,7,765,0,0,0
15.59,23448,29.57,0.048,0.824,0,14,65,1,0,0
19.65,78477,28.67,0.271,0.655,0,6,767,0,0,0
23.26,42406,27.02,0.171,0.811,0,10,189,1,0,0
112.28,2699,105.08,0.27,0.533,0,3,443,1,0,0
9.31,16251,6.47,0.223,0.832,0,4,3162,1,0,0
17.41,37748,0.76,0.111,0.74,0,9,1235,1,0,0
13.06,15633,28.33,0.324,1.0,0,3,2533,1,0,0
63.14,71936,4.73,0.185,0.931,0,8,628,0,1,0
119.47,18947,28.44,0.048,0.598,1,11,110,1,1,0
34.71,85919,9.63,0.346,0.348,0,6,846,1,0,0
37.07,9572,1.11,0.327,0.68,0,7,58,0,0,0
29.17,70478,36.72,0.203,0.583,0,7,493,0,0,0
38.47,67891,1.33,0.117,0.583,1,10,1346,1,0,0
50.33,12130,6.34,0.04,0.712,0,9,271,1,0,0
38.11,62990,10.25,0.226,0.722,0,7,938,1,0,0
40.41,42631,3.56,0.206,0.717,0,13,608,0,0,0
50.42,84699,61.21,0.267,1.0,0,7,69,0,1,0
6.54,22301,24.31,0.441,0.674,1,9,392,0,0,0
27.16,51690,52.07,0.145,1.0,1,5,1249,0,1,0
34.61,8830,28.65,0.07,0.935,0,10,46,0,0,0
37.82,19069,120.54,0.345,0.803,0,18,1279,1,0,0
23.65,4075,18.62,0.289,0.765,0,8,2899,1,0,0
30.83,80069,1.38,0.217,0.636,3,10,880,1,0,0
15.24,83294,4.38,0.238,0.584,0,13,335,1,0,0
6.55,83646,22.19,0.227,0.638,0,11,3742,0,0,0
59.53,80988,10.68,0.247,0.869,1,7,1653,0,0,0
10.94,41616,2.99,0.133,0.678,0,8,94,0,1,0
23.85,14351,6.8,0.197,0.803,1,5,2871,1,0,0
14.89,63477,16.09,0.209,0.835,0,17,2844,1,0,0
96.51,24176,18.25,0.147,0.745,1,9,2879,0,0,0
25.44,7980,68.17,0.163,0.692,1,7,114,1,0,0
21.15,38083,2.38,0.01,0.805,0,7,228,0,1,0
49.32,39375,11.07,0.216,0.449,0,7,1792,1,0,0
152.2,84882,17.63,0.28,0.67,0,12,566,1,0,0
37.51,70449,3.01,0.21,0.403,0,12,195,1,0,0
20.05,62668,29.1,0.232,0.668,0,11,142,1,0,0
47.34,52027,18.09,0.134,0.988,1,15,321,0,0,0
7.7,49731,15.38,0.249,0.643,0,6,779,1,0,0
28.14,48254,26.68,0.184,0.777,0,7,5498,0,0,0
133.64,69108,8.49,0.15,0.833,0,10,183,1,0,0
30.76,26065,10.36,0.093,0.834,1,13,166,1,0,0
29.55,19279,4.44,0.144,0.748,2,12,112,1,0,0
27.56,76273,18.54,0.081,0.79,1,10,59,0,0,0
19.76,64959,11.65,0.197,0.818,0,10,741,1,0,0
34.87,57851,7.54,0.112,0.729,0,10,1540,1,0,0
50.41,22167,3.33,0.123,0.639,0,9,1081,1,0,0
20.79,58651,0.59,0.493,0.878,0,5,133,1,0,0
3.7,6294,5.37,0.257,0.797,0,12,254,1,1,0
39.35,43582,7.11,0.127,0.793,0,10,245,0,0,0
149.38,35710,16.61,0.084,0.784,0,14,549,1,0,0
20.07,12983,6.89,0.309,0.787,0,11,211,1,0,0
8.36,71892,42.55,0.073,0.563,0,9,223,0,0,0
46.62,49145,16.07,0.083,0.527,0,9,394,1,0,0
109.41,23112,24.44,0.162,0.696,0,7,1566,1,0,0
41.41,14245,5.83,0.202,0.834,0,9,878,1,1,0
107.74,39099,13.45,0.064,0.607,0,6,49,1,0,0
51.16,36411,23.08,0.451,0.723,0,7,184,1,0,0
47.73,46042,9.31,0.044,0.83,0,13,1801,0,0,0
17.91,74111,10.24,0.072,1.0,1,12,1426,1,0,0
34.07,45080,41.18,0.329,0.546,1,6,376,0,0,0
26.48,48664,45.38,0.206,0.957,0,7,364,1,0,0
25.76,66873,19.03,0.156,0.829,0,4,304,1,0,0
139.32,59429,194.38,0.352,0.964,2,10,107,1,0,1
32.48,20781,33.36,0.172,0.534,0,10,1992,1,0,0
9.61,42352,1.42,0.066,0.876,0,8,1171,0,0,0
51.9,2147,20.49,0.289,0.786,1,6,1571,0,0,0
13.43,66947,29.92,0.17,0.552,0,7,765,0,0,0
22.19,42775,19.46,0.016,0.807,0,9,1364,1,1,0
99.17,31189,53.16,0.375,0.455,2,13,347,1,1,1
12.91,36918,8.95,0.296,0.9,2,7,279,0,0,0
5.62,30616,1.69,0.046,0.615,0,4,757,1,0,0
19.96,6898,25.1,0.097,0.946,0,8,431,1,0,0
8.63,36819,32.81,0.177,1.0,0,9,395,1,0,0
47.94,68928,36.23,0.219,0.927,0,15,48,0,1,0
10.77,3467,0.28,0.169,0.895,1,6,709,1,0,0
88.95,28824,27.97,0.239,0.553,0,7,1667,0,0,0
26.99,42132,0.52,0.239,0.78,0,8,1333,0,1,0
28.43,73953,37.27,0.018,0.664,1,12,773,0,1,0
5.56,10931,30.36,0.3,0.698,0,5,1894,1,0,0
30.44,45570,20.95,0.212,1.0,1,8,2339,0,0,0
25.43,20768,17.65,0.436,0.796,0,6,248,0,1,0
9.59,59592,31.39,0.22,0.836,0,11,2716,0,0,0
29.07,37736,1.47,0.356,0.742,0,4,443,0,0,0
19.72,76442,44.62,0.231,0.973,0,6,421,1,0,0
22.8,51968,5.62,0.15,0.822,0,8,538,1,0,0
27.68,49319,16.24,0.184,0.432,0,10,3249,1,0,0
18.59,42278,16.68,0.079,0.647,2,9,623,0,0,0
33.02,68618,37.53,0.341,1.0,1,8,4228,0,0,0
25.3,15148,5.36,0.289,0.77,0,6,2529,1,0,0
39.58,51330,8.91,0.107,0.657,0,10,259,1,1,0
17.76,47308,27.2,0.225,0.98,1,10,2334,1,0,0
11.57,32179,13.31,0.252,0.695,0,9,911,1,0,0
202.87,37467,145.95,0.615,0.431,2,8,288,0,1,1
85.98,3385,24.28,0.317,0.803,0,9,269,1,1,0
58.25,39397,2.26,0.294,0.722,0,8,2520,1,0,0
71.57,49262,38.99,0.326,0.849,0,7,556,1,1,0
75.65,38177,18.6,0.424,0.525,1,9,924,1,0,0
18.67,24822,5.77,0.151,0.879,0,9,920,1,1,0
34.35,12699,13.13,0.18,0.657,0,14,774,1,1,0
28.81,10812,3.51,0.276,0.899,1,4,799,0,0,0
45.95,45505,23.97,0.211,0.831,0,8,1515,1,0,0
21.51,80760,27.66,0.142,1.0,0,13,1222,1,1,0
29.21,38509,12.99,0.155,0.51,0,14,263,0,0,0
28.73,10177,10.38,0.055,0.671,0,8,758,0,0,0
41.5,9671,47.39,0.053,0.695,0,5,481,0,0,0
45.81,10983,21.45,0.104,0.692,0,6,701,0,0,0
29.22,69756,27.49,0.233,0.855,1,6,2189,1,0,0
29.94,60332,3.41,0.294,0.596,0,5,1182,1,0,0
32.48,84227,31.24,0.441,0.873,0,10,2392,1,1,0
101.21,49686,14.7,0.258,0.777,0,15,442,0,0,0
6.79,79559,11.42,0.184,0.745,0,8,205,1,0,0
12.48,41039,66.27,0.068,0.705,0,15,768,1,1,0
46.48,86287,1.39,0.253,0.684,0,9,222,1,0,0
33.64,55127,5.44,0.359,0.656,0,7,486,0,0,0
33.45,46497,11.75,0.079,0.806,0,10,1785,1,1,0
46.25,24977,9.79,0.145,0.324,1,7,659,1,1,0
32.18,85044,17.87,0.308,0.759,1,9,2950,0,1,0
17.33,895,12.81,0.462,0.812,0,6,297,1,0,0
44.84,39139,38.81,0.088,0.59,0,7,900,1,0,0
27.57,71613,36.53,0.123,0.766,0,5,493,1,0,0
18.95,36531,37.0,0.042,0.833,0,8,347,1,1,0
47.1,29042,11.53,0.1,0.829,0,3,1261,1,0,0
45.64,85816,13.08,0.401,0.819,1,6,894,1,1,0
32.2,51911,31.87,0.279,0.803,0,4,236,1,1,0
107.09,85014,3.32,0.149,0.64,0,10,454,1,1,0
78.37,17743,47.75,0.131,0.56,1,12,1243,1,0,0
60.43,15589,19.48,0.188,0.578,0,9,591,0,0,0
211.26,67089,47.19,0.256,0.969,0,10,1082,1,0,0
24.11,18919,39.45,0.056,0.66,0,9,3472,0,0,0
18.69,80605,11.73,0.311,0.627,0,8,361,0,0,0
53.96,58531,2.68,0.155,0.9,0,14,242,1,0,0
22.15,13734,63.4,0.002,0.603,0,10,845,0,0,0
27.37,17767,10.56,0.221,0.915,0,7,1339,1,0,0
12.32,44200,11.7,0.159,1.0,0,7,1127,0,0,0
44.05,7680,59.94,0.325,0.554,0,9,665,1,0,0
8.36,47952,62.33,0.214,0.902,0,6,824,1,0,0
25.1,35163,7.63,0.09,0.898,0,7,673,0,0,0
26.78,54013,2.33,0.529,0.634,1,7,1109,0,0,0
19.13,36051,0.03,0.063,1.0,0,14,412,1,1,0
6.65,64169,14.42,0.133,0.634,1,8,260,1,0,0
6.61,51060,21.02,0.126,0.907,0,8,2006,0,0,0
14.93,27200,7.88,0.244,0.684,0,6,731,0,0,0
41.73,76305,7.52,0.154,0.622,0,5,668,1,0,0
34.16,35929,11.03,0.159,0.955,0,9,452,0,0,0
26.76,25613,7.63,0.168,0.517,0,11,999,1,1,0
13.36,16402,48.88,0.119,0.665,0,12,76,0,1,0
35.62,25196,25.74,0.28,0.6,0,9,415,1,0,0
6.43,40454,44.14,0.197,0.473,0,8,668,1,0,0
3.99,5951,49.24,0.077,0.886,0,6,1091,0,1,0
22.32,5382,14.27,0.103,0.571,1,10,869,1,0,0
17.52,60955,16.23,0.138,0.7,0,7,464,1,0,0
60.98,44891,95.21,0.146,0.807,0,9,434,0,0,0
30.77,26089,42.43,0.18,0.659,0,7,601,0,0,0
101.55,18768,39.97,0.024,0.92,0,8,91,1,0,0
17.49,60750,21.91,0.285,0.876,1,5,352,0,0,0
40.02,15949,15.46,0.167,0.477,0,6,379,1,0,0
22.16,25213,56.25,0.32,0.736,1,9,2347,1,0,0
81.89,64521,40.81,0.403,0.741,0,11,776,1,0,0
23.03,34031,18.18,0.087,0.776,1,9,660,1,0,0
53.71,63253,7.88,0.223,0.49,0,10,1294,0,0,0
11.45,66454,3.98,0.057,0.55,0,12,376,1,0,0
19.45,4915,20.11,0.388,0.804,0,5,1729,0,0,0
25.35,17064,8.78,0.248,0.57,0,20,71,0,0,0
74.5,13124,7.67,0.04,0.841,0,7,973,1,0,0
4.68,81917,2.8,0.077,0.816,0,9,1251,1,0,0
20.78,78770,0.88,0.105,0.635,0,10,1137,1,0,0
20.22,66008,38.24,0.414,0.738,0,9,352,1,0,0
5.15,31191,2.86,0.212,0.567,0,7,234,1,0,0
18.7,73568,54.87,0.027,0.674,0,4,977,1,1,0
7.9,57081,6.01,0.541,1.0,0,6,306,0,0,0
4.2,76471,35.64,0.02,0.83,0,14,385,1,0,0
21.98,37092,43.29,0.198,0.948,0,7,633,1,0,0
21.39,5958,39.32,0.214,0.688,0,8,5062,0,1,0
22.29,56522,51.56,0.177,0.593,1,7,1043,0,1,0
33.19,59051,10.38,0.065,0.947,0,7,189,0,1,0
13.42,86064,106.52,0.2,0.719,1,13,965,1,1,0
113.6,70358,8.2,0.059,0.646,0,6,994,1,0,0
26.4,71344,68.07,0.16,0.883,0,12,1003,1,0,0
75.88,52163,14.38,0.252,0.826,0,10,458,1,0,0
7.07,43125,1.47,0.002,0.452,0,9,1764,1,0,0
13.91,50249,38.42,0.013,0.867,2,8,147,1,0,0
46.95,12324,38.71,0.365,0.734,0,9,884,0,0,0
22.62,11593,5.49,0.04,0.74,0,10,468,1,1,0
11.49,58793,43.36,0.203,0.739,0,8,685,1,0,0
6.23,45242,4.29,0.172,0.558,0,8,702,1,0,0
48.74,7551,4.11,0.433,0.606,0,10,1287,1,0,0
45.66,59850,41.38,0.123,0.716,0,10,808,1,0,0
32.94,11230,8.57,0.339,0.875,0,4,118,1,0,0
18.23,16106,2.0,0.297,0.837,0,6,377,0,0,0
11.13,80741,78.29,0.298,0.603,0,8,567,0,0,0
25.99,58676,20.36,0.357,0.717,0,12,60,0,0,0
9.47,44423,14.86,0.037,0.634,0,8,183,1,0,0
14.86,21834,17.54,0.286,0.783,0,11,1495,1,0,0
74.37,4503,27.75,0.074,0.639,0,9,2187,0,0,0
6.17,21947,49.45,0.068,0.779,1,8,152,1,0,0
46.62,75924,27.91,0.263,0.933,1,9,238,0,0,0
89.6,65387,33.63,0.317,0.742,1,7,38,1,0,0
113.28,17844,28.99,0.552,0.576,2,10,95,1,0,1
37.28,11148,12.12,0.178,0.783,0,9,1539,1,0,0
18.71,64264,21.98,0.168,0.633,0,13,1530,1,0,0
16.17,13008,24.15,0.263,0.535,0,12,2725,1,0,0
4.49,33863,7.89,0.295,0.69,0,6,632,1,1,0
27.93,61338,92.2,0.426,0.869,0,10,350,1,0,0
19.65,75391,3.14,0.085,0.967,0,11,158,1,0,0
15.51,65341,2.98,0.019,0.65,1,8,489,1,0,0
26.68,11065,6.51,0.203,0.769,0,15,279,0,0,0
28.5,77966,35.05,0.203,0.657,0,9,481,1,0,0
16.31,25766,0.93,0.14,0.551,0,14,301,0,0,0
98.54,85061,110.29,0.347,0.658,0,6,1040,1,0,0
48.64,37855,110.01,0.209,0.778,0,6,421,1,0,0
55.54,5117,4.35,0.149,0.706,0,11,418,1,0,0
24.96,65007,12.82,0.467,0.885,0,8,108,1,0,0
40.81,44551,5.7,0.203,0.82,1,14,486,1,0,0
13.24,58530,13.11,0.227,0.731,0,9,2455,1,0,0
46.2,42558,19.03,0.079,0.475,0,8,228,0,0,0
23.02,52510,43.25,0.333,0.748,1,12,1535,1,1,0
11.97,64745,0.91,0.283,0.804,0,11,2702,1,1,0
26.62,81625,108.37,0.064,0.602,0,8,913,1,0,0
21.46,21847,70.57,0.063,0.754,1,12,206,1,0,0
173.9,16242,21.12,0.362,0.725,0,18,723,1,1,0
38.41,27900,16.39,0.19,0.992,0,11,353,1,0,0
95.94,8897,20.0,0.217,0.951,0,8,968,1,0,0
35.86,20264,23.6,0.495,0.029,2,5,129,0,1,1
27.94,52041,33.46,0.182,0.823,0,4,1422,1,1,0
19.01,42489,17.15,0.224,0.757,1,6,709,0,0,0
6.74,73174,8.42,0.239,0.906,0,5,818,0,0,0
13.51,7456,15.48,0.109,0.737,0,10,192,1,0,0
46.07,78443,8.65,0.233,0.202,0,3,143,0,0,0
21.29,80420,30.1,0.154,0.633,0,9,754,1,0,0
36.62,61307,23.83,0.239,0.72,0,8,1487,1,0,0
5.34,67384,12.28,0.205,0.653,0,4,620,0,0,0
38.97,36344,9.43,0.258,0.632,0,8,95,0,0,0
65.18,9738,52.6,0.258,0.548,0,9,173,0,1,0
6.55,71405,28.66,0.269,0.866,0,10,331,0,0,0
36.5,10798,31.45,0.283,0.604,1,9,2145,0,0,0
79.43,12225,24.1,0.202,0.798,0,14,1110,0,0,0
103.97,65880,1.96,0.06,0.522,0,8,559,1,0,0
18.12,18810,1.53,0.149,0.486,0,9,902,1,0,0
20.45,37580,53.02,0.339,0.43,3,10,536,0,0,1
85.1,36940,66.66,0.116,1.0,0,7,414,1,0,0
37.38,47030,18.6,0.176,1.0,2,6,230,0,0,0
75.8,74891,52.16,0.062,0.723,1,11,67,1,0,0
26.35,44159,2.54,0.274,0.58,0,12,879,1,1,0
37.17,21412,32.21,0.086,0.467,0,12,1145,0,0,0
16.49,74481,7.04,0.292,1.0,0,11,3912,1,0,0
23.77,34358,18.58,0.367,0.777,0,14,113,1,0,0
38.36,12354,8.67,0.078,0.959,0,8,81,0,0,0
15.53,53719,31.15,0.116,0.982,0,11,475,1,0,0
22.67,77827,12.81,0.069,0.579,0,4,176,1,0,0
49.83,68625,15.51,0.016,0.731,0,10,2769,1,1,0
140.06,76299,7.04,0.116,1.0,0,12,236,0,0,0
5.26,20735,8.26,0.191,0.602,0,8,916,0,0,0
131.8,44066,4.95,0.179,0.583,0,8,276,1,0,0
22.02,12877,20.17,0.261,0.766,0,6,1548,1,0,0
58.67,61762,3.92,0.178,0.493,0,8,487,1,0,0
68.64,61892,7.81,0.343,0.429,0,10,120,1,0,0
94.78,43868,18.9,0.398,0.421,0,5,172,0,0,0
15.14,47632,8.03,0.356,1.0,2,10,1293,1,0,0
22.64,39634,22.2,0.233,0.888,1,8,441,1,0,0
25.97,71394,0.36,0.093,0.679,0,7,528,1,0,0
20.37,25927,90.51,0.258,0.549,0,3,84,0,1,0
77.87,56292,32.73,0.211,0.811,0,4,1046,1,1,0
25.5,85410,17.52,0.544,0.907,1,5,376,0,0,0
7.43,28563,63.41,0.275,0.903,0,8,76,1,0,0
16.34,21328,50.96,0.086,0.192,0,9,1321,0,0,0
7.67,52012,11.41,0.267,1.0,0,15,1258,0,0,0
22.59,61516,3.09,0.189,0.767,0,9,225,1,0,0
46.43,6723,7.27,0.222,0.49,0,5,1963,1,1,0
16.06,66609,5.85,0.083,0.335,0,9,1842,1,1,0
19.64,59833,34.66,0.161,0.722,0,7,96,1,1,0
21.76,74397,19.86,0.089,0.995,1,12,486,1,1,0
30.34,30465,47.44,0.364,0.972,1,6,1187,1,0,0
40.97,8654,16.82,0.179,0.87,0,7,2124,1,0,0
51.72,33144,36.72,0.129,0.827,0,8,1276,1,0,0
164.75,82355,9.77,0.066,0.877,0,6,1357,1,0,0
395.42,25596,15.95,0.349,0.567,1,9,897,0,1,1
48.84,54543,25.5,0.111,0.632,0,9,379,1,0,0
7.61,40511,35.6,0.199,0.522,0,9,31,1,0,0
20.02,73718,40.17,0.315,0.614,0,12,85,1,0,0
21.84,79168,8.09,0.386,0.817,0,7,340,0,0,0
12.01,38263,12.16,0.082,0.433,0,8,478,1,0,0
17.66,86135,5.8,0.185,0.584,0,8,1555,1,0,0
24.88,55643,34.44,0.062,0.691,0,15,4073,1,0,0
18.11,51245,7.89,0.463,1.0,1,5,555,1,0,0
217.34,48473,12.4,0.221,0.589,0,13,437,0,0,0
40.85,35284,40.62,0.085,0.691,0,12,1203,1,0,0
134.4,35437,10.38,0.079,0.639,0,7,129,1,1,0
89.49,37867,8.62,0.12,0.723,0,10,527,1,0,0
16.26,3008,26.33,0.177,0.619,0,7,874,0,0,0
27.94,50464,92.6,0.207,0.635,1,14,5087,1,0,0
19.15,43519,1.62,0.173,1.0,1,11,985,1,0,0
23.82,36397,45.01,0.477,0.91,0,10,1180,0,0,0
12.41,22908,3.24,0.087,0.589,0,11,463,1,1,0
19.04,13817,10.57,0.114,0.684,1,8,298,1,1,0
36.15,16193,13.48,0.116,0.724,0,9,630,1,0,0
35.39,47669,31.71,0.124,0.525,1,11,1095,1,0,0
33.21,8049,65.28,0.132,0.531,0,7,580,0,0,0
25.85,9219,2.69,0.442,0.688,0,8,295,1,0,0
53.98,12278,34.14,0.256,0.96,0,6,230,1,1,0
22.07,34704,9.73,0.188,0.711,0,10,72,0,0,0
82.54,4847,58.05,0.426,0.774,0,4,475,1,0,0
6.18,34383,8.15,0.123,0.685,0,8,3794,0,1,0
45.85,37064,29.59,0.352,0.99,1,7,487,0,0,0
40.07,64713,4.5,0.193,0.713,0,9,351,0,1,0
15.81,18504,79.22,0.1,0.328,1,13,842,1,1,0
20.41,51887,0.11,0.142,0.87,1,7,1639,0,0,0
35.48,59610,265.5,0.712,0.187,0,10,856,0,1,1
27.19,26032,129.52,0.338,0.419,0,10,176,0,1,1
6.69,49558,48.02,0.025,0.743,1,8,774,0,0,0
44.82,33884,126.12,0.266,0.771,1,11,1798,0,0,0
18.8,71319,4.76,0.352,0.599,0,9,960,0,0,0
66.7,55503,9.17,0.24,0.668,0,8,175,1,0,0
6.23,18963,55.61,0.244,0.905,0,6,99,0,0,0
191.76,18514,0.83,0.026,0.655,0,10,97,1,0,0
82.44,15433,154.73,0.164,0.341,1,13,695,0,1,1
85.11,10683,13.75,0.265,0.991,0,10,686,0,0,0
25.65,59521,29.18,0.158,0.786,0,11,912,1,0,0
14.08,54018,18.61,0.12,0.476,0,10,86,0,0,0
33.52,85862,24.66,0.219,0.552,1,12,583,0,0,0
61.76,20663,27.47,0.329,0.757,0,7,330,0,0,0
7.83,14913,24.94,0.015,0.789,0,5,333,0,0,0
47.53,2712,27.31,0.268,0.83,0,6,1826,0,0,0
26.85,49516,21.0,0.142,0.959,1,9,54,0,0,0
43.02,48142,31.28,0.076,0.54,0,4,388,1,0,0
27.35,12497,37.41,0.071,0.529,0,7,2359,1,0,0
17.16,45190,38.77,0.102,0.932,1,11,716,1,0,0
11.13,78417,48.02,0.134,0.96,0,5,2486,0,0,0
46.44,70135,9.51,0.358,0.816,1,8,133,0,0,0
46.24,12764,34.24,0.196,1.0,1,10,453,0,0,0
46.05,5416,73.28,0.306,0.588,0,16,825,1,0,0
38.17,46461,11.45,0.113,0.884,1,13,2095,1,0,0
57.73,78267,37.59,0.204,1.0,0,7,965,1,0,0
83.5,64800,8.61,0.233,0.772,0,13,1375,1,0,0
6.04,1985,4.83,0.128,0.862,0,7,676,1,0,0
4.16,31953,14.78,0.128,0.894,0,5,533,0,1,0
107.16,61334,41.07,0.037,0.628,0,11,782,0,0,0
9.27,78213,9.17,0.241,0.726,2,13,170,1,0,0
11.37,14250,8.74,0.118,0.518,0,10,1917,1,0,0
21.54,60824,8.13,0.08,0.877,0,8,1501,0,0,0
7.22,30674,6.15,0.368,0.68,0,11,33,1,0,0
19.98,68103,23.61,0.359,0.553,0,8,884,1,0,0
12.7,4340,6.97,0.233,1.0,0,10,2070,1,0,0
22.5,8153,68.3,0.362,1.0,0,11,514,1,0,0
33.92,64604,10.61,0.271,0.653,0,7,260,1,0,0
20.6,62394,19.54,0.337,0.937,0,11,147,1,1,0
19.78,53531,13.16,0.369,0.893,0,11,1307,1,0,0
33.33,12084,82.23,0.167,0.612,0,9,50,0,0,0
62.52,18295,13.79,0.029,0.886,0,8,1410,0,0,0
97.75,82630,20.74,0.2,0.725,0,8,1662,0,0,0
22.76,34358,36.04,0.117,0.951,0,9,57,0,0,0
116.74,31933,4.7,0.152,0.427,1,8,1246,0,0,0
54.67,29326,0.83,0.321,0.86,0,10,2551,1,0,0
10.12,34384,15.17,0.363,0.999,1,11,974,0,0,0
9.89,28442,20.0,0.119,0.72,0,7,366,1,1,0
17.08,81104,8.46,0.461,0.635,0,8,810,1,0,0
86.11,45170,15.52,0.085,0.651,0,6,45,1,0,0
18.15,78787,23.87,0.237,0.933,0,3,130,1,1,0
5.97,33520,90.55,0.18,0.576,0,10,1605,0,1,0
22.58,39702,23.02,0.038,0.633,0,11,1413,1,0,0
5.56,73521,14.89,0.378,0.604,0,7,2837,0,0,0
11.66,56523,0.57,0.183,0.837,0,6,337,0,0,0
16.95,57175,9.3,0.153,1.0,0,10,781,1,0,0
30.56,85306,11.1,0.339,0.749,0,10,1315,1,1,0
61.52,40224,16.2,0.249,0.723,0,7,2551,1,0,0
47.24,21061,38.1,0.084,0.968,2,15,1106,0,0,0
10.55,8882,37.39,0.182,0.649,0,11,293,1,0,0
20.14,80352,46.65,0.291,0.901,1,8,148,1,0,0
28.82,18087,8.56,0.286,0.795,1,7,503,0,0,0
21.98,52229,10.63,0.043,0.714,0,10,437,0,0,0
21.86,6787,4.07,0.138,0.869,0,11,2003,0,0,0
6.83,45337,48.7,0.449,0.609,0,5,786,1,0,0
10.78,2337,26.41,0.046,0.701,0,8,609,0,0,0
19.64,46772,2.02,0.255,0.656,0,11,484,0,0,0
2.28,54830,9.05,0.285,0.706,0,7,399,1,0,0
45.26,19335,4.14,0.107,0.573,1,10,169,1,0,0
9.04,43339,87.03,0.132,0.889,2,6,515,0,0,0
46.97,73351,9.81,0.056,0.942,0,3,1453,0,0,0
43.78,25832,17.15,0.377,0.773,1,8,2258,1,1,0
17.55,54985,9.56,0.117,0.465,1,10,91,1,0,0
60.37,73759,16.08,0.333,1.0,1,9,937,1,1,0
49.13,16148,164.68,0.31,0.707,0,9,814,0,0,0
21.18,4502,8.47,0.062,0.77,1,7,1552,1,0,0
19.35,81193,8.3,0.132,0.715,0,6,2355,1,0,0
65.22,34850,11.61,0.053,0.858,0,7,156,1,0,0
32.64,3969,4.64,0.257,0.551,1,10,686,1,0,0
62.54,38107,33.58,0.157,0.796,0,8,1357,1,1,0
4.01,81606,11.92,0.198,0.673,0,9,473,0,0,0
29.34,22121,21.74,0.075,0.562,1,8,560,0,0,0
7.68,84299,27.07,0.251,0.916,0,9,665,1,0,0
26.56,56315,0.9,0.114,0.738,0,7,647,1,0,0
47.99,46131,25.82,0.408,0.921,0,11,283,1,1,0
109.0,61456,19.02,0.034,0.481,0,9,575,1,0,0
12.8,18440,2.16,0.247,0.869,1,6,1385,1,0,0
17.8,9493,3.32,0.528,0.645,0,6,2104,0,0,0
25.12,64181,14.53,0.203,0.754,0,8,1360,1,0,0
12.43,20646,10.63,0.377,0.662,0,9,583,1,0,0
59.31,64762,14.38,0.253,0.681,0,13,885,1,0,0
25.63,34384,25.23,0.155,0.91,1,9,3492,1,0,0
29.89,57461,4.19,0.405,0.653,0,10,706,1,0,0
44.53,76514,27.15,0.136,1.0,0,8,96,1,0,0
25.6,51551,42.61,0.212,1.0,0,9,770,1,0,0
14.1,80066,0.07,0.213,1.0,0,11,219,1,1,0
25.78,25872,11.49,0.228,0.671,0,7,430,1,0,0
13.67,54673,8.05,0.372,0.792,0,10,640,1,0,0
29.56,80626,14.14,0.239,0.824,0,11,436,1,0,0
60.19,42453,23.88,0.467,0.613,0,6,34,1,0,0
10.59,17690,5.19,0.332,0.715,0,10,227,0,0,0
7.96,2061,3.6,0.086,0.716,0,15,378,1,1,0
28.2,42331,32.63,0.088,0.891,0,7,1095,1,1,0
14.67,45283,28.94,0.217,0.657,0,8,133,1,0,0
27.81,9843,15.44,0.13,0.878,0,8,553,1,0,0
35.03,46058,17.39,0.324,0.812,2,12,1622,0,0,0
4.88,12081,7.86,0.133,0.71,0,9,2609,1,0,0
47.08,735,9.98,0.22,0.484,0,11,500,0,0,0
10.64,11804,9.64,0.082,0.644,1,12,302,1,0,0
26.63,77776,32.4,0.189,0.408,0,4,1971,1,0,0
16.0,16360,20.28,0.187,0.723,0,9,1922,1,0,0
17.43,64919,32.69,0.29,0.747,1,11,662,1,1,0
105.13,80429,22.33,0.026,0.548,1,8,1063,0,0,0
35.0,68667,19.72,0.361,0.682,0,9,1140,1,0,0
55.91,50018,9.66,0.357,0.703,0,10,1971,1,0,0
30.59,41619,12.58,0.314,0.876,0,8,1498,1,1,0
44.52,68659,54.6,0.116,0.879,0,9,1442,1,0,0
146.15,56469,24.24,0.415,0.201,3,10,238,1,1,1
33.23,26435,18.58,0.493,0.851,1,11,987,1,0,0
65.74,72335,1.36,0.057,0.835,0,7,2425,1,0,0
30.73,14507,27.78,0.136,0.429,0,13,1490,1,0,0
168.7,35133,28.96,0.103,0.594,0,12,1136,1,0,0
58.46,20116,29.33,0.164,0.708,0,10,1281,1,1,0
10.9,33256,2.39,0.296,0.842,0,14,1373,1,0,0
23.54,29322,8.93,0.385,0.604,0,9,1039,1,0,0
79.04,51131,121.78,0.338,0.587,3,15,1309,1,1,1
28.1,46628,43.79,0.144,0.781,0,11,81,0,0,0
46.97,32021,98.66,0.161,0.937,0,9,136,1,0,0
51.3,41665,13.39,0.111,0.857,0,7,63,1,0,0
9.14,81322,20.2,0.233,0.874,0,8,1534,1,0,0
75.56,53706,0.18,0.074,0.923,0,10,379,0,1,0
18.22,73632,0.22,0.251,0.76,0,10,1489,1,0,0
16.83,72995,1.94,0.043,0.994,0,8,1702,1,1,0
16.79,21645,31.78,0.029,0.826,0,8,3190,0,0,0
51.77,70308,4.9,0.214,0.642,0,11,460,1,0,0
21.9,2693,35.45,0.125,0.779,0,9,669,0,0,0
15.95,46164,14.14,0.289,0.73,0,5,109,0,0,0
19.31,64716,47.42,0.228,1.0,2,5,1205,1,1,0
6.45,13477,51.07,0.177,0.527,0,4,300,1,0,0
13.82,53783,52.97,0.129,0.464,0,10,340,1,0,0
10.06,77329,19.6,0.114,0.808,0,11,518,0,0,0
21.86,67231,38.84,0.214,0.602,1,8,1228,0,0,0
46.12,3293,27.11,0.169,0.494,0,10,1161,0,0,0
42.23,83557,5.17,0.265,0.965,0,10,584,1,0,0
74.1,52057,12.01,0.051,0.691,0,9,3808,1,1,0
62.0,26951,81.99,0.342,0.773,0,10,517,1,0,0
17.76,21080,37.02,0.156,0.785,0,11,134,1,0,0
27.53,3485,7.63,0.407,0.809,0,8,771,0,0,0
26.42,46212,8.25,0.153,0.9,0,8,718,0,0,0
4.85,76547,7.33,0.106,0.816,0,9,206,0,0,0
10.24,7346,9.97,0.063,0.603,0,11,46,0,0,0
23.72,38889,65.88,0.293,0.86,0,5,2156,1,0,0
23.61,57224,14.21,0.11,0.513,1,5,944,0,0,0
40.85,70454,11.32,0.309,0.647,0,10,940,1,0,0
39.29,48754,6.83,0.224,0.851,0,10,330,1,0,0
6.58,77148,55.74,0.188,0.778,1,13,3745,1,0,0
41.05,64875,78.88,0.114,0.668,0,12,412,0,0,0
31.28,48210,9.77,0.24,0.619,1,13,3298,0,0,0
44.64,63925,23.97,0.312,0.766,0,8,1424,0,1,0
63.66,14780,79.51,0.304,0.591,0,7,142,0,0,0
24.18,83009,17.3,0.272,1.0,0,8,384,1,0,0
73.44,16019,15.81,0.23,0.876,0,13,4191,1,0,0
13.31,56011,18.75,0.1,0.797,0,11,1828,0,0,0
12.72,10353,0.84,0.089,0.878,0,9,301,1,0,0
38.21,3924,8.92,0.313,0.855,0,11,596,1,0,0
20.19,38878,30.02,0.241,0.851,0,7,591,1,0,0
33.43,34595,85.08,0.102,0.665,1,12,302,1,0,0
133.54,42579,21.03,0.176,0.656,0,6,407,0,0,0
37.14,59667,5.28,0.316,0.604,0,7,66,1,0,0
32.13,5036,13.91,0.082,0.878,0,10,1499,1,0,0
13.53,13923,16.83,0.069,0.793,1,7,165,1,0,0
6.96,5421,4.13,0.341,0.55,0,9,1697,0,1,0
25.58,66321,9.99,0.303,0.86,0,15,528,0,0,0
63.66,53088,14.72,0.223,0.754,0,10,1829,1,0,0
20.94,47049,7.59,0.346,0.371,1,5,2506,1,0,0
37.38,19442,10.92,0.411,0.845,0,5,2210,1,0,0
84.88,48063,8.08,0.063,0.6,0,10,2078,1,0,0
83.2,85582,23.72,0.256,0.787,1,12,215,0,0,0
38.21,22154,21.6,0.235,1.0,0,8,1167,1,0,0
31.07,40621,20.06,0.154,0.48,0,9,479,0,0,0
8.05,30703,2.54,0.206,0.861,0,12,1551,0,0,0
16.38,60841,5.07,0.049,0.599,0,9,2360,1,0,0
21.66,8208,2.94,0.242,0.654,0,13,582,1,0,0
13.71,61486,1.63,0.228,0.358,0,8,948,1,0,0
33.07,24490,7.09,0.096,0.838,0,10,234,0,0,0
125.13,45447,5.41,0.147,0.606,2,13,875,1,0,0
91.31,82983,32.27,0.03,0.765,0,6,126,0,0,0
32.95,50067,29.76,0.141,0.869,0,10,612,1,1,0
50.58,61259,5.62,0.235,1.0,0,17,204,1,1,0
15.14,14164,4.52,0.179,1.0,0,8,694,0,0,0
87.47,67227,3.91,0.099,0.531,0,11,1664,1,1,0
7.77,35773,9.64,0.207,0.792,0,12,1021,0,0,0
56.28,32591,8.71,0.372,1.0,1,15,3881,0,0,0
40.3,21487,0.72,0.13,0.826,1,9,1909,0,0,0
14.81,30645,20.98,0.345,0.812,1,9,403,1,0,0
22.94,56582,57.08,0.198,0.838,0,12,293,0,0,0
10.94,48451,19.35,0.173,0.733,0,5,814,1,0,0
11.32,15383,1.65,0.237,0.968,0,11,2167,1,0,0
7.59,17761,22.88,0.105,0.709,1,4,934,1,0,0
50.1,26408,16.59,0.163,0.908,0,9,1138,1,0,0
71.11,62190,59.36,0.077,0.528,1,9,333,1,0,0
4.81,44813,11.28,0.104,0.402,0,10,383,0,0,0
118.0,27952,34.86,0.085,0.71,1,9,477,0,1,0
26.85,51518,0.98,0.117,0.541,1,8,543,0,0,0
34.19,17452,31.96,0.26,0.427,0,6,1005,1,0,0
8.35,39673,1.06,0.057,1.0,1,10,169,0,0,0
78.0,86022,10.57,0.114,0.867,0,6,523,0,0,0
31.82,54530,73.95,0.38,0.765,0,7,2610,1,0,0
67.43,62382,30.37,0.108,0.713,0,7,1184,1,0,0
72.0,45015,64.76,0.348,0.921,0,5,249,0,0,0
78.88,70173,17.12,0.532,0.96,0,10,164,1,0,0
16.14,15876,23.3,0.305,0.567,0,12,380,1,0,0
22.96,5479,18.23,0.071,0.674,1,9,807,0,0,0
16.62,21460,16.29,0.469,0.705,2,7,45,1,0,0
55.48,16752,21.58,0.228,0.896,0,12,823,1,0,0
35.39,79047,0.99,0.414,0.697,0,11,1778,1,1,0
63.77,54278,5.14,0.282,0.805,0,8,1031,1,0,0
66.04,67969,6.04,0.097,0.72,0,11,753,1,0,0
6.81,16923,12.07,0.047,0.908,0,9,1322,1,0,0
79.89,83090,14.25,0.255,0.878,0,8,603,0,0,0
58.01,66843,33.65,0.305,0.661,0,12,144,1,0,0
20.18,80994,4.52,0.139,0.601,1,6,2842,1,0,0
35.87,52827,21.09,0.186,0.576,0,6,697,1,0,0
24.56,17881,7.95,0.328,1.0,0,12,550,1,0,0
44.38,52965,18.12,0.362,1.0,0,10,1926,1,0,0
20.14,68293,24.63,0.206,0.951,0,11,157,1,1,0
39.77,21055,21.83,0.375,0.442,2,12,611,0,0,0
28.61,27482,6.06,0.11,0.624,1,11,191,1,0,0
19.19,41844,30.9,0.126,0.601,0,10,704,1,1,0
31.57,37768,26.52,0.264,0.695,1,6,463,0,0,0
236.32,74230,67.21,0.343,0.362,0,8,357,1,0,0
15.67,12337,25.14,0.16,0.552,0,6,416,1,1,0
22.2,60937,31.85,0.273,1.0,0,7,2319,1,0,0
15.89,73952,41.65,0.197,0.859,0,8,518,0,0,0
17.28,10421,2.8,0.3,0.76,0,14,490,1,1,0
52.07,29574,29.8,0.216,0.674,0,10,199,1,0,0
48.07,11623,9.59,0.278,0.679,0,11,1136,0,1,0
26.99,35743,43.31,0.229,0.843,0,8,498,0,0,0
61.62,12522,16.36,0.034,0.768,0,10,50,1,0,0
51.15,15157,21.72,0.319,0.598,0,9,638,0,0,0
71.32,7493,0.42,0.483,1.0,5,8,41,0,1,1
7.95,26066,26.29,0.17,0.631,0,9,408,1,0,0
52.66,55016,0.91,0.026,0.943,0,8,471,1,0,0
31.05,21226,34.52,0.26,0.534,1,6,42,0,0,0
27.6,43553,4.46,0.341,0.587,0,9,3907,1,0,0
18.67,61482,6.46,0.354,0.919,1,7,3692,1,0,0
49.19,61821,0.02,0.201,0.633,0,7,498,0,1,0
35.83,1156,9.39,0.059,0.983,1,7,1739,1,0,0
22.43,61842,12.29,0.453,0.858,0,14,1134,1,0,0
10.17,73328,6.66,0.056,0.961,0,7,911,1,0,0
63.71,44401,6.54,0.34,0.726,0,11,1831,0,0,0
43.99,12341,55.87,0.247,0.556,0,11,1136,1,0,0
33.26,79753,9.88,0.124,0.573,0,7,331,1,0,0
3.24,18992,32.03,0.389,0.933,0,11,1539,0,0,0
26.3,82057,6.77,0.149,0.653,0,8,2016,1,0,0
22.35,66068,41.39,0.118,0.768,0,10,486,1,0,0
16.53,78720,28.31,0.214,0.554,0,9,1420,1,0,0
49.57,68909,35.29,0.109,0.865,0,8,1954,1,0,0
48.03,77418,14.47,0.035,0.467,1,10,125,0,0,0
38.45,3145,52.92,0.403,0.979,0,9,4503,0,0,0
62.2,6675,11.71,0.264,0.517,0,8,920,1,1,0
11.97,51476,22.96,0.492,0.567,1,14,337,1,0,0
18.86,57764,25.55,0.305,0.727,1,7,2426,0,0,0
28.78,30649,76.05,0.095,1.0,2,1,852,1,0,0
16.48,75832,3.61,0.446,0.671,0,9,2261,0,0,0
48.51,86084,3.64,0.288,0.672,0,9,1731,0,1,0
17.85,17559,15.5,0.317,0.693,1,11,842,1,0,0
76.61,45243,62.49,0.192,1.0,0,6,1353,0,0,0
12.87,48037,0.55,0.156,1.0,0,6,3651,1,0,0
149.24,69107,8.08,0.169,0.897,0,11,690,1,1,0
137.47,54991,8.34,0.16,0.9,0,13,106,1,0,0
25.13,80114,9.09,0.044,0.652,0,14,916,1,0,0
67.83,24050,0.63,0.33,0.581,0,16,550,1,0,0
19.68,34540,43.66,0.012,0.979,0,13,31,1,1,0
60.99,45215,0.22,0.441,0.881,0,7,452,1,1,0
23.55,10709,16.24,0.313,0.765,1,6,750,0,0,0
9.7,54928,1.45,0.267,0.717,1,12,449,1,0,0
1.61,20484,40.07,0.232,0.735,0,6,606,1,0,0
21.87,68423,34.32,0.02,0.856,0,8,781,1,0,0
33.89,23930,31.96,0.157,1.0,0,9,1518,0,0,0
78.59,23133,33.32,0.199,0.739,0,11,1448,1,1,0
126.12,59346,80.9,0.193,0.353,4,6,127,1,1,1
60.48,45963,13.48,0.245,0.88,0,11,136,0,0,0
18.86,73432,49.44,0.044,0.95,1,9,394,1,1,0
20.7,17356,5.09,0.115,1.0,0,8,1496,1,0,0
63.01,15290,15.0,0.026,0.818,0,10,723,1,1,0
3.77,11012,0.22,0.181,0.647,0,5,3633,1,0,0
27.4,11227,8.36,0.162,0.636,0,6,1143,1,1,0
19.69,45327,15.32,0.211,0.778,0,10,167,0,1,0
80.52,12410,60.0,0.318,0.57,0,7,1015,0,0,0
17.77,53758,9.53,0.051,0.785,0,10,777,0,0,0
40.99,35094,27.9,0.053,0.944,0,7,104,1,0,0
56.67,72540,44.89,0.284,1.0,0,4,1646,1,1,0
8.21,71188,9.88,0.266,0.771,0,11,2041,0,0,0
24.25,56193,4.64,0.249,0.463,0,9,459,0,0,0
19.2,27414,22.36,0.061,0.773,0,6,912,1,0,0
57.8,78543,8.37,0.225,0.485,0,7,1308,1,0,0
46.53,63610,26.42,0.063,0.857,1,11,1230,0,0,0
22.5,46792,3.62,0.225,0.99,0,8,951,1,1,0
11.73,48513,4.11,0.502,0.939,0,4,703,1,0,0
62.21,18257,28.17,0.17,0.558,1,11,290,1,0,0
25.68,35116,90.82,0.061,0.525,0,14,3390,0,0,0
7.43,70234,7.09,0.226,0.621,0,10,2229,0,0,0
7.96,6736,31.29,0.213,0.742,1,8,197,1,0,0
38.48,53463,18.98,0.07,0.355,0,7,364,1,1,0
9.77,7956,46.42,0.021,0.766,0,10,102,0,0,0
120.03,32768,12.31,0.154,0.618,0,7,1389,0,0,0
12.81,1194,89.13,0.05,0.651,0,8,195,0,0,0
506.82,27616,7.31,0.559,0.456,1,8,648,1,0,1
30.79,80005,104.41,0.187,0.391,0,9,569,1,0,0
15.13,19935,46.81,0.341,0.824,0,7,1142,1,0,0
4.52,76399,50.33,0.191,1.0,0,8,224,0,0,0
31.59,761,46.19,0.114,0.618,0,13,930,1,0,0
14.84,80337,49.49,0.721,0.757,0,7,757,0,0,0
29.76,40385,42.21,0.172,0.813,0,12,1393,0,1,0
24.58,8287,57.44,0.178,0.744,0,10,580,0,0,0
33.47,77744,15.44,0.193,0.97,0,9,1137,1,0,0
94.58,60144,70.04,0.456,0.854,1,4,1364,1,0,0
17.51,64276,12.15,0.199,1.0,0,5,280,0,1,0
18.63,31523,32.6,0.112,0.787,0,6,89,0,1,0
7.15,75301,30.98,0.31,0.838,0,12,1211,0,0,0
23.19,28983,42.99,0.083,0.73,1,9,1729,1,0,0
37.63,84524,33.52,0.284,0.923,0,9,509,0,0,0
18.42,80765,0.9,0.14,0.827,0,11,337,1,0,0
37.83,79162,33.6,0.255,0.741,0,10,831,1,0,0
23.52,3205,0.59,0.161,0.776,0,7,1040,1,0,0
22.17,53802,47.5,0.484,0.48,2,6,588,0,1,1
34.8,74845,45.65,0.188,0.466,0,10,211,0,1,0
23.0,27827,44.24,0.237,0.564,0,7,3418,1,0,0
29.91,76031,46.02,0.324,0.735,0,11,46,1,0,0
17.23,60349,23.06,0.106,0.935,0,9,668,1,0,0
16.05,43761,5.08,0.085,0.573,0,8,136,1,0,0
30.75,54288,17.73,0.375,0.735,1,5,424,1,0,0
22.55,12108,18.15,0.031,0.63,0,13,1004,1,0,0
107.71,9844,9.82,0.169,1.0,0,15,144,1,0,0
51.37,29229,13.8,0.119,0.811,0,10,2787,0,0,0
41.93,78504,51.43,0.155,0.684,0,7,108,1,1,0
23.52,38028,18.24,0.22,0.863,1,6,461,1,1,0
5.36,43397,30.5,0.36,0.776,0,4,554,1,0,0
14.21,43733,17.12,0.38,1.0,1,6,431,1,0,0
16.15,80771,24.02,0.183,0.77,0,8,1437,1,0,0
21.76,45005,2.43,0.122,0.824,0,8,1965,0,0,0
26.4,84015,66.98,0.103,0.364,0,11,469,1,0,0
45.83,2842,14.31,0.13,0.619,0,4,621,1,0,0
33.73,27909,34.49,0.11,0.699,0,8,527,1,0,0
68.54,6713,27.5,0.201,0.708,0,10,862,1,1,0
21.13,51452,40.15,0.164,0.64,0,10,171,1,0,0
33.31,83646,0.89,0.051,0.844,0,12,225,1,0,0
35.7,82432,68.47,0.218,0.62,0,10,654,1,0,0
33.0,70495,44.26,0.231,0.625,1,5,193,0,0,0
75.6,61595,44.86,0.02,0.738,1,11,1983,1,1,0
51.57,75354,15.74,0.114,0.867,0,11,597,1,0,0
9.44,19665,39.78,0.281,0.547,0,3,605,1,0,0
24.74,12611,21.4,0.117,0.842,0,9,2436,1,0,0
26.81,73445,17.5,0.325,0.832,0,12,254,1,0,0
151.6,41321,38.42,0.043,0.838,0,4,1382,1,0,0
20.83,76147,24.71,0.189,0.597,0,8,2151,0,0,0
12.35,84918,2.01,0.104,0.668,0,11,809,0,0,0
38.5,30111,9.44,0.153,0.734,0,8,146,1,0,0
40.35,60026,24.33,0.254,0.771,0,6,3587,1,0,0
25.56,77461,58.53,0.337,0.727,0,11,920,1,0,0
22.73,64888,67.58,0.134,0.806,2,8,387,1,0,0
57.92,66872,45.65,0.265,0.765,1,11,269,0,0,0
13.7,42261,7.34,0.177,0.531,2,12,438,1,0,0
20.64,53569,16.03,0.126,0.78,0,9,1244,0,1,0
17.85,67496,14.2,0.175,0.642,0,8,509,1,0,0
65.05,1,14.44,0.153,0.939,0,9,423,1,0,0
34.07,49901,1.28,0.136,0.656,1,7,157,0,0,0
11.57,47862,4.77,0.206,0.514,0,6,347,0,0,0
12.53,31779,4.16,0.319,0.628,0,10,147,1,0,0
121.36,48871,24.01,0.229,0.895,1,19,2384,0,0,0
64.49,74761,13.27,0.384,1.0,0,10,2628,1,0,0
53.16,25009,9.8,0.134,0.815,1,6,105,0,0,0
27.38,33385,14.67,0.14,0.925,0,7,96,1,0,0
90.63,48360,9.8,0.177,0.502,0,9,2929,1,0,0
11.22,58133,35.42,0.164,0.761,0,15,156,1,1,0
49.52,53568,4.57,0.143,0.861,0,10,440,1,1,0
19.02,32388,1.44,0.098,0.834,0,6,1306,1,1,0
22.22,2926,26.3,0.15,0.553,0,6,1933,0,0,0
48.45,29977,6.55,0.1,0.643,0,10,974,0,0,0
24.17,70775,25.78,0.092,0.52,0,10,836,1,0,0
19.15,5662,1.51,0.332,0.748,0,8,1458,1,0,0
18.24,38630,7.1,0.149,0.582,0,9,4466,1,1,0
5.53,76968,4.18,0.222,0.857,0,7,56,1,1,0
49.93,82571,8.59,0.28,0.405,0,7,1062,1,0,0
12.12,75024,9.97,0.14,0.793,0,8,421,0,0,0
119.91,31377,17.09,0.35,0.342,0,12,199,0,0,0
21.54,10945,18.36,0.12,0.964,0,11,722,0,0,0
77.29,66007,24.86,0.231,0.659,2,10,77,1,0,0
6.38,57179,10.07,0.119,0.722,0,8,124,0,0,0
48.68,37619,18.98,0.093,0.7,0,11,774,1,0,0
59.79,29600,115.42,0.221,1.0,0,10,396,1,0,0
76.93,84570,5.91,0.136,0.689,0,6,1195,1,0,0
7.99,3609,4.14,0.57,0.847,0,14,343,1,0,0
15.45,10786,46.22,0.237,0.877,0,9,2217,0,0,0
43.0,40760,13.21,0.195,0.611,0,12,109,1,0,0
30.53,36004,46.91,0.299,1.0,0,6,899,1,0,0
9.23,49275,12.63,0.251,0.454,2,7,822,0,0,1
20.32,6020,0.55,0.223,0.682,0,10,1908,0,0,0
93.75,20752,11.75,0.296,0.727,1,8,2620,0,0,0
218.5,48509,23.55,0.069,0.696,0,9,567,0,0,0
29.46,82273,14.84,0.326,0.643,0,10,61,1,0,0
38.97,34912,15.37,0.027,0.562,0,15,587,1,1,0
28.36,47185,159.66,0.228,0.795,0,11,437,1,0,0
75.74,48488,19.64,0.19,0.665,0,8,331,1,0,0
52.63,1084,29.85,0.331,0.747,1,8,769,1,1,0
11.55,66653,31.91,0.143,0.884,1,7,404,1,0,0
16.61,32548,0.0,0.064,0.445,0,7,231,0,0,0
12.09,31084,20.1,0.125,0.8,0,10,979,1,0,0
234.13,82881,82.46,0.141,0.741,0,7,834,0,0,0
45.07,82677,34.74,0.114,0.684,0,10,65,0,1,0
16.83,24204,10.4,0.585,0.774,0,11,599,0,0,0
15.79,34556,11.34,0.072,0.727,0,6,335,1,0,0
51.63,34087,9.05,0.111,0.871,0,7,577,1,0,0
38.99,58195,40.49,0.223,0.378,4,9,787,1,0,1
51.34,28485,2.56,0.205,0.797,0,10,706,0,1,0
19.29,38858,8.56,0.258,0.621,0,9,472,0,0,0
34.63,73624,17.24,0.078,0.725,0,10,281,1,0,0
29.63,45225,19.15,0.479,0.395,1,10,39,1,0,0
12.82,48009,23.37,0.074,0.853,0,5,1586,1,0,0
12.92,2346,39.89,0.313,0.788,0,8,1308,1,0,0
37.7,68251,4.46,0.103,0.775,0,17,1022,1,0,0
31.73,46690,6.37,0.155,0.656,0,6,158,1,1,0
42.21,25916,51.45,0.129,1.0,0,9,1146,1,0,0
51.05,7035,44.47,0.045,1.0,0,11,1044,0,0,0
89.97,7812,43.09,0.012,0.922,1,9,729,1,0,0
14.57,24416,5.85,0.174,0.576,0,12,324,1,0,0
44.89,42634,1.5,0.225,0.667,1,9,1036,1,0,0
49.37,73991,18.53,0.371,0.899,0,5,2283,1,0,0
21.12,66015,51.01,0.134,0.72,0,6,935,0,0,0
29.89,62724,6.78,0.063,0.968,1,10,98,1,1,0
21.56,46625,58.64,0.109,0.481,1,10,178,0,1,0
146.48,39432,3.82,0.11,0.417,0,12,559,1,0,0
29.49,56362,8.85,0.098,1.0,0,7,1948,0,1,0
42.67,50271,27.13,0.449,0.08,3,6,622,1,1,1
21.95,9609,4.1,0.083,0.657,1,10,967,1,0,0
18.47,57745,51.55,0.076,0.958,0,9,395,1,0,0
9.57,67030,13.3,0.268,0.902,0,17,131,1,0,0
65.36,68235,5.29,0.229,0.824,0,11,555,1,1,0
50.14,3850,3.98,0.116,0.925,0,6,96,1,0,0
21.31,36705,13.66,0.167,0.576,0,13,739,1,0,0
13.19,37396,0.44,0.438,0.6,0,12,3735,0,0,0
31.31,80767,3.23,0.104,0.726,0,12,518,0,0,0
18.21,30988,0.09,0.111,0.895,0,9,595,0,0,0
22.7,6905,0.62,0.116,0.838,0,6,202,1,0,0
9.87,32300,148.55,0.225,0.72,1,14,1063,1,0,0
32.25,68684,14.9,0.139,0.691,0,13,2361,1,0,0
32.77,8901,32.63,0.257,0.801,0,9,655,1,1,0
65.09,46334,33.4,0.265,0.889,0,5,926,1,0,0
24.03,34707,53.09,0.157,0.956,0,5,2444,0,0,0
20.76,57768,2.74,0.083,0.47,0,8,159,0,1,0
7.8,5123,18.65,0.105,0.585,0,6,1926,0,0,0
65.42,86099,9.7,0.244,0.668,0,5,295,1,1,0
55.38,80085,19.88,0.229,0.964,2,5,220,0,0,0
27.74,66327,10.09,0.165,0.72,0,10,1496,1,1,0
9.36,47083,5.07,0.162,0.372,0,15,897,1,0,0
10.26,20536,27.93,0.038,0.807,0,8,749,1,0,0
17.5,62617,0.98,0.047,0.615,0,6,587,1,1,0
58.68,83555,56.44,0.068,0.63,1,13,560,1,0,0
34.2,74696,3.95,0.089,0.481,0,11,113,1,0,0
8.21,33719,23.87,0.027,0.697,0,6,1576,1,0,0
37.46,48647,35.08,0.171,0.605,0,9,135,0,0,0
13.86,71615,1.89,0.215,0.454,0,10,153,0,1,0
17.85,55217,58.4,0.061,0.952,0,7,518,0,0,0
58.99,46715,11.01,0.363,0.746,1,8,2717,0,0,0
50.02,18358,143.05,0.111,0.78,0,7,138,1,1,0
65.01,71949,1.78,0.249,0.462,0,11,1332,1,0,0
26.62,1882,31.54,0.241,0.649,1,9,795,1,0,0
54.95,45572,4.38,0.152,0.836,0,10,2136,1,0,0
16.96,63899,12.88,0.233,0.36,1,7,368,0,0,0
22.06,32388,14.64,0.477,0.803,0,10,1091,1,0,0
20.88,21845,13.03,0.156,0.839,0,9,1115,1,1,0
27.64,55435,10.3,0.167,0.818,0,14,359,0,0,0
9.69,71943,36.44,0.194,0.804,0,10,274,0,0,0
22.65,40162,42.85,0.308,0.684,0,11,1128,1,0,0
86.6,3131,10.22,0.416,0.585,1,9,67,1,0,0
11.31,76879,16.48,0.102,0.393,1,10,215,0,0,0
9.36,21558,13.69,0.034,1.0,0,8,594,1,0,0
9.98,36863,22.51,0.211,0.788,0,9,67,1,0,0
228.03,43434,4.07,0.185,0.504,1,8,528,1,0,0
39.33,44584,40.96,0.52,0.733,0,7,304,0,1,0
21.84,20705,39.87,0.322,0.663,0,9,74,1,0,0
28.64,71795,22.32,0.117,0.852,1,9,277,1,0,0
32.53,70995,34.27,0.174,0.703,1,6,677,1,1,0
16.24,37994,111.65,0.079,0.564,0,12,158,1,0,0
17.93,55828,63.94,0.337,0.97,0,8,683,0,0,0
23.9,40699,23.63,0.095,0.8,1,8,207,1,0,0
15.18,55626,17.91,0.28,1.0,0,6,190,1,1,0
19.74,12388,19.12,0.073,0.653,0,9,963,0,0,0
35.96,46294,15.71,0.063,0.96,0,7,153,1,1,0
12.21,21035,16.36,0.193,0.677,1,8,89,1,0,0
218.76,15703,32.92,0.013,0.675,0,9,438,1,0,0
49.53,73508,121.09,0.259,0.696,3,8,1827,1,0,0
9.82,85056,1.16,0.102,0.841,0,13,67,1,0,0
3.73,11517,6.54,0.474,0.765,0,6,1490,1,0,0
15.64,65756,5.9,0.18,0.802,1,10,427,0,0,0
46.88,55722,44.72,0.191,0.45,0,4,115,1,0,0
40.14,51512,13.61,0.142,0.606,0,10,175,1,0,0
24.81,38602,18.62,0.139,0.982,0,14,360,1,0,0
16.76,38351,15.83,0.183,0.974,0,5,470,0,0,0
13.15,78405,48.05,0.164,0.527,0,11,872,1,0,0
19.65,36416,17.31,0.212,0.895,0,9,1201,1,0,0
25.9,251,15.6,0.301,0.597,2,13,995,1,1,1
19.71,70767,0.49,0.155,0.689,0,13,593,1,0,0
78.63,279,26.42,0.052,0.566,0,14,1077,1,0,0
14.63,38402,6.89,0.1,0.409,0,7,148,1,0,0
44.2,59580,50.41,0.293,0.553,0,7,1441,1,0,0
49.94,71847,34.81,0.168,0.722,0,11,31,1,0,0
11.43,3649,2.89,0.303,0.74,0,8,207,1,0,0
13.81,58994,2.73,0.044,0.918,1,8,503,1,0,0
63.76,63758,8.67,0.035,0.786,0,6,604,1,0,0
12.93,39637,3.36,0.267,0.571,0,10,62,0,0,0
25.89,27907,33.71,0.22,0.556,0,6,660,0,0,0
138.65,62290,108.22,0.038,0.949,1,8,1212,1,0,0
59.37,23645,26.62,0.672,0.877,0,14,162,0,0,0
29.03,58138,7.16,0.24,0.709,0,10,252,1,0,0
53.12,18867,20.77,0.141,0.845,1,4,1414,0,0,0
25.93,24100,40.95,0.082,0.902,0,13,2438,1,0,0
61.23,65280,81.89,0.513,0.43,0,8,229,1,0,0
5.28,14027,0.13,0.126,0.603,0,7,337,1,0,0
24.25,1234,18.54,0.085,0.625,1,12,419,0,0,0
5.11,61329,15.09,0.061,0.544,0,8,425,0,0,0
30.85,63610,13.38,0.214,0.648,0,6,540,1,1,0
22.44,40394,17.52,0.453,0.829,1,6,59,0,1,0
80.53,42954,12.92,0.2,0.647,0,10,1362,0,0,0
47.92,76061,10.54,0.251,0.921,0,3,283,1,0,0
17.8,2291,3.05,0.141,0.669,0,14,1556,1,0,0
19.59,25337,17.32,0.108,0.75,0,12,51,1,0,0
36.77,86158,43.02,0.267,0.61,0,9,4598,1,0,0
17.15,46454,2.77,0.171,0.696,0,7,561,1,1,0
26.42,36760,33.53,0.047,0.663,2,15,779,1,0,0
77.74,52802,7.79,0.089,0.713,1,9,72,0,0,0
13.97,77945,12.0,0.232,0.518,0,6,472,0,0,0
72.7,62233,112.71,0.59,0.244,2,8,34,1,1,1
21.2,35547,28.11,0.342,0.428,0,11,1308,1,0,0
339.16,31869,31.75,0.185,0.857,0,5,5462,0,0,0
44.11,80645,23.06,0.362,0.657,0,9,272,1,0,0
67.06,78573,9.73,0.039,0.836,0,6,75,1,0,0
50.12,52767,28.11,0.066,0.64,0,5,52,0,0,0
52.9,67532,15.28,0.193,0.701,0,6,414,0,0,0
39.6,42256,44.61,0.146,0.88,0,11,898,0,0,0
36.31,11437,21.16,0.156,0.946,0,9,1032,1,0,0
8.49,64308,36.88,0.323,0.886,0,10,1044,1,1,0
36.1,57187,47.18,0.132,0.648,0,5,2245,0,1,0
24.86,55261,43.03,0.288,0.363,0,11,545,1,0,0
41.95,65411,12.86,0.055,0.464,0,13,501,1,0,0
25.62,14797,11.5,0.109,0.778,1,5,682,1,0,0
12.51,49261,346.29,0.298,0.744,2,7,186,0,0,1
57.51,411,3.86,0.322,0.514,1,6,1009,1,1,0
2.64,16454,8.19,0.062,0.836,1,7,1126,0,0,0
19.16,85647,3.22,0.178,1.0,0,5,458,1,0,0
6.14,717,1.08,0.266,0.736,0,12,3263,0,1,0
32.82,76016,23.92,0.201,0.558,0,10,1781,1,0,0
21.32,77402,57.76,0.198,0.71,0,9,588,0,0,0
80.21,23197,3.46,0.133,0.547,0,7,2165,0,0,0
32.0,49870,39.71,0.126,0.754,0,10,485,0,0,0
18.39,40504,11.92,0.28,0.923,0,8,625,1,0,0
57.45,24119,24.07,0.261,0.786,1,12,976,1,0,0
21.02,57769,36.07,0.298,0.718,0,11,900,1,0,0
18.2,15889,30.95,0.062,0.795,1,16,489,1,0,0
37.15,56394,3.67,0.271,0.512,0,9,654,0,0,0
98.53,84245,3.07,0.041,0.862,0,10,1457,1,0,0
53.67,27117,64.49,0.258,0.729,0,11,763,1,0,0
42.67,19202,2.07,0.485,0.791,0,4,1293,1,1,0
244.88,47036,6.16,0.262,0.863,1,12,451,1,0,0
15.09,82455,14.42,0.134,0.685,0,7,629,1,0,0
14.82,31866,43.01,0.248,0.837,0,9,703,1,1,0
30.46,10526,23.07,0.475,0.848,0,17,153,1,0,0
91.11,58488,21.17,0.103,0.744,0,13,407,1,1,0
12.76,52642,29.44,0.159,1.0,0,6,1866,1,0,0
110.35,16312,40.51,0.069,0.514,0,10,1409,1,1,0
8.57,85067,6.62,0.157,0.837,0,4,1645,0,0,0
24.61,33673,0.48,0.101,0.463,1,7,2625,0,0,0
31.15,2131,3.4,0.229,0.637,2,10,1532,1,0,0
13.38,11115,4.51,0.113,0.732,0,14,507,1,0,0
16.49,42807,1.02,0.096,0.592,0,10,449,0,0,0
51.28,41266,34.41,0.342,0.867,0,4,180,0,0,0
85.91,86352,54.05,0.266,1.0,0,8,1953,1,0,0
4.99,71527,31.0,0.185,0.991,0,10,1719,1,0,0
31.32,32124,5.23,0.313,0.73,0,6,238,0,0,0
24.76,74244,23.31,0.306,1.0,0,8,1201,0,0,0
29.55,16484,18.38,0.115,0.682,0,8,2292,1,0,0
21.04,6060,42.86,0.229,0.961,0,4,1351,1,0,0
9.66,34915,71.31,0.359,0.575,0,13,113,1,0,0
93.12,46511,33.96,0.016,0.377,0,8,1609,1,0,0
68.54,62571,17.96,0.048,0.817,0,8,617,1,0,0
24.95,11021,17.89,0.562,0.86,0,14,2143,1,0,0
18.34,10100,41.23,0.084,1.0,0,10,133,1,0,0
16.65,27,3.27,0.052,0.911,0,7,240,0,0,0
3.43,54004,4.16,0.39,0.87,0,9,2607,0,0,0
35.98,68872,10.52,0.112,0.984,0,10,488,1,0,0
50.62,18746,34.37,0.178,0.475,0,12,219,1,0,0
10.92,4133,80.7,0.728,0.565,1,7,345,1,1,1
25.3,85596,10.55,0.152,0.785,0,6,1055,1,0,0
30.17,11416,9.59,0.09,0.817,0,6,1427,1,0,0
13.7,35143,16.63,0.383,0.833,0,10,776,1,0,0
18.18,47,15.58,0.301,0.694,0,8,125,1,0,0
23.73,39826,31.33,0.046,0.875,0,8,2278,1,0,0
47.34,77441,24.56,0.075,1.0,0,10,440,1,0,0
81.7,73733,58.27,0.026,0.626,0,12,1493,1,0,0
22.57,38301,4.98,0.183,0.276,0,8,293,1,0,0
11.75,64572,14.14,0.32,1.0,0,8,410,1,1,0
27.9,74497,12.77,0.247,0.648,1,11,1483,1,0,0
135.53,73138,2.98,0.205,0.58,0,10,620,0,0,0
12.6,66898,4.5,0.282,0.408,0,17,1439,0,0,0
55.07,77556,10.26,0.238,0.779,1,4,1875,1,0,0
78.95,7,33.18,0.133,0.741,2,6,298,1,0,0
20.33,70408,4.07,0.097,1.0,0,8,105,1,0,0
15.48,18916,7.71,0.281,0.722,0,9,2152,1,0,0
42.95,46479,28.21,0.253,0.958,0,11,2300,0,0,0
35.97,21259,22.7,0.073,0.708,0,7,356,1,0,0
47.27,32472,2.76,0.131,0.541,0,7,180,1,0,0
142.45,59256,71.93,0.126,0.569,0,8,486,1,0,0
30.99,13706,4.01,0.223,0.743,1,5,221,1,0,0
10.45,18769,1.58,0.432,0.645,0,9,284,1,0,0
28.6,68002,9.07,0.325,0.602,0,10,243,0,0,0
32.89,5329,0.67,0.038,0.904,0,14,258,1,0,0
74.72,32106,0.78,0.027,0.554,1,8,289,1,0,0
23.16,60381,21.61,0.227,0.653,0,5,1153,1,0,0
19.55,50346,55.86,0.105,0.934,0,10,1399,0,0,0
9.05,49252,12.88,0.273,0.784,0,10,2617,1,1,0
42.01,67997,8.99,0.226,0.837,2,8,2775,1,0,0
88.37,322,5.6,0.242,0.687,2,12,969,0,1,1
22.69,61468,1.59,0.11,0.556,0,8,1159,1,0,0
38.92,24216,16.03,0.205,0.465,0,8,84,1,0,0
17.49,52801,7.28,0.043,1.0,0,18,135,0,0,0
9.73,4846,12.02,0.09,0.644,0,12,806,0,0,0
38.37,69871,13.22,0.217,0.851,0,8,721,1,1,0
27.73,13360,19.69,0.296,0.813,1,12,549,0,1,0
4.02,30745,15.09,0.226,0.752,1,14,351,1,0,0
98.3,49990,110.67,0.15,0.732,0,8,48,1,0,0
37.82,53117,0.65,0.125,0.849,0,11,187,1,0,0
28.76,60624,35.44,0.163,0.898,0,11,3876,1,0,0
19.34,23576,1.31,0.123,0.603,1,14,1577,1,0,0
37.5,49796,14.1,0.176,0.92,0,5,646,1,0,0
38.9,75956,5.64,0.366,0.743,0,5,238,1,0,0
37.38,66132,72.65,0.173,0.987,0,6,330,0,0,0
63.71,71925,32.05,0.172,0.579,0,7,178,0,0,0
76.42,51962,15.54,0.008,0.855,0,9,2155,0,0,0
134.89,70072,76.04,0.107,0.809,1,9,3460,1,0,0
13.88,82387,31.94,0.342,0.814,1,8,374,1,0,0
17.14,9156,75.88,0.353,0.806,1,4,95,1,0,0
36.2,42597,30.48,0.209,0.572,0,12,100,0,0,0
14.54,51938,2.02,0.235,0.818,0,6,4011,0,0,0
16.54,84728,23.95,0.176,0.68,0,11,721,1,0,0
39.65,54941,98.24,0.073,0.663,2,9,897,1,0,0
55.74,32979,6.03,0.275,0.403,0,6,130,1,0,0
75.24,80931,39.34,0.134,0.697,0,12,1223,1,0,0
23.24,60655,5.1,0.091,0.941,0,5,346,0,0,0
39.27,23915,15.05,0.218,0.659,0,9,179,0,0,0
32.92,57774,2.21,0.195,0.756,0,15,1348,1,0,0
27.5,3258,10.41,0.367,0.505,0,8,1735,1,0,0
14.11,82179,37.43,0.173,0.489,0,7,779,0,0,0
12.75,34522,1.16,0.218,0.816,0,7,682,0,1,0
46.22,43357,9.65,0.23,0.639,0,8,137,1,0,0
13.93,62146,24.84,0.092,0.777,0,7,218,1,0,0
6.54,65581,74.18,0.283,1.0,0,8,1319,0,0,0
26.43,24538,7.04,0.156,0.927,0,6,459,0,1,0
86.85,34723,4.75,0.225,0.426,0,11,835,1,0,0
2.9,2274,5.69,0.358,0.613,1,11,1043,1,1,0
21.53,7735,6.76,0.087,0.827,1,7,528,1,0,0
46.53,1739,25.42,0.227,1.0,0,12,1911,1,0,0
6.3,80849,165.52,0.049,0.714,0,8,71,1,0,0
22.86,13549,18.54,0.356,0.772,0,10,2381,1,0,0
10.9,78948,7.92,0.113,0.441,1,12,314,0,0,0
12.11,31510,34.36,0.147,0.588,0,9,554,1,0,0
19.65,82253,4.31,0.082,0.715,1,8,52,1,0,0
11.04,67066,0.76,0.272,0.653,0,15,1140,1,0,0
10.33,555,23.24,0.396,0.76,0,7,409,1,0,0
25.86,26624,5.9,0.231,0.731,1,6,1609,0,0,0
161.05,20417,12.74,0.302,0.803,0,10,1388,1,0,0
49.71,83083,6.57,0.141,0.747,0,11,3321,1,0,0
60.85,71564,62.54,0.392,0.829,0,13,854,1,0,0
51.31,45978,10.31,0.278,0.828,1,5,934,1,0,0
15.52,32498,14.9,0.162,0.768,0,8,969,1,0,0
34.77,51172,6.69,0.183,0.77,0,10,1635,0,0,0
65.25,40453,2.22,0.088,0.689,0,10,1256,1,0,0
52.6,6023,17.96,0.31,0.767,0,10,1387,1,0,0
31.68,51092,50.76,0.454,0.579,0,5,3356,1,0,0
41.1,53548,10.83,0.166,0.89,0,8,764,0,1,0
194.47,62533,37.96,0.071,1.0,0,9,829,1,0,0
53.07,7016,0.83,0.284,0.982,0,9,215,0,0,0
21.07,58554,6.71,0.232,0.783,0,6,162,1,0,0
25.55,53405,3.52,0.257,0.625,0,9,1454,1,0,0
11.67,9546,12.89,0.221,0.735,0,10,2235,1,0,0
177.26,38793,56.19,0.109,0.704,1,7,1945,1,0,0
97.82,40344,11.69,0.147,1.0,0,15,655,0,0,0
28.98,72143,23.12,0.166,0.505,0,11,975,0,0,0
155.19,26706,57.1,0.364,0.691,0,14,287,1,0,0
44.97,40521,11.15,0.036,0.843,1,7,202,0,1,0
19.21,23406,11.38,0.1,0.639,0,12,2604,1,0,0
55.99,36035,2.3,0.228,0.939,0,8,193,1,1,0
37.3,14542,10.73,0.137,0.925,0,9,193,0,0,0
53.0,70790,34.28,0.153,0.731,1,10,1309,1,0,0
9.07,69739,46.55,0.192,0.822,0,11,1953,1,0,0
14.18,38658,32.07,0.073,0.904,0,6,760,1,0,0
89.19,12452,0.17,0.286,0.914,0,6,3614,0,0,0
105.06,22681,3.11,0.162,0.763,0,7,1051,0,0,0
84.11,20826,32.82,0.387,1.0,0,8,2710,0,0,0
159.96,17432,71.35,0.133,0.951,1,10,105,0,0,0
43.03,18343,29.72,0.054,0.764,0,10,439,0,0,0
40.68,52850,6.41,0.172,0.847,0,9,800,0,1,0
13.06,54827,2.84,0.143,0.517,0,11,151,0,1,0
17.04,40659,52.39,0.174,0.28,0,5,258,1,0,0
5.53,64237,2.61,0.158,0.832,1,8,912,1,0,0
20.96,47841,4.09,0.177,0.99,0,8,1330,1,0,0
5.22,42201,22.7,0.117,0.6,0,4,238,1,0,0
64.38,20314,5.27,0.244,1.0,0,7,822,0,0,0
36.99,54517,6.46,0.091,0.707,0,8,169,1,0,0
5.36,47416,3.84,0.134,0.536,1,6,240,1,0,0
23.29,74603,72.21,0.222,0.746,0,9,872,1,0,0
130.86,11912,3.34,0.189,0.495,1,13,535,1,0,0
24.52,79637,66.96,0.126,0.962,0,11,3008,1,0,0
12.2,55755,9.87,0.22,0.816,0,11,1057,1,0,0
6.5,15941,43.09,0.08,0.553,0,9,547,0,0,0
6.66,54938,74.89,0.329,0.71,1,15,4429,1,0,0
41.62,14591,18.31,0.029,0.96,0,11,1391,1,0,0
19.16,28281,36.76,0.159,0.772,0,7,42,1,0,0
20.48,11730,7.73,0.137,0.74,0,9,201,1,0,0
19.22,9011,12.07,0.159,0.58,1,12,105,0,0,0
24.24,36677,20.13,0.005,1.0,0,8,196,0,0,0
10.16,62969,47.5,0.153,0.611,0,11,181,1,0,0
34.91,44976,24.24,0.293,0.672,0,16,159,1,0,0
8.69,67420,0.56,0.044,0.383,0,9,78,0,1,0
14.81,70038,9.09,0.049,0.67,0,10,716,0,0,0
60.87,28564,50.06,0.086,0.655,0,4,1006,0,0,0
36.63,7497,6.87,0.304,0.606,0,10,653,0,0,0
46.92,8298,11.47,0.133,0.752,0,6,794,1,1,0
151.46,10887,12.34,0.247,0.731,0,6,665,0,1,0
25.85,10677,4.19,0.135,0.789,1,8,803,1,0,0
27.58,29362,10.76,0.207,0.914,0,6,1257,1,1,0
21.95,20413,42.51,0.221,0.762,0,8,1704,1,1,0
19.02,34193,47.28,0.254,0.732,0,12,419,1,0,0
12.08,70141,21.74,0.188,0.654,0,9,418,1,0,0
29.0,80563,28.39,0.373,0.61,0,9,514,0,0,0
36.02,20440,19.12,0.17,1.0,0,8,1277,1,0,0
37.66,65776,1.13,0.117,0.754,0,10,357,0,0,0
28.55,17880,29.82,0.466,0.771,1,11,582,1,0,0
56.88,46365,141.74,0.146,1.0,1,9,1809,0,0,0
27.76,59850,6.46,0.014,0.523,0,9,1024,1,0,0
19.54,29466,100.65,0.058,0.922,0,10,215,1,1,0
12.92,11164,152.68,0.354,0.716,0,9,1421,1,0,0
7.85,28595,3.81,0.276,0.657,0,6,1401,0,0,0
87.21,51913,65.14,0.501,0.745,0,10,220,0,0,0
15.5,33373,28.14,0.199,0.86,0,10,1244,0,1,0
12.93,31178,15.7,0.228,0.786,0,7,110,0,0,0
19.41,1038,10.57,0.125,0.668,0,6,216,1,0,0
21.7,33174,24.84,0.266,1.0,0,12,2367,1,1,0
100.57,66607,46.25,0.238,0.729,0,4,303,0,0,0
20.85,53361,0.87,0.194,0.389,0,17,2327,1,0,0
222.9,21005,19.17,0.49,0.638,0,10,173,1,0,0
28.53,45877,26.26,0.08,0.68,0,3,278,1,0,0
140.56,20827,0.65,0.226,0.694,1,8,1181,0,0,0
55.43,62405,54.97,0.072,0.784,0,5,324,1,0,0
36.19,47274,75.8,0.058,0.701,2,8,482,0,0,0
95.8,50604,23.7,0.166,0.668,0,7,469,0,0,0
66.54,84373,3.11,0.154,0.408,0,9,1804,1,0,0
45.05,68523,67.36,0.143,0.692,1,10,1109,1,0,0
173.14,19173,40.87,0.346,0.947,0,14,3373,0,0,0
18.2,200,0.72,0.134,0.724,1,5,942,0,0,0
12.23,40593,21.64,0.212,0.616,0,9,403,1,0,0
15.78,22584,3.04,0.221,0.701,0,14,1330,0,0,0
110.15,79956,3.8,0.092,0.757,0,11,77,1,0,0
86.54,58126,5.35,0.155,0.549,0,8,1853,0,0,0
17.81,5225,12.61,0.27,0.797,0,10,1406,0,0,0
4.12,70457,52.26,0.092,0.81,0,10,1283,1,0,0
23.0,36481,0.79,0.049,0.639,1,11,806,0,0,0
12.05,22036,29.22,0.09,0.348,0,7,1362,1,0,0
18.26,9130,83.49,0.355,0.542,0,7,260,0,0,0
11.66,35884,25.63,0.045,0.827,1,8,533,1,0,0
7.48,26996,42.27,0.321,0.776,0,14,1109,0,0,0
122.31,54342,58.01,0.182,0.59,1,5,377,0,0,0
15.69,41723,31.36,0.15,0.92,0,9,174,1,0,0
83.94,37387,26.96,0.242,0.97,0,8,435,1,0,0
22.71,59142,0.45,0.441,0.548,0,8,449,0,0,0
10.97,70724,18.29,0.419,0.743,1,11,406,1,0,0
40.74,62574,15.84,0.304,0.771,0,9,297,0,0,0
19.83,37734,18.49,0.143,0.964,0,12,129,1,0,0
22.97,74997,14.16,0.151,0.715,0,13,181,0,0,0
30.45,16342,59.26,0.174,0.564,0,8,115,1,1,0
14.16,23924,54.96,0.081,0.725,1,5,799,0,0,0
7.41,86113,3.36,0.26,0.514,1,12,2608,1,0,0
26.02,43800,19.03,0.382,0.982,0,10,1129,1,0,0
58.62,21825,80.2,0.17,1.0,0,5,330,0,0,0
13.18,80690,22.82,0.197,0.741,0,11,456,1,0,0
30.67,41633,40.45,0.189,0.799,1,9,3071,1,0,0
90.41,37372,11.68,0.176,0.828,0,13,43,1,0,0
25.23,41901,11.84,0.313,0.903,0,6,205,1,0,0
29.05,17326,9.85,0.382,0.66,0,8,976,1,0,0
28.34,69279,0.55,0.425,1.0,0,11,557,0,0,0
15.71,71819,64.71,0.133,0.814,0,9,490,1,0,0
12.25,36604,10.76,0.236,0.932,1,8,899,0,0,0
12.29,80274,11.44,0.465,0.808,0,10,1202,0,0,0
36.4,9381,35.63,0.035,0.761,1,7,304,0,0,0
49.71,45816,18.71,0.138,0.904,0,13,435,1,0,0
51.63,43913,11.24,0.185,0.596,1,9,740,1,0,0
20.03,10505,53.77,0.252,0.555,0,6,133,1,0,0
65.02,62818,43.63,0.244,0.673,0,7,978,1,0,0
34.67,15414,94.09,0.214,0.904,0,16,658,1,0,0
28.69,72927,25.61,0.039,0.92,0,11,209,1,0,0
1.87,24311,29.29,0.369,0.701,0,11,1902,1,0,0
14.1,34677,9.81,0.303,0.995,0,9,1966,1,0,0
8.03,59590,2.62,0.426,0.812,0,10,1170,1,1,0
44.78,35442,2.8,0.179,0.624,1,13,1119,0,1,0
29.25,3324,25.96,0.432,0.762,0,9,610,1,0,0
11.5,68138,3.01,0.274,0.936,0,8,249,1,0,0
34.59,65690,59.28,0.316,0.698,0,9,592,0,0,0
8.68,27423,30.42,0.209,0.756,0,11,34,0,0,0
11.76,63151,6.41,0.241,0.591,0,12,1377,1,0,0
15.36,12057,8.19,0.103,0.627,1,12,386,1,1,0
41.77,61397,30.94,0.199,0.739,0,10,925,1,0,0
83.06,44601,43.45,0.174,0.517,0,10,1105,1,0,0
16.97,43339,45.73,0.279,0.668,0,7,286,0,0,0
78.1,20887,22.97,0.15,0.781,0,7,326,1,0,0
28.16,1527,4.22,0.403,0.721,0,12,732,1,0,0
32.75,17069,42.64,0.15,0.247,0,10,502,0,0,0
25.76,75193,39.21,0.393,0.558,0,14,1247,1,0,0
23.15,16348,45.1,0.261,0.692,0,9,616,1,0,0
38.53,31999,4.29,0.315,0.99,0,11,128,1,0,0
49.02,21593,28.83,0.011,0.968,0,6,1350,0,0,0
13.36,12428,80.62,0.342,0.596,0,9,109,0,0,0
23.3,82789,7.39,0.4,0.925,0,8,177,1,0,0
103.07,68613,31.53,0.188,0.798,0,6,719,0,0,0
31.24,28389,7.49,0.19,0.737,0,10,579,0,0,0
34.1,904,9.17,0.267,0.533,0,7,38,1,0,0
68.98,13651,16.6,0.304,0.846,0,4,851,1,0,0
18.16,66778,56.33,0.139,0.89,0,8,134,1,0,0
26.39,43586,0.99,0.171,0.57,0,7,508,1,0,0
52.12,68247,114.25,0.178,0.58,1,11,576,1,1,0
73.05,1294,36.97,0.141,0.699,0,10,745,1,0,0
4.09,38705,11.15,0.218,0.741,0,9,86,1,0,0
15.04,67092,10.93,0.156,0.676,0,10,177,1,0,0
12.2,27136,16.49,0.345,0.563,0,10,36,0,0,0
24.56,82656,52.08,0.486,0.895,0,9,551,1,0,0
12.96,49930,0.45,0.466,1.0,0,8,711,0,0,0
46.12,38293,19.87,0.194,0.678,0,5,1840,0,1,0
31.12,40293,1.44,0.175,0.916,0,9,743,0,0,0
55.22,12375,3.07,0.317,0.744,0,12,341,1,0,0
58.11,30064,29.33,0.146,0.448,0,12,497,0,0,0
46.68,70320,6.67,0.183,0.396,0,9,760,1,1,0
20.73,57152,1.06,0.152,0.724,0,9,1737,1,0,0
29.47,72330,4.49,0.054,1.0,1,9,685,1,0,0
22.48,31682,107.22,0.386,0.528,1,11,1167,1,1,1
9.1,71233,36.72,0.221,0.542,0,6,1778,1,0,0
58.15,68383,24.52,0.033,0.934,0,10,362,0,0,0
25.35,69647,33.21,0.026,0.584,0,7,302,1,0,0
8.15,26991,11.54,0.15,1.0,0,10,579,1,0,0
41.66,22778,3.0,0.048,0.931,0,8,78,0,0,0
22.67,78617,40.91,0.313,0.712,0,15,3164,1,1,0
5.22,45415,3.78,0.249,0.88,0,10,71,0,0,0
38.39,73958,79.26,0.606,0.302,3,10,1568,1,1,1
15.48,30537,7.6,0.286,0.82,0,6,264,0,0,0
32.09,56572,8.79,0.061,1.0,0,7,301,1,0,0
50.93,40887,23.02,0.084,0.569,0,8,175,0,0,0
49.55,62051,4.49,0.072,0.971,0,5,1089,0,0,0
43.92,39517,14.76,0.22,0.33,1,12,860,0,0,0
26.38,11656,25.45,0.258,0.45,0,13,125,0,1,0
107.53,66054,50.8,0.237,0.656,0,10,1375,1,0,0
47.46,75840,11.6,0.223,0.92,0,12,2825,0,0,0
32.38,10458,9.59,0.463,0.371,0,10,1444,1,0,0
42.66,36619,11.47,0.075,1.0,0,11,462,0,0,0
19.7,37772,17.37,0.166,0.731,0,7,758,1,0,0
25.9,25609,9.39,0.101,0.882,0,5,163,1,0,0
5.13,74493,7.21,0.226,0.476,0,8,147,1,0,0
19.9,81575,11.76,0.051,0.626,0,6,1243,0,0,0
110.82,78754,37.61,0.332,0.69,0,7,1211,1,0,0
30.53,40975,7.29,0.298,0.472,1,4,1207,0,0,0
29.53,80416,46.55,0.173,0.847,1,9,597,0,0,0
60.27,56244,8.39,0.266,0.624,0,12,527,0,1,0
36.1,75298,23.1,0.144,0.878,0,9,1285,1,0,0
14.45,63670,88.49,0.158,0.683,1,7,934,0,0,0
27.63,46181,75.81,0.236,0.758,1,4,891,1,0,0
10.93,37195,14.26,0.179,0.414,0,8,911,0,0,0
31.4,32846,1.75,0.109,0.822,1,10,630,1,0,0
13.87,27664,58.23,0.132,1.0,0,11,941,1,0,0
56.98,50970,3.39,0.086,0.478,0,9,645,1,0,0
18.03,9236,64.28,0.091,0.772,0,11,912,0,0,0
14.02,80794,32.98,0.063,0.733,1,7,79,1,0,0
24.77,75339,68.04,0.247,0.982,1,12,592,1,0,0
36.32,65967,27.37,0.162,0.481,0,8,516,0,0,0
10.32,27179,133.03,0.16,0.723,0,8,2003,0,0,0
17.87,13336,15.73,0.297,0.903,0,8,752,1,0,0
29.49,80174,10.0,0.285,0.696,0,10,553,1,0,0
79.1,64790,12.49,0.144,0.653,0,9,1847,1,0,0
3.59,46897,10.78,0.144,0.87,0,7,404,1,0,0
44.35,48192,12.8,0.161,1.0,0,11,940,1,0,0
19.95,53502,54.11,0.156,0.74,1,9,1366,1,0,0
18.25,41231,22.42,0.242,0.949,0,10,978,1,0,0
15.72,28283,32.34,0.126,0.561,1,6,1796,1,0,0
20.26,47102,8.49,0.067,0.762,1,7,1172,1,0,0
44.55,37199,114.81,0.084,0.585,0,12,342,1,0,0
17.65,41717,8.24,0.164,0.637,1,14,1159,1,0,0
102.19,69839,4.33,0.031,0.723,0,8,483,1,0,0
44.66,41073,37.65,0.296,0.658,0,8,1446,1,1,0
31.77,64252,45.67,0.152,0.894,1,10,336,1,0,0
23.74,5016,12.51,0.213,0.808,0,10,412,0,0,0
71.48,34730,51.02,0.471,0.409,2,7,744,1,0,1
78.95,63643,13.37,0.219,0.709,0,11,2958,0,0,0
10.71,3065,8.7,0.11,0.569,1,10,1339,1,0,0
15.46,36716,41.97,0.192,0.717,0,13,2196,0,0,0
45.05,7106,35.37,0.289,0.753,0,5,504,0,0,0
57.36,63326,16.61,0.062,0.703,1,9,581,1,0,0
21.32,47456,15.2,0.294,0.668,1,6,74,1,0,0
14.97,17312,4.97,0.171,0.813,1,12,455,1,0,0
28.87,38190,25.35,0.106,0.471,0,7,634,1,0,0
88.35,78965,64.32,0.061,0.839,0,5,406,1,1,0
28.02,43042,31.72,0.161,0.531,1,8,736,1,1,0
9.86,68451,17.64,0.066,0.782,0,10,268,0,0,0
29.6,25919,0.99,0.162,0.788,1,7,330,1,0,0
50.71,61657,66.58,0.242,0.648,0,9,1611,1,0,0
25.0,14199,9.21,0.313,0.808,0,9,259,1,0,0
74.18,43051,8.92,0.34,0.614,0,9,1600,0,0,0
54.2,9389,15.85,0.094,0.54,1,11,1220,0,1,0
25.81,61194,14.02,0.32,0.52,0,10,582,1,0,0
28.06,9048,81.99,0.129,0.936,0,8,338,0,0,0
6.21,59322,4.51,0.102,0.806,0,10,1242,1,0,0
71.39,31546,29.21,0.476,0.864,0,11,204,1,0,0
20.83,64417,2.82,0.34,0.965,1,6,98,0,0,0
19.69,53652,8.11,0.288,0.506,0,7,159,1,0,0
17.46,23249,32.02,0.099,0.61,0,13,116,1,0,0
39.07,64199,40.75,0.408,0.839,0,8,3812,1,0,0
10.99,16179,15.82,0.057,0.838,0,8,39,0,1,0
12.34,845,38.94,0.311,0.875,0,12,1025,1,0,0
26.0,39058,68.38,0.268,0.552,0,6,642,0,0,0
16.42,18131,68.64,0.145,0.762,0,6,63,0,0,0
35.45,37733,10.48,0.214,0.663,0,7,250,1,0,0
16.91,58911,9.35,0.067,0.94,1,7,136,0,0,0
97.13,345,32.41,0.208,0.981,0,6,380,1,0,0
47.22,16539,26.54,0.423,0.837,1,9,132,0,1,0
46.75,48715,12.45,0.154,0.808,0,10,159,0,0,0
16.71,61154,6.49,0.131,0.573,0,13,112,0,0,0
185.78,30496,24.09,0.143,0.586,0,10,1376,0,1,0
19.08,49255,14.06,0.547,0.921,1,9,1936,1,0,0
15.32,45009,3.54,0.071,0.83,0,11,1820,1,0,0
47.72,36299,25.49,0.61,0.641,0,11,80,1,0,0
31.7,3875,29.91,0.164,0.86,0,8,1651,1,0,0
14.09,64024,11.32,0.212,0.467,0,8,2309,1,1,0
157.07,57267,44.59,0.124,0.679,1,10,87,0,0,0
59.17,7079,1.91,0.045,0.802,1,6,593,0,1,0
27.2,12914,17.13,0.058,1.0,0,9,398,0,1,0
185.1,39877,78.28,0.111,0.782,0,9,159,1,0,0
51.86,57551,5.28,0.146,0.927,0,13,475,1,0,0
26.86,15037,4.73,0.284,0.663,1,10,2163,0,0,0
168.2,54792,11.9,0.131,0.618,0,5,902,1,0,0
45.93,44650,7.8,0.22,0.598,1,3,683,1,0,0
44.35,18146,6.26,0.173,0.993,0,13,257,0,0,0
19.9,30428,74.81,0.491,0.781,1,12,463,1,0,0
28.21,41677,10.57,0.154,0.648,0,4,110,1,0,0
19.52,44868,1.54,0.049,0.596,0,13,359,1,0,0
85.78,1822,57.51,0.146,0.846,1,6,395,1,1,0
7.48,71340,14.87,0.207,0.452,0,8,435,1,1,0
57.28,84968,72.63,0.288,0.322,5,12,183,0,0,1
13.44,83839,11.45,0.38,0.878,1,8,1481,1,0,0
25.88,15461,68.4,0.233,0.8,0,13,117,1,0,0
21.41,79987,8.48,0.102,0.825,0,9,323,1,0,0
17.88,8662,27.17,0.049,1.0,0,5,548,1,0,0
47.08,22183,43.48,0.125,0.847,0,10,37,1,0,0
27.0,71673,6.79,0.302,0.916,0,6,782,1,0,0
15.89,39109,40.43,0.223,0.492,0,8,676,0,0,0
30.67,43211,39.29,0.338,0.841,2,11,166,1,0,0
15.54,73099,83.26,0.033,0.538,1,6,719,1,0,0
17.63,75129,64.04,0.223,0.786,0,10,287,1,0,0
8.18,45638,12.3,0.067,0.529,1,6,356,0,0,0
18.91,12891,22.32,0.271,0.922,0,8,1440,1,0,0
40.26,9912,64.85,0.076,0.905,0,13,175,1,0,0
27.93,14903,0.11,0.463,0.596,0,8,490,1,1,0
115.82,70540,24.68,0.297,0.737,0,14,835,0,0,0
219.26,68136,6.06,0.216,0.491,0,10,376,1,0,0
18.7,14282,33.56,0.148,0.644,0,6,1712,0,0,0
13.92,41702,39.8,0.322,0.736,0,13,391,1,0,0
66.94,22166,31.2,0.409,0.921,0,10,241,1,0,0
35.45,12096,138.53,0.173,0.925,0,13,332,1,0,0
67.27,16097,16.31,0.271,0.65,0,7,465,1,0,0
37.3,45982,20.6,0.107,1.0,0,9,316,1,0,0
23.21,2030,13.15,0.16,0.711,0,9,1378,0,0,0
23.31,5859,91.23,0.203,0.865,0,14,848,1,0,0
38.33,85027,64.02,0.279,0.7,0,6,247,1,0,0
22.9,72717,107.88,0.166,1.0,1,8,264,0,0,0
71.92,78751,104.81,0.17,0.817,0,8,3228,1,0,0
9.57,51380,56.45,0.137,0.614,0,8,2655,1,0,0
71.62,78126,66.8,0.074,0.652,0,7,289,1,1,0
33.5,47349,104.0,0.273,0.255,1,13,1173,1,0,1
30.45,21407,4.76,0.247,0.667,0,5,1065,1,0,0
20.8,76183,54.11,0.105,0.75,1,12,1033,1,0,0
8.06,86029,32.44,0.35,0.39,0,10,395,0,0,0
5.22,2126,51.98,0.54,0.365,0,11,105,0,0,0
11.27,20339,36.75,0.213,0.81,0,8,2650,1,1,0
28.12,5083,3.76,0.438,0.769,1,11,552,1,0,0
16.75,16248,62.09,0.204,0.936,0,12,1443,0,0,0
11.79,31545,36.88,0.429,0.874,0,9,434,1,0,0
79.98,6609,21.15,0.192,1.0,0,11,105,1,0,0
10.12,40446,19.0,0.049,0.745,0,14,78,1,0,0
46.68,43502,21.32,0.094,0.833,0,11,469,1,1,0
13.31,11378,12.37,0.247,0.661,0,12,959,1,0,0
11.04,27199,40.64,0.078,0.694,0,10,1961,1,0,0
16.73,27921,59.93,0.227,0.652,0,14,631,1,0,0
44.52,13617,7.29,0.058,0.721,0,13,867,1,0,0
9.05,25178,0.97,0.119,0.579,0,7,303,0,0,0
34.12,51983,5.67,0.093,0.748,1,13,567,0,0,0
12.57,29069,35.4,0.166,0.85,0,16,1399,0,0,0
14.52,79805,50.7,0.445,0.614,0,7,125,0,0,0
37.36,69197,10.71,0.558,0.785,0,12,3553,1,0,0
154.28,62188,4.13,0.264,0.645,1,15,395,1,0,0
13.08,11575,48.89,0.281,0.68,0,4,478,0,0,0
48.23,69645,6.04,0.232,0.757,0,7,96,0,0,0
21.11,43116,6.92,0.23,0.629,1,7,60,1,0,0
18.55,44869,2.43,0.581,0.93,0,6,271,1,0,0
63.89,26981,60.29,0.121,0.322,0,8,2864,1,0,0
13.81,45530,9.89,0.222,0.564,1,16,2295,1,0,0
10.77,34718,4.71,0.094,0.644,0,7,1154,1,0,0
39.18,52976,76.79,0.239,0.919,1,8,236,0,0,0
97.11,43512,10.22,0.05,0.774,0,10,425,1,0,0
49.4,19266,34.41,0.407,0.637,1,7,142,1,0,0
8.8,62336,6.55,0.235,0.715,0,6,683,1,1,0
16.57,38991,32.44,0.006,0.859,0,11,165,1,0,0
59.36,2010,6.6,0.098,0.49,0,6,442,0,0,0
96.05,493,25.38,0.227,0.499,0,12,126,1,0,0
32.56,51003,14.53,0.108,0.87,0,8,351,1,0,0
17.06,70914,40.08,0.087,0.827,0,7,923,1,0,0
101.17,47729,32.76,0.278,0.626,0,6,258,1,0,0
25.54,4943,68.52,0.239,0.536,0,9,689,1,0,0
16.7,10350,11.82,0.236,0.896,1,11,635,1,1,0
14.59,46901,35.09,0.097,0.588,0,4,3215,1,1,0
10.42,64271,86.72,0.458,0.567,0,12,265,1,0,0
261.61,56540,10.25,0.288,0.507,0,10,1353,0,0,0
84.5,60730,8.56,0.086,0.762,1,4,904,0,0,0
16.04,25994,36.64,0.232,0.815,0,10,183,0,0,0
108.36,13791,14.74,0.044,0.448,0,10,172,1,0,0
41.54,13335,12.71,0.168,0.715,0,5,892,0,1,0
39.62,28498,19.72,0.236,0.545,1,11,812,0,1,0
15.27,5791,68.54,0.056,0.661,1,8,964,1,0,0
17.97,27465,2.19,0.119,0.773,0,8,891,1,0,0
26.21,24816,15.67,0.057,0.733,0,2,47,0,0,0
91.89,13663,14.37,0.305,0.542,0,10,164,1,1,1
18.37,76630,53.77,0.139,0.433,0,9,82,1,0,0
27.21,2400,3.67,0.207,0.773,1,5,169,1,0,0
77.29,57437,2.35,0.162,1.0,0,5,1141,0,0,0
16.56,20394,82.94,0.206,0.542,0,9,1717,0,0,0
51.92,86068,20.72,0.485,0.519,0,9,143,0,0,0
5.22,12657,43.7,0.163,0.6,0,9,914,0,0,0
68.97,36736,15.88,0.082,0.78,0,9,168,1,0,0
13.19,15453,14.3,0.122,0.382,1,11,1062,1,0,0
30.09,35445,60.65,0.235,0.464,0,8,1197,1,0,0
37.53,60705,114.81,0.06,0.352,0,9,265,1,0,0
32.08,63292,24.09,0.119,0.753,0,7,675,0,0,0
24.89,84325,62.58,0.242,0.758,0,9,1908,0,0,0
10.04,10300,49.64,0.382,0.988,0,7,2424,1,0,0
13.31,24030,19.63,0.077,0.468,0,10,1986,0,0,0
60.17,17659,70.8,0.097,0.674,1,10,479,0,0,0
16.81,62005,5.89,0.394,0.809,0,8,130,1,0,0
24.96,31836,54.04,0.152,0.795,0,8,1367,0,0,0
8.22,34334,9.25,0.246,0.773,0,10,745,1,0,0
53.89,39065,0.77,0.107,0.533,1,10,417,0,0,0
9.43,27102,38.67,0.149,0.805,0,10,477,1,0,0
56.42,41875,66.49,0.093,0.942,0,14,468,1,0,0
11.59,54584,6.11,0.285,0.332,0,13,1609,1,0,0
61.04,4536,19.09,0.215,0.612,0,10,262,1,0,0
27.33,31335,34.59,0.274,0.756,0,11,417,1,0,0
17.34,21657,10.07,0.259,0.616,0,5,1313,0,1,0
97.55,71524,3.97,0.17,0.79,1,3,3039,0,0,0
25.66,55450,12.45,0.158,0.866,1,10,919,1,0,0
20.3,65079,15.25,0.105,1.0,0,7,49,0,1,0
56.11,42761,33.89,0.141,0.594,0,5,802,0,0,0
8.29,85713,5.54,0.215,0.457,0,3,440,1,0,0
3.59,67196,42.2,0.106,1.0,0,9,861,1,0,0
68.47,79248,17.44,0.206,0.639,0,7,633,1,0,0
13.89,38861,58.56,0.056,0.523,0,10,439,1,0,0
54.15,22841,20.86,0.129,1.0,0,7,107,1,0,0
28.13,83538,14.8,0.06,0.982,0,8,2960,1,1,0
10.68,49745,8.45,0.166,0.646,0,10,158,0,1,0
44.07,67606,2.81,0.272,0.239,1,11,984,1,0,0
19.53,66865,11.62,0.015,0.911,1,11,649,1,0,0
11.45,47704,13.34,0.105,0.39,0,8,457,0,0,0
11.69,22314,21.0,0.031,0.714,0,7,41,1,0,0
6.78,58224,49.13,0.128,0.889,0,6,1354,0,0,0
37.43,39793,15.58,0.188,0.596,0,5,662,0,1,0
12.83,1234,9.43,0.173,0.796,1,7,133,0,0,0
26.37,58961,51.64,0.15,0.772,1,6,1446,1,0,0
23.44,26719,33.1,0.082,1.0,0,8,706,0,0,0
12.77,50608,9.17,0.169,0.656,0,8,2320,1,0,0
8.02,38247,4.57,0.494,0.777,0,12,1126,1,0,0
205.81,2830,8.6,0.114,0.73,0,8,1066,1,0,0
26.08,74800,3.3,0.305,0.587,0,10,365,0,0,0
116.59,7754,58.43,0.129,0.881,0,5,1491,0,0,0
68.85,39647,23.65,0.146,0.541,1,11,1806,1,1,0
20.97,72709,49.79,0.22,0.649,2,11,190,1,0,0
31.34,50230,42.92,0.081,0.656,0,9,927,1,0,0
30.62,79823,4.16,0.11,0.665,0,8,4084,1,0,0
118.55,31563,14.63,0.034,0.793,1,9,1928,0,0,0
52.66,37386,89.45,0.223,0.611,1,10,892,1,0,0
14.21,38263,6.66,0.342,0.707,0,3,131,1,0,0
35.92,4914,1.29,0.038,0.859,1,7,165,1,0,0
51.6,49239,10.62,0.193,0.781,0,9,407,1,1,0
10.59,55026,17.88,0.204,0.499,1,13,1119,1,0,0
40.26,20835,1.44,0.126,0.962,0,9,590,1,0,0
79.55,17472,13.91,0.102,0.597,0,5,1000,1,0,0
13.65,79120,7.31,0.034,0.761,0,12,589,0,0,0
15.25,59582,5.96,0.112,0.928,0,14,1916,0,0,0
68.61,53912,7.66,0.243,0.688,0,9,1200,0,0,0
20.42,34852,2.78,0.33,0.932,2,9,90,1,0,0
12.36,8930,1.99,0.144,0.517,0,13,402,1,0,0
54.92,32597,22.65,0.214,0.591,0,7,277,1,0,0
43.01,29947,73.83,0.476,0.929,0,7,84,0,0,0
29.24,28526,40.84,0.24,0.779,0,8,136,1,0,0
66.66,27782,44.88,0.112,1.0,0,10,3070,1,0,0
70.56,61450,33.21,0.157,0.546,0,11,1518,0,0,0
25.37,20813,78.08,0.332,0.626,0,11,180,1,0,0
131.56,17264,75.17,0.285,0.59,0,13,4463,1,1,0
96.23,10547,37.66,0.119,0.576,0,4,70,1,1,0
5.54,63046,31.46,0.149,0.954,0,13,1548,1,0,0
11.89,24334,9.11,0.074,0.662,1,4,2583,0,0,0
4.46,46580,2.39,0.056,0.854,0,7,374,0,1,0
20.91,55889,2.44,0.126,0.813,0,14,2186,0,0,0
10.29,37804,33.32,0.167,0.814,0,10,646,1,0,0
14.13,41399,0.72,0.239,0.561,0,14,1084,0,0,0
64.87,83966,42.38,0.142,0.887,0,9,812,1,0,0
6.66,58229,11.41,0.284,0.689,0,5,2564,1,1,0
30.08,24873,5.33,0.26,0.932,1,11,222,1,0,0
29.93,81501,13.09,0.374,0.642,2,14,2678,1,0,0
21.43,6513,10.4,0.314,0.256,3,9,512,1,1,1
30.1,27432,8.04,0.358,0.862,0,6,608,0,1,0
4.55,72936,4.77,0.356,0.445,1,9,1949,0,0,0
14.19,32891,33.47,0.293,0.562,0,9,136,0,1,0
93.17,49399,53.15,0.2,0.706,0,11,1478,1,0,0
10.41,26061,22.02,0.251,0.701,0,8,513,0,0,0
102.85,34173,18.55,0.65,0.672,0,12,839,1,0,0
8.8,83049,35.15,0.185,0.591,0,6,456,1,0,0
7.99,43889,32.98,0.295,0.99,0,10,202,0,0,0
12.66,31856,0.16,0.113,0.784,0,10,125,1,0,0
66.9,55865,8.28,0.332,0.589,1,7,539,0,0,0
17.52,35295,67.21,0.262,0.578,0,9,938,0,0,0
35.74,81873,80.6,0.173,0.701,1,7,126,0,0,0
28.76,39277,17.85,0.114,0.743,0,9,802,0,1,0
25.96,43786,20.53,0.217,0.838,0,5,4539,1,1,0
75.14,70557,0.02,0.221,0.617,0,12,230,1,0,0
50.26,83838,27.89,0.131,0.586,2,11,1731,1,1,0
10.87,41298,5.97,0.384,0.672,1,10,982,1,0,0
21.75,31919,3.42,0.025,0.825,0,5,852,0,1,0
109.37,23847,9.08,0.024,0.908,0,11,1202,1,0,0
35.01,69233,27.33,0.033,0.818,0,7,313,1,0,0
8.12,36601,14.33,0.135,0.714,1,11,530,0,0,0
8.59,4450,10.73,0.139,0.677,1,5,194,1,0,0
55.26,16629,32.44,0.396,0.861,1,6,285,0,0,0
47.56,54947,42.01,0.302,0.546,0,6,53,0,0,0
12.97,80633,50.85,0.417,0.92,0,13,2749,1,0,0
49.31,58330,14.71,0.066,0.668,0,9,1514,1,1,0
97.47,72572,31.63,0.231,0.85,1,12,212,1,0,0
87.03,54455,54.12,0.247,0.516,0,12,658,1,0,0
97.85,8478,59.9,0.104,0.721,0,11,203,1,0,0
42.28,28883,16.94,0.28,0.501,0,11,391,1,1,0
23.52,11800,10.98,0.178,0.68,0,6,1183,0,0,0
19.65,62459,57.61,0.147,0.803,0,12,397,0,0,0
26.74,6839,7.58,0.33,0.729,0,10,664,1,0,0
13.45,41808,39.84,0.113,0.746,0,8,241,0,0,0
20.34,63469,59.83,0.19,0.597,0,7,653,1,0,0
75.2,334,33.65,0.072,0.694,0,6,280,1,0,0
7.48,82806,28.47,0.18,0.929,0,10,1031,1,0,0
7.9,28617,1.3,0.036,0.497,0,15,425,1,0,0
52.69,30369,5.69,0.2,1.0,0,9,676,1,1,0
20.49,17258,27.46,0.152,0.857,0,6,441,1,1,0
5.81,35334,38.45,0.071,0.785,0,5,337,1,1,0
25.81,11878,1.64,0.147,0.916,0,16,597,0,0,0
23.03,61926,0.48,0.072,0.858,0,7,1949,1,0,0
19.2,67309,9.33,0.269,0.602,0,8,462,1,0,0
46.93,3753,25.89,0.294,0.572,0,10,405,1,0,0
9.33,37274,17.94,0.034,0.67,1,9,466,1,0,0
27.4,1444,0.21,0.426,0.743,0,7,813,1,0,0
22.9,14646,4.11,0.123,1.0,0,9,284,1,1,0
27.95,6630,34.88,0.242,0.7,0,9,1757,1,0,0
6.78,57125,8.83,0.187,1.0,0,11,1338,1,1,0
17.85,66103,3.12,0.023,0.521,0,9,63,1,0,0
27.54,63579,1.31,0.137,0.785,0,9,180,1,0,0
41.8,37532,47.5,0.043,0.461,1,7,878,1,0,0
118.76,55788,15.95,0.317,0.294,0,11,456,1,0,0
51.66,32813,17.51,0.058,1.0,0,8,586,0,1,0
39.21,43812,1.58,0.198,0.897,0,7,546,0,0,0
74.98,19190,16.76,0.19,0.812,0,10,1153,0,0,0
21.26,75266,25.95,0.29,1.0,0,3,285,0,0,0
93.99,62797,3.28,0.043,0.956,0,9,994,0,0,0
66.38,19167,58.2,0.229,1.0,0,6,2256,1,0,0
18.98,23510,38.24,0.226,0.863,1,8,872,0,0,0
126.36,49912,40.47,0.135,0.987,0,7,516,0,0,0
38.77,66196,19.23,0.061,0.587,0,7,90,1,0,0
156.71,71786,10.16,0.489,0.582,0,6,87,0,0,0
34.55,49849,25.57,0.206,0.835,0,13,1116,1,1,0
17.3,73502,6.38,0.141,0.993,0,8,175,0,0,0
14.67,14833,3.68,0.146,0.741,0,7,354,0,0,0
20.4,74758,19.32,0.115,1.0,0,11,605,0,0,0
17.17,17208,16.28,0.136,0.152,0,4,30,0,0,0
74.97,66514,4.07,0.215,0.913,0,7,149,0,0,0
26.49,58647,18.9,0.096,0.999,0,8,615,1,0,0
7.45,11988,19.77,0.026,0.763,0,15,171,0,0,0
32.15,67260,51.3,0.195,0.837,2,9,886,1,0,0
29.98,59882,35.6,0.453,0.605,0,7,2744,1,0,0
18.64,71756,6.13,0.167,0.573,1,12,99,1,0,0
33.58,78789,42.58,0.155,0.991,0,6,361,1,0,0
26.17,67867,86.86,0.26,0.66,0,5,208,0,0,0
45.02,16031,31.52,0.153,1.0,0,5,1669,1,0,0
42.95,23372,38.66,0.077,0.602,0,8,1409,1,0,0
36.3,14817,7.75,0.25,0.439,0,11,80,1,0,0
9.59,24439,120.41,0.03,0.576,1,9,686,1,0,0
147.7,3217,4.85,0.447,0.662,1,11,536,1,0,0
7.81,41034,34.74,0.441,0.55,0,12,69,1,0,0
24.46,23599,12.57,0.225,0.761,0,15,172,1,0,0
11.3,29437,11.04,0.027,0.639,0,8,506,0,0,0
37.23,13888,8.39,0.278,0.993,0,10,405,0,0,0
30.29,13353,14.54,0.053,0.683,0,12,334,1,0,0
23.69,69765,39.12,0.146,0.66,0,8,103,1,0,0
91.31,23354,70.74,0.054,0.864,0,7,1924,1,0,0
65.81,52242,13.46,0.291,0.742,0,9,409,1,0,0
20.87,14187,26.37,0.135,0.482,1,10,578,1,0,0
51.59,11068,38.81,0.467,0.636,0,13,566,0,0,0
94.8,51183,2.63,0.305,0.53,1,11,71,0,0,0
65.44,44151,80.81,0.241,0.882,0,10,554,1,0,0
24.31,16257,5.94,0.076,1.0,0,11,625,1,0,0
7.6,68942,61.65,0.18,0.719,0,7,392,1,0,0
35.15,53142,107.82,0.175,0.861,0,10,1073,1,0,0
46.29,57874,2.65,0.135,0.725,0,13,2083,1,1,0
14.65,24416,55.81,0.074,0.747,1,14,170,1,0,0
27.61,45125,25.6,0.342,0.93,0,7,2090,1,0,0
25.37,8625,42.58,0.258,0.58,0,14,494,1,0,0
82.28,48530,2.89,0.163,0.601,0,5,64,1,0,0
119.47,34397,44.93,0.092,0.85,0,9,700,1,0,0
69.42,77461,24.59,0.049,0.744,0,12,636,1,0,0
25.32,81282,17.87,0.276,0.807,1,8,2357,1,0,0
67.91,22660,20.53,0.106,0.909,0,6,434,1,0,0
45.56,60637,34.11,0.079,0.582,0,9,364,1,0,0
25.54,73794,8.83,0.067,0.571,0,9,1183,1,0,0
144.59,74395,71.83,0.092,1.0,1,4,502,1,0,0
15.02,77696,9.19,0.339,0.835,0,6,2336,1,0,0
43.95,16533,52.41,0.139,0.967,0,9,3556,1,0,0
53.07,46508,0.3,0.064,1.0,0,9,132,1,0,0
21.54,29490,62.07,0.259,0.875,0,6,363,1,0,0
42.41,37478,47.69,0.203,0.258,1,8,53,1,0,0
57.77,21584,3.31,0.058,0.972,1,12,867,1,0,0
32.97,13929,33.38,0.1,0.545,0,8,704,1,0,0
39.57,14130,11.71,0.114,0.877,1,6,235,1,1,0
29.5,30457,16.34,0.131,0.586,0,9,420,1,0,0
51.32,1821,1.78,0.437,0.629,0,13,153,1,0,0
22.57,48615,5.97,0.239,0.901,1,8,175,1,1,0
21.13,41434,76.79,0.057,0.783,0,6,635,0,1,0
27.56,28200,13.53,0.233,0.729,0,10,1939,1,0,0
69.89,51692,0.66,0.205,0.474,0,7,649,1,0,0
6.7,10904,18.09,0.169,0.722,0,7,274,1,0,0
13.1,35386,131.0,0.102,1.0,0,7,1420,1,0,0
167.44,19233,10.12,0.11,0.94,0,7,1517,1,0,0
33.79,76966,3.81,0.136,0.567,2,10,1150,1,0,0
19.58,81222,25.79,0.414,0.794,0,6,330,1,1,0
51.21,15219,63.09,0.26,0.718,0,8,704,1,0,0
14.47,7893,49.0,0.331,0.715,1,9,251,1,0,0
5.04,55725,26.75,0.067,0.495,1,7,2332,1,0,0
36.01,80677,5.09,0.564,0.797,0,5,251,1,0,0
15.11,5598,38.35,0.033,0.722,0,9,286,0,0,0
29.4,26732,43.32,0.077,0.662,0,7,400,0,0,0
35.29,85408,47.35,0.096,0.967,0,9,1194,0,0,0
30.38,54644,12.94,0.233,0.501,0,5,924,0,0,0
6.91,12565,13.14,0.291,0.83,0,10,303,1,0,0
27.69,46270,4.22,0.219,0.806,0,9,243,0,0,0
38.69,43674,37.04,0.163,0.362,0,11,468,1,1,0
8.85,13332,33.41,0.28,0.975,1,11,133,1,1,0
8.04,31668,2.63,0.145,0.811,1,9,973,0,0,0
11.53,54946,0.51,0.07,0.643,0,8,959,1,0,0
160.24,57593,45.27,0.189,0.566,2,13,197,0,0,1
5.48,82478,0.44,0.076,0.963,1,14,386,1,0,0
52.66,28022,24.76,0.105,0.841,0,5,2179,1,0,0
37.1,5769,15.11,0.077,0.864,0,10,42,0,0,0
22.07,61038,37.56,0.274,0.803,0,10,2840,0,0,0
92.8,35099,30.82,0.179,0.745,2,8,921,1,1,1
14.34,78567,28.67,0.32,0.685,0,15,489,0,0,0
50.68,72360,23.86,0.135,0.75,0,11,262,1,0,0
74.1,50876,48.03,0.037,0.549,0,5,1120,1,0,0
11.88,50738,18.27,0.394,0.713,0,10,943,1,1,0
67.59,4836,32.58,0.346,0.901,0,7,1628,1,1,0
93.84,15801,146.21,0.38,0.961,4,6,119,1,1,1
26.96,35560,103.35,0.063,0.686,1,7,2133,1,0,0
15.03,22989,20.49,0.313,1.0,0,8,336,1,0,0
17.03,13453,35.01,0.142,0.766,0,8,328,1,0,0
116.55,17187,2.44,0.147,0.99,0,12,1322,1,0,0
31.27,19334,15.53,0.213,0.984,1,17,1517,1,0,0
78.56,77939,1.67,0.272,0.717,0,6,324,0,0,0
32.89,11370,3.24,0.425,0.758,1,8,905,0,0,0
18.88,1569,17.64,0.125,0.841,0,14,220,0,0,0
31.05,76977,74.77,0.473,0.375,1,10,112,1,1,1
152.36,30751,15.4,0.342,0.702,0,13,382,0,0,0
16.2,41257,17.14,0.035,0.466,0,8,1600,1,0,0
56.32,68768,4.35,0.091,0.777,0,6,1107,0,1,0
31.58,41741,11.39,0.2,0.859,1,11,66,0,1,0
8.5,37275,49.26,0.274,0.906,0,10,4566,1,1,0
8.35,41382,48.55,0.146,0.916,0,10,575,0,0,0
18.89,9309,16.86,0.303,0.914,0,8,150,0,0,0
35.8,4638,34.57,0.056,1.0,0,8,1018,1,0,0
54.75,63639,35.02,0.12,0.75,0,8,415,0,1,0
7.72,53123,1.13,0.07,0.889,0,13,620,1,0,0
45.7,7629,23.6,0.159,0.808,0,9,472,1,1,0
24.66,32520,40.81,0.269,0.578,0,12,162,1,0,0
27.18,56675,22.53,0.098,0.675,0,10,864,1,0,0
43.42,43845,19.5,0.204,0.726,0,6,613,1,0,0
109.61,57879,18.94,0.041,0.795,0,9,346,1,0,0
34.57,2265,17.73,0.4,0.735,1,9,490,0,0,0
9.16,36416,37.66,0.148,0.679,0,13,57,1,0,0
23.34,32144,25.71,0.016,1.0,0,4,2052,1,0,0
53.61,58467,6.07,0.447,0.714,0,13,1358,1,0,0
55.04,6572,14.2,0.234,0.914,0,12,42,1,0,0
46.19,65850,18.8,0.098,0.795,1,11,253,1,0,0
18.03,39001,13.57,0.158,0.772,1,10,1899,1,0,0
9.08,18870,6.78,0.233,0.767,0,6,575,1,0,0
43.45,21754,3.33,0.252,0.414,1,12,386,0,0,0
10.26,21739,3.12,0.294,0.491,1,8,1356,0,0,0
47.2,68153,8.78,0.144,1.0,0,7,68,0,0,0
47.21,49251,12.88,0.338,0.432,0,8,2163,0,0,0
18.65,58234,28.71,0.125,0.681,2,14,30,0,1,0
24.78,29669,104.85,0.169,0.638,1,8,4629,0,0,0
31.78,11724,56.91,0.307,0.858,0,9,2842,1,0,0
17.48,42381,144.15,0.432,0.687,4,8,1896,1,1,1
8.98,36811,42.01,0.178,1.0,0,6,580,0,0,0
26.28,24820,22.66,0.138,0.986,0,5,234,1,1,0
28.56,85372,7.28,0.363,1.0,0,10,2487,0,0,0
80.55,22689,15.96,0.191,0.959,0,8,168,1,0,0
14.5,11454,3.84,0.242,0.425,0,4,514,0,0,0
63.74,59513,20.89,0.108,0.549,0,17,609,0,0,0
10.83,1013,0.58,0.204,0.519,1,10,1668,1,0,0
9.25,4389,5.25,0.252,0.257,0,10,704,1,0,0
21.31,245,31.15,0.37,0.811,0,10,794,0,0,0
12.77,45027,8.1,0.281,0.855,0,4,2553,1,0,0
9.14,58551,13.62,0.203,0.92,1,8,151,0,0,0
128.44,69056,44.6,0.227,0.323,0,12,295,1,0,0
18.89,26969,1.14,0.122,0.656,1,9,1322,1,0,0
172.27,75367,0.57,0.31,0.672,1,7,2376,0,0,0
12.23,85396,6.5,0.226,0.664,1,8,813,1,1,0
6.91,56735,28.84,0.248,0.547,0,8,1294,0,0,0
76.17,76376,6.73,0.055,0.827,0,10,718,1,0,0
15.16,36363,49.82,0.205,0.649,0,8,2000,1,0,0
30.3,80472,10.84,0.158,0.636,0,7,897,0,0,0
9.17,40601,8.33,0.226,0.602,1,7,224,0,0,0
26.3,82959,6.63,0.244,1.0,0,7,194,0,0,0
9.05,39117,21.33,0.102,0.601,0,13,180,1,0,0
25.56,79341,48.5,0.372,0.68,0,9,562,1,0,0
18.56,10913,13.02,0.203,0.505,0,10,914,0,0,0
77.16,31600,6.93,0.32,0.734,4,13,171,1,1,1
44.73,24471,13.66,0.163,0.806,1,9,896,1,0,0
32.88,60103,58.79,0.111,1.0,0,5,1575,1,0,0
38.89,9178,10.18,0.348,1.0,0,9,1338,0,0,0
24.85,17343,26.66,0.098,1.0,1,11,1465,1,0,0
19.14,2252,10.0,0.376,0.823,0,9,308,1,0,0
39.49,37020,28.08,0.13,0.455,0,7,741,1,1,0
24.8,21918,53.22,0.192,0.562,1,7,359,1,0,0
64.59,21310,11.0,0.774,0.866,1,12,759,0,1,1
37.27,65834,73.65,0.137,0.734,0,6,692,0,0,0
11.86,81938,23.0,0.211,0.652,0,9,2121,1,1,0
85.09,65079,92.1,0.386,0.833,0,8,213,0,0,0
22.21,61482,32.16,0.232,0.949,1,6,992,1,0,0
29.94,31023,26.45,0.103,0.762,1,8,1430,0,0,0
26.16,81185,44.27,0.222,0.741,0,13,110,0,0,0
45.7,32109,0.28,0.031,0.72,1,12,2981,1,0,0
35.56,49776,7.43,0.06,0.959,0,10,1821,1,0,0
26.05,17536,6.09,0.047,0.822,1,9,1717,0,0,0
44.11,66834,56.44,0.636,0.327,3,7,421,1,1,1
2.09,32000,69.43,0.124,0.645,0,6,131,1,0,0
73.27,82295,3.51,0.073,0.875,0,7,182,1,0,0
56.61,54359,7.62,0.142,0.909,1,10,1277,0,0,0
6.24,66918,10.21,0.157,0.614,1,9,864,0,0,0
57.02,71136,24.5,0.452,0.819,0,10,228,1,0,0
63.23,75035,36.47,0.341,0.836,0,12,972,1,1,0
42.5,46892,23.2,0.163,0.801,0,11,708,1,0,0
7.79,41442,34.55,0.483,0.827,0,8,2285,1,0,0
46.81,81127,12.86,0.262,0.649,1,9,634,0,0,0
60.69,70699,136.69,0.086,0.644,0,3,330,0,0,0
17.15,74646,4.66,0.136,0.924,0,12,166,1,1,0
38.59,55373,12.76,0.09,0.644,0,14,1324,1,0,0
20.44,51517,44.62,0.164,0.629,0,10,778,1,0,0
55.05,10382,7.08,0.264,0.619,0,7,83,1,0,0
21.1,40863,34.74,0.231,0.92,1,6,644,1,0,0
17.05,53763,11.32,0.211,0.916,2,9,1003,1,0,0
26.27,59391,4.89,0.351,0.953,1,13,1130,0,1,0
9.27,55165,12.91,0.102,0.691,0,7,190,1,0,0
24.27,5918,38.4,0.408,0.524,1,11,928,1,0,0
36.22,46906,2.97,0.123,0.64,1,8,271,0,0,0
54.38,67270,18.15,0.056,0.606,0,11,84,1,0,0
33.09,67072,33.81,0.191,0.599,0,6,2597,1,0,0
8.62,59716,34.82,0.203,0.676,0,13,3068,0,0,0
79.98,75277,12.34,0.081,0.653,0,10,236,0,0,0
85.54,66781,15.7,0.504,0.656,0,9,198,1,0,0
29.67,35301,48.58,0.192,0.82,0,11,318,0,1,0
14.86,50966,5.84,0.198,0.544,0,6,89,0,0,0
17.72,36294,122.63,0.379,0.719,0,14,276,1,0,0
23.04,74859,13.59,0.09,0.549,0,10,176,1,1,0
33.88,78193,8.06,0.159,0.7,1,10,1440,0,0,0
21.25,80501,0.07,0.055,0.63,0,7,275,0,0,0
13.64,27535,3.34,0.24,0.695,1,10,770,1,0,0
61.46,53640,35.32,0.284,0.788,1,7,383,0,0,0
33.31,65510,26.19,0.305,0.81,0,5,687,1,0,0
11.68,53366,7.08,0.405,0.457,0,12,926,1,0,0
34.23,15868,65.43,0.242,0.794,0,9,1847,1,1,0
30.86,18157,45.15,0.204,0.464,1,8,359,0,1,0
15.26,45409,7.84,0.129,1.0,1,7,981,0,0,0
70.53,43964,10.02,0.24,0.274,0,9,626,0,0,0
30.2,83500,5.11,0.182,0.729,0,6,1376,0,0,0
22.8,9862,25.72,0.356,0.511,1,6,1138,0,0,0
25.36,81208,30.19,0.366,0.715,0,10,574,1,0,0
38.67,8178,12.6,0.144,0.54,1,10,1028,1,0,0
25.59,1087,33.41,0.043,0.907,0,5,58,1,0,0
25.42,14593,119.39,0.221,0.729,0,9,438,0,0,0
63.61,56325,23.67,0.073,0.385,0,11,151,0,0,0
8.72,30012,26.19,0.129,0.744,0,5,678,1,0,0
9.96,3489,11.7,0.167,0.805,1,9,1309,1,0,0
50.48,78105,0.27,0.319,0.838,0,9,1507,0,0,0
187.29,73547,76.94,0.168,0.57,1,4,1337,0,0,0
54.66,64915,37.0,0.193,0.799,0,10,737,1,0,0
120.47,2489,29.73,0.394,0.713,0,9,207,0,0,0
19.15,39277,0.76,0.112,0.712,0,7,1506,1,0,0
16.29,47458,35.58,0.378,0.77,0,7,1123,1,0,0
39.06,44341,27.72,0.191,0.578,2,9,331,1,0,0
58.14,58780,21.04,0.116,0.558,0,5,488,1,0,0
9.49,49967,24.43,0.172,0.785,0,8,3076,1,0,0
22.86,46053,62.64,0.133,0.79,0,6,473,1,0,0
26.53,8030,0.17,0.065,0.623,0,9,71,1,0,0
15.75,57575,4.27,0.234,0.768,0,13,2163,1,0,0
17.29,40025,56.29,0.331,1.0,0,7,802,1,0,0
53.22,44615,0.21,0.275,1.0,0,9,3070,0,0,0
39.48,37252,58.49,0.239,0.698,1,9,202,1,0,0
51.35,34099,0.75,0.354,0.748,0,11,724,1,1,0
35.5,34048,37.78,0.179,0.689,0,7,1343,0,1,0
13.48,35189,55.39,0.068,0.676,0,11,379,1,0,0
38.03,11815,23.7,0.058,1.0,0,9,2443,0,0,0
12.66,83325,25.64,0.36,0.519,1,11,194,1,0,0
21.13,56755,1.3,0.323,0.602,2,9,561,0,0,0
11.83,42847,5.92,0.339,0.581,0,12,33,0,0,0
16.63,59526,57.43,0.161,0.894,0,9,342,0,0,0
29.15,8084,43.39,0.289,0.861,0,14,2889,1,0,0
18.8,8742,1.53,0.123,0.778,1,3,239,1,0,0
13.38,71663,41.91,0.385,0.763,0,6,155,0,0,0
67.37,29227,13.77,0.297,0.733,0,9,225,1,0,0
882.92,4074,128.44,0.363,0.41,2,8,563,0,0,1
17.77,54584,2.87,0.22,0.36,0,11,291,1,0,0
11.41,44326,12.71,0.113,0.786,0,13,629,1,0,0
6.06,5653,14.27,0.077,0.816,0,7,893,0,0,0
22.7,20636,27.68,0.173,0.664,2,13,2040,1,0,0
9.0,71469,26.79,0.131,0.889,0,8,2942,1,0,0
47.92,46531,19.9,0.012,0.508,0,7,433,1,0,0
27.76,24776,0.8,0.204,0.622,1,9,1644,1,0,0
94.32,23940,4.4,0.444,0.82,0,9,408,1,0,0
32.41,69431,4.37,0.174,0.654,1,9,1469,1,0,0
15.16,25922,54.67,0.379,0.98,0,8,417,0,1,0
6.03,69976,58.0,0.268,0.92,0,14,2107,0,0,0
51.69,67999,41.06,0.172,0.906,1,6,519,1,0,0
9.59,84064,4.81,0.068,0.859,0,7,5531,0,0,0
19.56,55249,45.84,0.056,0.849,1,10,65,1,0,0
103.47,74348,5.19,0.307,0.371,0,8,994,0,0,0
44.2,1777,20.22,0.199,0.662,0,6,1923,1,0,0
37.04,36648,33.09,0.098,0.614,0,11,1330,0,0,0
57.71,17516,1.32,0.098,0.353,0,8,1422,1,0,0
56.02,47626,22.78,0.356,0.573,0,5,132,1,1,0
96.04,17338,7.23,0.087,0.64,0,3,80,0,0,0
16.75,47198,17.22,0.167,0.836,1,11,2955,1,0,0
20.06,16515,12.11,0.105,0.808,0,8,996,1,0,0
12.96,604,29.01,0.127,0.682,0,6,462,0,0,0
26.41,83320,16.79,0.161,0.877,0,10,190,1,0,0
24.39,76994,8.98,0.045,0.731,0,9,623,1,0,0
6.66,45313,60.3,0.357,0.556,1,14,268,1,0,0
16.07,71983,79.89,0.178,0.71,0,11,1545,0,0,0
85.74,68084,40.48,0.038,0.48,0,9,1283,1,0,0
32.96,47683,21.73,0.207,0.974,0,13,2477,1,1,0
48.05,77611,53.94,0.047,0.804,0,8,1982,1,0,0
24.62,63677,23.01,0.209,0.883,0,5,488,1,0,0
5.99,22143,4.03,0.152,0.686,0,10,724,1,0,0
24.46,34653,0.44,0.131,0.828,0,10,811,1,0,0
62.39,65874,32.36,0.445,0.685,0,8,567,0,0,0
10.5,26642,34.91,0.113,0.791,1,15,969,1,1,0
49.29,71339,65.03,0.292,0.783,0,7,104,0,0,0
6.95,6558,43.47,0.211,0.499,1,8,1062,1,0,0
27.55,63549,25.51,0.12,0.749,1,11,72,1,0,0
41.91,66446,5.28,0.012,0.638,1,8,3077,0,1,0
21.12,13010,22.54,0.435,0.813,0,8,922,1,0,0
195.97,20654,14.26,0.182,0.956,0,10,975,0,0,0
18.27,5500,6.6,0.306,1.0,1,10,443,0,1,0
17.07,28662,40.13,0.091,1.0,0,8,176,0,0,0
64.63,37382,142.82,0.412,0.411,3,6,258,1,1,1
14.82,73960,24.88,0.087,0.885,0,7,257,1,0,0
8.56,31460,23.59,0.205,1.0,0,9,1121,1,1,0
11.27,41784,9.05,0.152,0.994,0,15,1425,1,0,0
49.72,57468,14.02,0.347,0.64,0,8,219,1,0,0
21.24,77384,3.1,0.115,0.75,0,5,4141,1,1,0
105.81,33465,0.65,0.116,0.748,0,5,810,1,0,0
19.05,82981,0.33,0.328,0.801,0,9,659,1,0,0
47.87,61439,4.79,0.084,1.0,0,12,145,0,0,0
40.8,42966,50.43,0.048,0.939,0,9,336,1,1,0
18.82,1611,18.49,0.167,0.626,0,7,639,1,0,0
13.42,24716,3.11,0.388,0.879,0,6,1294,0,0,0
6.78,36960,58.98,0.046,0.857,1,8,428,1,0,0
42.2,36431,21.03,0.08,1.0,0,9,1454,1,0,0
70.71,11519,0.71,0.397,0.861,2,10,2239,0,0,0
7.6,66913,35.96,0.41,0.687,1,10,319,0,0,0
20.16,61384,16.03,0.201,0.967,0,7,966,0,0,0
15.9,14313,19.03,0.094,1.0,0,8,247,0,0,0
42.14,23539,23.75,0.123,0.699,0,5,179,0,0,0
20.84,23002,2.48,0.061,0.57,1,10,892,0,0,0
78.13,75278,73.79,0.11,0.744,1,17,519,1,0,0
19.94,79714,7.37,0.301,0.891,1,7,526,0,0,0
10.08,60189,24.31,0.187,0.628,0,15,420,0,0,0
18.63,11631,48.37,0.309,0.852,0,9,3174,1,0,0
20.35,2312,10.08,0.076,0.69,0,9,443,0,0,0
41.3,65314,24.69,0.189,0.404,0,10,2378,1,0,0
20.11,74032,112.47,0.224,0.66,1,12,174,1,0,0
38.55,65119,47.73,0.134,0.74,0,14,385,0,0,0
14.41,70415,37.77,0.31,1.0,0,6,1006,1,0,0
21.42,83231,14.46,0.314,0.59,0,11,176,0,0,0
14.47,76568,15.0,0.041,0.668,0,9,173,1,0,0
13.77,61476,16.62,0.162,0.743,0,10,2121,1,1,0
75.18,40610,29.31,0.359,0.838,0,9,347,0,1,0
15.3,73863,3.9,0.22,0.741,0,11,180,1,0,0
20.53,6631,49.34,0.165,0.955,0,5,208,0,0,0
62.53,52464,0.46,0.129,0.493,0,10,779,1,0,0
49.4,52003,4.66,0.095,1.0,0,7,402,1,1,0
100.78,31349,16.44,0.105,0.766,0,14,1042,0,0,0
39.89,19416,7.26,0.296,0.658,1,5,304,1,1,0
16.77,31057,11.38,0.117,0.574,0,9,1797,1,0,0
140.57,84326,10.11,0.177,0.533,0,10,551,0,0,0
43.19,61321,7.83,0.118,0.673,0,10,1194,0,0,0
23.96,59648,11.96,0.221,0.709,0,9,45,1,0,0
28.39,24003,17.59,0.045,0.838,0,6,34,1,0,0
31.29,63690,16.17,0.147,0.677,0,10,1451,1,0,0
22.43,30974,41.77,0.315,0.689,0,5,460,0,0,0
9.02,44127,9.21,0.084,0.896,0,6,486,1,1,0
99.62,7886,8.28,0.218,0.526,0,11,627,0,0,0
26.64,33394,17.55,0.076,0.852,0,15,764,1,0,0
31.4,82207,1.23,0.198,1.0,0,5,731,1,0,0
142.95,5886,2.96,0.095,0.723,0,8,892,1,1,0
15.7,19091,40.62,0.127,0.63,0,12,1182,0,0,0
45.8,67639,17.02,0.495,0.762,0,11,1303,1,0,0
14.38,59391,1.72,0.232,0.687,0,9,2789,1,0,0
35.05,35149,14.51,0.446,0.581,0,9,1041,1,0,0
31.86,34402,12.7,0.239,0.899,0,6,1032,1,0,0
51.03,80681,7.06,0.376,0.435,0,11,653,0,0,0
71.27,15176,11.63,0.282,0.633,0,10,1982,1,0,0
17.05,26171,5.22,0.121,0.382,0,9,177,0,0,0
84.21,11447,14.9,0.241,0.421,0,11,1066,1,0,0
30.4,13096,355.31,0.245,0.631,2,8,404,1,0,1
22.2,12291,23.38,0.19,0.971,0,13,783,1,0,0
26.97,76210,71.23,0.304,0.746,1,5,565,1,0,0
18.26,62976,5.13,0.126,0.986,0,9,571,1,0,0
21.23,20446,13.51,0.257,0.782,1,7,372,1,0,0
10.35,38281,20.65,0.115,0.787,0,9,154,1,0,0
50.5,40800,19.8,0.122,0.505,0,6,353,1,0,0
5.26,21667,27.07,0.176,0.597,0,8,389,1,0,0
15.52,55081,7.8,0.031,1.0,0,8,963,1,0,0
26.13,58338,25.17,0.157,0.836,1,10,2286,1,0,0
76.7,66937,5.62,0.095,0.962,0,3,372,1,0,0
17.53,55343,3.35,0.133,0.797,0,11,262,1,1,0
38.18,50705,44.54,0.095,0.706,1,14,920,1,0,0
25.41,6744,16.05,0.125,0.91,1,13,2845,0,0,0
57.75,27451,12.66,0.171,0.932,0,14,1448,0,0,0
36.62,11419,65.96,0.521,0.56,1,9,228,0,0,0
52.68,64180,30.93,0.047,0.897,0,10,479,1,0,0
17.45,36338,28.26,0.144,0.755,0,9,256,1,0,0
60.45,46088,2.59,0.399,0.233,3,16,179,1,1,1
36.37,41619,5.87,0.267,0.989,1,10,271,0,0,0
18.35,62937,16.5,0.433,0.809,0,7,64,1,0,0
27.78,17348,26.41,0.286,0.618,0,6,128,1,0,0
34.95,81831,12.57,0.098,0.783,2,7,227,0,0,0
73.22,72902,1.66,0.169,0.93,0,2,219,1,0,0
50.87,84050,28.72,0.304,0.764,1,8,173,1,0,0
15.72,81489,37.15,0.106,0.791,0,12,112,0,0,0
10.85,44174,72.2,0.227,0.877,1,8,1987,1,0,0
106.26,37734,13.14,0.632,0.868,1,9,287,1,0,0
7.64,85426,7.46,0.204,1.0,0,8,100,1,0,0
18.88,7719,65.03,0.142,0.68,0,6,1690,1,0,0
45.43,41188,31.39,0.232,0.676,0,10,412,1,0,0
100.59,17402,1.65,0.196,0.938,1,9,709,1,0,0
23.3,74948,21.69,0.224,0.943,0,11,521,1,0,0
27.71,32228,0.72,0.317,0.626,1,6,784,1,0,0
13.46,68415,6.42,0.23,0.827,0,7,78,1,1,0
30.0,46982,1.84,0.116,0.62,0,9,204,1,0,0
10.8,36125,5.73,0.189,0.991,0,9,1500,1,0,0
14.88,47562,16.83,0.276,0.844,0,5,108,1,0,0
49.95,32307,8.88,0.204,0.658,1,6,75,1,0,0
19.17,81764,2.3,0.119,0.538,0,14,710,1,0,0
56.48,5734,16.45,0.194,0.487,0,3,98,0,0,0
23.98,44064,30.82,0.173,0.759,0,10,637,1,0,0
9.07,34314,1.36,0.069,0.96,0,7,102,1,0,0
194.21,79227,30.43,0.351,0.26,0,13,1235,1,1,1
9.47,67147,26.47,0.363,0.959,0,10,267,1,1,0
16.75,3977,18.32,0.189,0.88,0,9,1138,1,0,0
23.11,37875,12.62,0.108,0.907,0,9,525,1,0,0
60.62,53301,12.49,0.206,0.581,0,13,1070,1,0,0
10.35,37380,143.35,0.358,0.42,3,8,195,1,0,1
12.92,24046,3.07,0.146,0.617,1,10,531,1,0,0
30.88,43287,2.06,0.232,0.844,0,5,303,1,0,0
22.85,20895,9.23,0.172,0.865,0,6,1001,1,0,0
18.65,14325,27.5,0.456,0.752,0,12,479,1,0,0
32.24,24781,8.51,0.155,1.0,0,12,857,0,0,0
10.35,14226,41.82,0.327,0.814,0,6,605,0,0,0
6.84,20247,11.96,0.167,0.986,0,7,830,1,0,0
150.05,16501,24.94,0.201,0.695,0,4,163,1,0,0
29.47,51679,14.14,0.304,0.763,0,13,42,1,1,0
31.17,36529,17.22,0.03,0.5,2,6,1720,1,0,0
14.5,76628,7.2,0.336,0.921,1,10,2348,0,0,0
55.6,21874,18.03,0.019,0.678,0,13,344,1,0,0
17.69,39139,2.93,0.259,0.476,0,10,866,0,0,0
2.92,79128,12.23,0.056,0.706,0,8,399,0,0,0
17.23,27277,14.87,0.238,0.769,0,14,332,1,0,0
21.65,38471,30.43,0.211,0.923,2,6,877,1,0,0
23.66,42008,12.78,0.205,0.682,0,11,1073,1,0,0
23.12,55382,27.37,0.173,0.946,0,9,4333,1,0,0
16.18,29882,4.8,0.095,0.764,0,12,440,0,1,0
14.98,68536,0.64,0.138,0.785,1,9,843,0,0,0
61.95,64495,64.5,0.472,0.262,3,11,322,1,1,1
7.27,5515,16.06,0.253,0.817,0,8,744,1,0,0
13.77,51377,17.68,0.411,0.174,3,9,1657,1,1,1
29.33,43147,9.41,0.268,0.823,0,8,2325,0,0,0
29.72,55139,0.76,0.112,0.718,0,10,526,1,1,0
54.79,12719,32.14,0.352,0.65,0,11,893,0,0,0
22.1,29039,71.27,0.095,0.27,0,10,90,1,0,0
10.43,70398,12.53,0.106,1.0,1,5,110,1,0,0
5.74,43060,23.61,0.133,0.728,0,9,1479,0,0,0
13.3,78490,19.67,0.07,0.706,0,8,316,1,0,0
38.02,23912,20.87,0.234,0.668,0,10,337,0,0,0
85.9,69318,50.51,0.405,0.743,0,7,48,1,1,0
28.31,43092,33.33,0.16,1.0,0,6,218,0,0,0
10.27,20405,36.72,0.314,0.827,0,9,45,1,0,0
13.41,14016,2.36,0.063,0.733,0,3,1043,1,0,0
13.75,64472,3.97,0.154,0.49,1,9,73,1,0,0
19.59,10269,27.21,0.268,0.415,0,7,857,1,0,0
66.47,74898,19.44,0.267,0.615,0,5,2028,1,1,0
70.75,13115,37.21,0.063,0.927,0,5,228,0,0,0
23.62,16974,2.44,0.117,0.891,0,12,37,0,0,0
31.39,72727,20.9,0.367,0.85,1,14,650,0,0,0
14.32,60835,16.64,0.662,0.745,0,14,295,1,0,0
6.9,2224,48.22,0.084,0.849,0,11,767,0,0,0
113.37,5333,5.18,0.215,0.768,0,11,2444,1,0,0
4.23,64806,10.72,0.539,0.993,0,7,521,1,0,0
6.24,63239,4.08,0.079,0.944,1,4,746,1,0,0
114.11,27215,15.02,0.326,0.562,0,14,351,1,1,0
27.48,53997,53.3,0.189,0.83,0,7,1264,0,0,0
11.02,44228,27.74,0.053,0.488,2,8,223,1,1,0
46.81,4904,34.09,0.163,1.0,0,5,180,1,0,0
75.18,4898,46.43,0.374,0.349,1,9,215,1,1,1
9.34,51647,15.04,0.182,0.978,0,14,398,0,0,0
17.7,85521,45.61,0.423,0.767,0,10,422,0,0,0
54.65,12052,45.42,0.303,0.565,0,6,298,0,0,0
14.1,64809,110.61,0.139,0.56,0,12,246,1,0,0
33.98,75584,18.67,0.251,1.0,0,12,413,0,0,0
84.76,34768,0.05,0.348,0.788,1,9,2755,0,0,0
4.0,4572,57.33,0.512,0.781,0,9,69,1,0,0
20.64,31443,78.2,0.359,0.331,1,4,1405,1,0,0
33.43,6896,65.69,0.07,1.0,0,11,225,0,1,0
6.46,5233,36.95,0.405,0.647,1,10,118,1,0,0
17.75,12644,5.95,0.048,0.813,0,11,214,1,0,0
62.53,31142,3.74,0.089,0.49,0,7,836,1,0,0
15.43,2364,30.17,0.228,0.856,1,10,127,0,0,0
8.27,24507,3.78,0.187,0.769,0,5,47,1,0,0
67.0,38596,76.61,0.355,0.848,0,7,363,1,1,0
38.69,1210,14.76,0.319,0.688,0,14,486,1,0,0
25.66,15625,0.78,0.269,0.863,0,11,350,1,1,0
25.06,72382,4.08,0.154,0.476,0,8,985,1,0,0
61.72,43973,8.58,0.088,0.765,0,7,1341,1,0,0
34.32,83718,30.41,0.071,0.726,0,6,1718,0,0,0
45.44,13146,33.42,0.026,1.0,1,9,1323,1,0,0
15.58,73769,5.99,0.089,0.705,1,11,522,1,0,0
5.85,1748,26.14,0.133,0.701,0,10,2873,1,0,0
44.59,78935,0.81,0.095,0.724,0,6,3568,0,0,0
65.41,44186,2.71,0.222,0.768,0,10,850,0,0,0
22.65,55589,19.14,0.11,0.442,0,7,601,1,0,0
55.16,72449,30.42,0.104,0.723,0,11,188,1,0,0
20.74,3777,61.44,0.225,0.717,0,9,162,1,0,0
25.22,62757,14.4,0.093,0.525,0,7,111,1,0,0
110.16,30161,3.19,0.064,0.968,1,11,139,1,0,0
21.47,24169,66.12,0.278,0.948,0,11,497,0,0,0
20.48,12483,14.38,0.119,0.505,0,7,564,0,0,0
6.07,39787,17.2,0.292,0.949,0,10,717,0,0,0
47.09,83687,48.18,0.137,0.754,0,5,1026,1,1,0
15.37,29106,22.03,0.322,0.739,1,9,560,0,1,0
30.5,42715,8.97,0.056,0.697,1,6,737,1,0,0
21.07,80733,19.46,0.275,0.867,0,11,193,0,0,0
18.98,44823,24.51,0.169,0.666,1,9,554,0,0,0
24.68,54563,55.14,0.257,0.603,0,10,807,1,0,0
26.24,45536,6.69,0.157,1.0,0,6,141,0,0,0
69.47,65417,20.49,0.099,0.807,0,8,1290,0,0,0
91.48,56303,63.3,0.022,0.869,0,6,112,1,0,0
45.63,22292,1.16,0.036,1.0,2,8,346,1,0,0
74.98,32566,5.41,0.074,0.808,0,9,171,1,1,0
53.69,55514,10.63,0.423,0.831,0,8,1408,1,0,0
40.27,55156,28.37,0.247,0.866,0,14,1227,1,1,0
86.84,69346,46.1,0.266,0.602,0,8,390,0,1,0
9.52,22485,5.55,0.339,0.688,0,4,2028,1,0,0
15.68,826,7.08,0.139,0.719,2,14,1437,1,0,0
14.06,85923,43.33,0.315,0.995,0,12,996,0,0,0
21.3,30537,4.01,0.039,1.0,0,15,221,1,0,0
46.93,8481,7.57,0.113,0.878,0,13,173,0,0,0
11.11,20981,32.98,0.106,0.858,0,8,352,0,0,0
40.54,73212,4.54,0.176,0.613,1,8,1102,1,0,0
16.95,31109,44.01,0.197,0.644,0,9,428,0,0,0
20.54,74381,16.86,0.22,0.375,1,8,545,1,0,0
31.83,68666,14.84,0.16,0.886,0,9,397,1,0,0
104.06,1080,3.63,0.403,0.702,1,6,174,1,0,0
15.33,35876,28.46,0.076,0.48,0,4,164,1,0,0
25.43,52921,53.85,0.038,0.828,1,6,803,1,0,0
11.44,41426,29.45,0.259,1.0,1,12,264,1,0,0
15.22,21279,9.53,0.097,0.829,0,10,311,0,0,0
11.36,63613,30.0,0.344,0.839,0,6,337,1,0,0
32.98,14036,17.83,0.327,0.841,0,9,927,1,0,0
38.1,48464,48.06,0.206,1.0,0,5,2029,1,0,0
46.98,24252,15.39,0.115,0.845,1,9,1583,1,0,0
14.84,2027,6.77,0.081,0.995,0,12,487,1,0,0
40.71,60600,2.67,0.223,0.931,0,12,397,1,0,0
29.68,85612,8.25,0.269,0.287,1,8,111,1,0,0
25.89,44375,20.73,0.395,0.808,0,4,2480,0,1,0
10.04,79835,4.66,0.189,0.755,0,13,277,1,0,0
30.65,18636,1.01,0.063,1.0,0,8,263,1,0,0
31.44,61897,14.89,0.135,0.735,0,10,666,1,0,0
29.41,60078,10.67,0.065,0.62,0,7,168,1,0,0
37.34,50406,13.64,0.322,1.0,0,7,118,1,0,0
47.26,59130,15.13,0.018,0.809,0,5,526,1,0,0
11.26,77863,36.32,0.133,0.892,1,6,420,1,0,0
22.8,58091,81.06,0.157,0.578,0,10,862,1,0,0
40.96,63762,7.6,0.145,0.864,0,10,3077,1,0,0
68.56,26198,97.56,0.458,0.491,0,12,1509,0,0,1
58.41,64239,6.48,0.153,0.568,1,12,856,1,0,0
29.14,33123,35.16,0.283,0.832,0,5,225,1,0,0
5.67,55450,28.59,0.105,0.812,0,9,368,0,0,0
53.07,68275,1.34,0.246,0.735,0,6,4366,1,0,0
24.69,79926,32.27,0.429,0.657,0,12,896,1,1,0
6.58,58059,57.85,0.225,0.828,0,9,461,0,0,0
22.16,36698,66.56,0.107,0.859,0,9,1975,1,0,0
9.83,24032,28.89,0.357,0.688,0,9,1008,0,0,0
49.53,5258,38.61,0.407,0.956,0,10,122,1,0,0
26.35,12517,1.86,0.119,0.689,0,11,3104,1,0,0
12.95,60737,4.4,0.206,0.57,0,9,1101,0,0,0
51.87,71793,7.61,0.316,0.862,0,8,477,1,0,0
39.13,31135,18.95,0.157,0.721,0,7,204,0,1,0
22.45,38871,12.2,0.444,0.903,0,9,778,1,0,0
10.01,54284,26.76,0.278,0.184,0,8,864,1,0,0
13.82,42642,14.75,0.13,0.659,0,6,208,1,0,0
13.65,30644,37.29,0.497,0.619,0,11,2108,1,0,0
49.26,58790,31.26,0.076,0.888,0,8,726,0,0,0
7.07,39956,34.39,0.114,0.661,2,6,1752,1,0,0
26.11,42479,44.13,0.233,0.449,0,5,1399,0,0,0
22.19,4310,44.93,0.036,0.52,1,10,1270,1,1,0
62.08,21382,37.8,0.214,0.459,0,7,1248,1,0,0
32.66,74067,1.71,0.104,0.82,0,8,1003,0,1,0
41.6,8303,24.4,0.131,0.761,0,8,52,0,0,0
17.81,61821,0.5,0.025,0.644,1,15,624,1,0,0
10.13,29773,34.04,0.131,0.637,0,7,281,0,0,0
20.9,52889,1.58,0.162,0.345,0,12,1401,0,0,0
50.49,69717,102.18,0.062,0.902,2,4,1072,1,0,0
50.4,66019,23.8,0.177,0.816,0,12,2527,1,0,0
19.21,78297,5.02,0.101,0.889,0,4,911,1,1,0
13.62,25456,15.79,0.131,0.686,0,8,42,0,0,0
11.64,52254,43.81,0.147,0.85,0,10,95,1,0,0
24.31,40295,4.96,0.393,0.781,0,10,283,1,0,0
30.24,79171,19.24,0.37,1.0,0,10,1500,0,0,0
88.11,82087,0.09,0.053,0.813,1,8,393,0,1,0
29.92,40218,38.83,0.301,0.671,0,10,897,0,1,0
44.3,24412,5.41,0.194,0.664,0,14,1865,1,0,0
56.56,3291,26.79,0.468,0.806,2,13,340,0,1,1
28.03,67271,18.89,0.011,0.643,1,7,634,1,0,0
30.33,78190,3.91,0.112,0.505,1,9,657,1,0,0
24.23,7280,65.32,0.121,0.584,0,6,1113,0,1,0
26.64,75276,15.82,0.151,0.664,1,10,720,0,0,0
29.99,49998,6.59,0.101,0.947,1,5,540,0,0,0
39.84,43912,33.21,0.16,0.582,0,8,556,0,1,0
69.08,48052,56.16,0.242,0.718,0,5,1674,0,0,0
4.43,887,60.95,0.089,0.72,0,9,173,1,0,0
66.09,22891,14.1,0.257,0.709,0,6,1496,0,1,0
6.9,9503,11.14,0.176,1.0,0,10,1162,1,1,0
34.71,20437,66.22,0.294,0.813,0,12,589,1,0,0
178.48,35894,1.36,0.212,0.377,0,7,339,0,0,0
26.21,11506,34.71,0.189,0.44,0,12,3012,0,0,0
31.31,59544,4.89,0.229,0.836,0,8,1858,1,0,0
21.15,4264,15.66,0.132,0.5,0,7,59,1,1,0
46.24,1817,76.81,0.248,0.844,1,7,2979,0,1,0
36.23,54172,21.76,0.213,0.794,0,9,392,0,0,0
15.79,52095,18.53,0.54,0.722,0,11,93,0,0,0
24.74,30033,1.59,0.13,0.646,0,6,573,1,0,0
11.08,38947,8.12,0.211,0.79,0,13,225,0,1,0
24.65,23251,0.08,0.173,0.625,1,14,381,1,0,0
19.39,3936,51.99,0.18,0.667,0,10,3524,1,0,0
30.24,79187,25.88,0.362,0.615,0,16,434,1,0,0
42.48,15490,52.47,0.349,0.036,1,7,228,1,0,1
22.84,38970,11.29,0.085,0.752,0,5,396,1,0,0
27.3,28321,41.71,0.033,0.746,0,7,676,1,0,0
28.87,28421,3.78,0.088,0.878,0,6,1208,0,0,0
33.77,85662,6.54,0.222,0.463,0,16,2121,1,0,0
23.59,58527,19.49,0.135,0.554,0,10,710,1,1,0
14.45,52009,3.91,0.364,0.593,0,14,2952,0,1,0
28.95,26952,12.06,0.227,0.772,0,12,1420,1,0,0
23.5,76333,100.61,0.098,0.475,0,8,576,0,0,0
61.54,71023,19.62,0.139,0.676,0,5,432,1,1,0
68.07,21466,30.23,0.291,0.992,1,9,1465,1,0,0
9.05,41303,27.21,0.163,0.618,0,7,1345,0,0,0
44.42,23863,5.95,0.316,0.671,0,10,2128,1,0,0
52.15,38833,46.79,0.125,1.0,1,11,331,0,0,0
9.24,25210,3.25,0.157,0.502,0,7,397,1,0,0
43.1,20761,63.65,0.15,0.462,0,7,1674,1,0,0
55.52,48177,6.09,0.01,0.681,0,15,1458,1,0,0
12.68,52075,77.39,0.079,0.808,0,11,1714,1,0,0
22.44,13647,39.98,0.261,0.712,1,10,214,0,0,0
31.47,83248,4.69,0.013,1.0,1,8,483,1,1,0
42.79,54519,4.37,0.358,0.72,0,9,62,1,0,0
12.3,74964,2.21,0.072,0.563,0,11,266,0,0,0
68.42,1433,7.1,0.255,0.68,0,10,2526,0,0,0
136.84,1856,230.15,0.457,0.365,0,8,236,1,1,1
78.18,59393,18.36,0.058,0.745,0,8,334,0,1,0
42.11,72397,23.76,0.304,0.757,0,11,1611,1,0,0
16.49,45797,0.79,0.071,0.906,0,6,1586,1,1,0
54.14,42830,2.08,0.133,0.65,0,12,373,0,0,0
11.73,37731,29.44,0.113,0.543,0,5,2353,1,0,0
29.72,17879,47.08,0.232,0.822,0,4,1481,0,0,0
32.81,76603,11.13,0.329,0.746,0,8,468,1,0,0
29.91,24664,70.47,0.14,0.772,6,8,872,0,1,1
13.85,83848,9.22,0.056,0.465,0,17,1200,0,0,0
18.23,58382,13.28,0.427,0.406,0,17,469,0,1,0
30.01,11428,24.87,0.381,0.549,0,10,264,0,0,0
15.16,83787,13.17,0.058,0.592,0,7,850,1,1,0
33.69,80563,56.84,0.116,0.832,1,7,1387,1,0,0
16.59,78441,12.82,0.045,0.512,0,10,250,1,0,0
258.16,53057,6.51,0.138,0.552,5,6,1558,1,1,1
94.65,21913,7.14,0.314,0.452,0,11,232,0,0,0
21.37,85693,15.64,0.136,0.753,0,11,301,1,0,0
56.61,16852,38.13,0.026,1.0,0,8,1862,0,0,0
22.88,57984,50.89,0.314,1.0,1,11,1368,1,0,0
12.82,28507,5.12,0.085,1.0,0,10,782,1,0,0
19.29,41396,0.09,0.134,0.646,0,17,140,1,0,0
29.03,29725,50.89,0.218,1.0,0,8,947,0,0,0
6.49,25531,6.48,0.015,0.859,0,6,564,1,0,0
44.72,53769,43.1,0.171,0.814,1,5,52,0,0,0
29.04,61036,20.0,0.19,0.573,0,8,695,0,0,0
60.37,1685,12.94,0.333,0.553,0,11,1781,0,0,0
44.1,37700,3.97,0.451,0.531,0,16,211,1,0,0
29.84,54663,27.87,0.195,0.658,1,8,1933,1,0,0
20.4,84404,42.62,0.352,0.748,0,13,305,0,0,0
91.68,33930,15.46,0.176,0.846,0,7,2189,0,1,0
153.84,80537,14.78,0.163,0.9,0,9,830,1,0,0
20.67,29330,35.19,0.068,0.457,0,9,114,0,0,0
62.42,53161,17.33,0.218,0.623,1,12,1523,1,1,0
15.4,78600,38.5,0.155,0.95,0,10,1187,0,0,0
16.94,47633,1.39,0.312,0.665,0,5,1218,0,1,0
19.91,14472,48.73,0.121,0.747,1,15,243,1,0,0
46.89,33324,7.6,0.528,0.612,0,11,181,1,0,0
11.47,72085,4.63,0.164,0.916,1,7,877,0,1,0
93.69,84424,0.82,0.208,0.652,0,12,1409,0,0,0
57.41,69061,44.91,0.043,0.905,1,11,241,1,0,0
46.03,71678,1.55,0.13,0.949,0,10,2306,1,0,0
21.43,12511,77.21,0.044,0.264,1,5,1098,1,0,0
52.65,34044,20.8,0.09,0.985,0,12,901,1,0,0
2.63,72863,29.99,0.202,0.922,0,15,1776,0,0,0
38.58,75128,32.3,0.101,1.0,0,12,331,0,0,0
30.82,6287,8.66,0.163,0.591,0,11,768,1,0,0
6.0,51187,41.06,0.136,0.775,0,13,1406,1,0,0
37.52,46530,73.08,0.101,0.738,0,6,801,1,0,0
43.5,38578,11.54,0.156,0.655,0,14,1114,0,0,0
6.15,64525,45.1,0.052,1.0,1,11,734,0,0,0
10.49,64461,36.96,0.247,0.899,0,9,189,1,0,0
141.39,64477,22.27,0.088,0.848,1,17,1275,0,0,0
23.36,81328,11.46,0.423,0.685,1,6,75,0,0,0
59.18,9648,13.41,0.273,1.0,0,10,318,1,0,0
66.78,29210,9.19,0.26,0.646,1,10,150,1,0,0
37.16,63910,13.89,0.074,0.694,1,6,348,0,0,0
61.18,83272,114.21,0.224,0.612,0,11,2854,1,1,0
5.0,42844,11.29,0.093,0.31,0,11,358,1,0,0
22.55,35715,27.38,0.097,0.777,0,14,1072,1,0,0
2.31,20564,9.63,0.154,0.851,0,8,1556,1,0,0
6.71,38913,15.71,0.326,0.805,0,7,1619,1,0,0
17.52,45262,2.19,0.253,0.954,1,5,858,1,0,0
15.92,8603,36.02,0.442,0.395,0,5,249,0,0,0
28.03,14936,27.05,0.157,0.907,0,8,1681,1,0,0
26.67,28569,10.67,0.196,0.894,0,11,964,0,0,0
30.17,82040,18.6,0.322,0.844,1,12,612,1,0,0
31.18,83400,51.44,0.039,0.726,0,8,577,0,0,0
35.39,13853,1.14,0.565,0.918,1,8,325,1,0,0
12.59,40968,66.56,0.468,0.957,0,8,30,1,0,0
15.18,20791,15.91,0.323,0.925,0,7,1625,1,0,0
26.32,82419,49.09,0.143,0.698,0,6,1501,1,0,0
26.65,43657,49.42,0.267,0.987,0,10,1963,1,0,0
11.41,37008,1.51,0.086,0.718,0,11,1436,1,0,0
64.41,37264,38.04,0.369,0.832,0,10,566,0,0,0
48.42,68510,33.0,0.095,1.0,0,10,427,0,0,0
13.63,58029,1.1,0.258,0.903,0,13,797,1,0,0
22.95,22064,70.56,0.101,0.771,0,11,1266,1,0,0
135.32,66290,25.17,0.272,0.683,3,11,414,1,0,0
16.42,15084,39.14,0.211,0.722,2,10,2320,1,1,1
37.21,45841,3.28,0.028,0.845,0,11,925,0,0,0
16.66,38858,20.64,0.541,0.966,0,9,2759,0,0,0
21.11,18698,1.52,0.094,0.58,0,18,2558,1,0,0
90.84,45561,4.49,0.122,0.829,1,8,158,1,0,0
29.68,45016,74.13,0.229,0.83,1,9,938,1,0,0
25.62,18681,34.14,0.289,0.917,0,13,677,1,0,0
27.28,70070,23.76,0.267,0.947,1,9,352,0,0,0
207.74,36447,5.86,0.156,0.85,0,9,4220,0,0,0
27.99,50637,6.16,0.473,0.859,0,14,721,1,0,0
13.96,84463,14.76,0.222,0.836,0,7,46,1,0,0
16.05,41096,35.07,0.391,0.514,0,11,305,0,0,0
50.63,45228,0.1,0.212,0.848,0,7,2340,1,0,0
5.19,34817,68.26,0.252,0.607,3,8,397,0,1,1
38.88,33624,51.03,0.08,0.458,0,8,3032,1,0,0
15.19,61937,42.06,0.132,0.853,0,8,46,0,0,0
6.13,50295,29.66,0.181,0.941,0,7,312,0,0,0
12.38,2837,17.31,0.472,0.883,0,11,541,0,0,0
27.72,32120,3.92,0.318,0.776,0,6,2640,0,0,0
82.78,32688,2.7,0.347,0.797,0,6,1844,1,0,0
56.3,39753,58.95,0.195,0.497,0,10,521,0,0,0
21.44,35034,12.05,0.24,0.77,0,7,1203,0,0,0
59.01,32733,29.75,0.049,0.602,0,10,462,1,0,0
20.38,59907,15.23,0.304,0.713,0,10,1181,0,0,0
8.39,8761,32.82,0.078,0.544,0,5,321,0,1,0
27.57,82117,5.37,0.285,0.716,0,14,581,0,0,0
8.13,3445,16.57,0.299,0.683,0,6,298,1,1,0
51.07,54714,11.82,0.114,0.673,0,10,318,0,0,0
51.66,10948,7.03,0.076,0.558,0,4,3259,0,0,0
13.41,61350,22.76,0.323,0.938,0,8,2560,1,0,0
40.9,54656,186.01,0.43,0.423,0,14,139,1,1,1
30.23,23649,17.11,0.345,0.866,0,10,335,1,1,0
54.47,23855,22.36,0.048,0.741,0,9,246,1,0,0
10.01,8903,3.84,0.148,0.693,1,8,83,1,0,0
43.8,29716,11.57,0.332,0.67,0,8,318,1,0,0
9.46,74654,9.81,0.075,0.645,0,13,267,1,0,0
50.49,61113,36.65,0.071,0.74,0,10,2539,1,0,0
63.44,28950,0.91,0.187,0.72,0,9,306,0,0,0
15.87,81866,8.28,0.134,0.507,1,13,579,1,1,0
71.9,57551,62.62,0.082,1.0,0,9,785,0,0,0
7.7,62214,8.93,0.067,0.851,0,14,590,1,0,0
65.34,71039,4.12,0.052,0.656,0,8,1628,0,0,0
85.69,67888,35.4,0.025,0.516,1,4,1702,1,0,0
35.75,84695,1.23,0.181,0.347,0,8,933,1,0,0
23.19,41951,13.89,0.137,0.902,0,8,126,1,0,0
34.81,55036,48.34,0.159,0.825,0,8,252,1,0,0
16.73,36194,77.03,0.213,0.717,1,8,406,1,0,0
221.34,59422,7.16,0.112,0.784,0,4,320,1,0,0
16.96,8316,8.78,0.429,0.831,1,8,2396,1,1,0
77.78,45486,20.94,0.259,0.624,0,13,772,1,0,0
14.98,17244,6.42,0.293,0.984,1,10,136,1,0,0
97.27,1314,4.08,0.293,0.797,0,13,821,0,0,0
135.62,70090,13.88,0.046,0.851,1,9,2118,1,0,0
36.92,81741,1.87,0.169,0.748,1,6,1249,1,0,0
34.1,60230,56.16,0.144,0.83,0,9,2095,1,0,0
12.61,25936,10.17,0.083,0.9,0,8,946,0,0,0
11.47,15529,10.25,0.086,0.632,0,14,966,0,0,0
34.41,42129,39.18,0.086,0.939,0,19,247,1,0,0
87.06,73421,10.45,0.154,0.899,0,6,605,1,0,0
17.49,34341,35.77,0.207,0.828,0,11,288,1,0,0
158.59,8511,5.0,0.05,0.914,1,6,1227,1,0,0
16.64,72713,18.82,0.139,0.83,0,5,640,1,0,0
32.57,50960,36.58,0.157,0.621,1,11,473,1,0,0
32.64,43423,14.94,0.159,0.981,0,10,1789,0,0,0
25.0,62578,1.86,0.155,0.729,0,5,61,0,0,0
5.29,55379,33.38,0.267,1.0,0,10,425,0,0,0
16.52,61357,17.03,0.217,0.731,0,11,1311,0,0,0
31.81,4978,9.51,0.061,0.876,0,6,338,1,0,0
25.11,69436,123.33,0.1,1.0,0,10,2630,0,1,0
17.92,82219,102.48,0.242,0.366,1,9,277,0,1,1
49.67,2269,0.96,0.043,0.596,0,7,343,1,1,0
22.37,9125,22.51,0.146,0.68,0,9,855,1,0,0
12.55,37096,10.95,0.142,0.818,0,4,1283,0,0,0
93.56,18609,0.95,0.122,0.947,0,8,328,0,0,0
9.17,81993,0.28,0.108,0.772,0,8,165,0,1,0
31.35,56184,173.81,0.5,0.529,4,10,300,0,0,1
13.74,50521,9.65,0.391,0.887,0,11,407,0,0,0
49.26,76544,30.38,0.112,0.454,1,4,604,1,0,0
77.76,7709,15.15,0.442,0.958,0,6,639,1,0,0
23.6,26376,36.36,0.274,0.671,1,10,240,1,0,0
32.58,84768,41.92,0.053,0.726,0,11,963,1,0,0
38.21,24857,26.77,0.213,0.925,1,12,233,0,0,0
114.8,27945,13.53,0.222,0.616,0,11,47,1,0,0
6.56,49865,111.59,0.356,0.513,1,11,614,1,0,0
49.17,7465,9.16,0.228,0.897,0,11,141,1,0,0
36.64,64095,18.07,0.074,0.562,0,6,36,1,0,0
20.15,23590,18.37,0.347,0.83,0,12,3203,0,0,0
35.2,5436,13.98,0.052,0.7,0,8,440,1,0,0
93.9,73463,67.12,0.311,0.609,2,12,221,1,1,1
43.23,64814,10.92,0.274,0.917,0,10,170,1,0,0
152.44,815,6.06,0.175,0.853,0,11,483,1,0,0
30.02,50927,57.53,0.066,0.521,0,15,1603,1,1,0
27.7,10419,26.63,0.161,0.697,0,9,3624,1,0,0
23.45,74906,8.49,0.026,0.924,0,6,77,1,0,0
42.2,38044,20.85,0.244,0.841,0,11,547,1,1,0
26.43,59775,47.97,0.109,0.595,0,12,189,1,0,0
27.4,52066,68.12,0.262,1.0,0,11,394,0,0,0
27.5,40558,1.95,0.465,0.846,0,10,61,0,1,0
24.34,59675,38.65,0.029,0.447,0,2,373,1,0,0
16.66,14309,84.76,0.036,0.817,1,10,1104,1,0,0
37.88,10690,15.74,0.344,0.804,1,6,421,1,0,0
21.58,1167,135.28,0.078,0.887,0,5,41,1,0,0
44.3,30819,78.71,0.121,0.402,0,12,502,1,0,0
29.62,8448,26.74,0.259,0.882,0,10,231,1,0,0
19.9,79477,47.03,0.27,0.977,2,8,1573,1,0,0
94.81,23889,8.79,0.131,0.362,1,8,2172,1,1,0
24.98,2435,62.36,0.076,1.0,0,5,469,1,0,0
44.62,83668,22.41,0.075,0.567,1,7,1056,1,0,0
15.49,2674,17.82,0.257,0.778,0,12,123,0,0,0
5.36,35219,45.15,0.176,0.783,0,6,1307,0,0,0
17.23,53566,55.07,0.101,0.639,0,7,328,1,0,0
4.9,12754,30.2,0.028,0.508,1,8,426,1,0,0
22.43,25378,0.63,0.333,0.703,0,5,629,1,0,0
87.79,9004,22.73,0.119,0.518,1,10,806,1,0,0
13.14,80952,43.1,0.157,0.793,0,7,2096,1,0,0
5.03,14611,19.7,0.285,0.886,0,7,367,0,0,0
90.04,41457,68.28,0.083,0.554,0,13,4017,1,0,0
18.54,22427,56.9,0.062,0.902,2,14,1792,1,0,0
26.77,51704,18.86,0.352,0.933,0,13,46,0,1,0
50.94,73879,12.93,0.106,0.568,0,9,415,1,1,0
41.2,19667,1.42,0.257,0.611,0,12,4016,0,0,0
49.42,83045,25.03,0.183,0.817,0,8,607,0,0,0
55.72,72062,7.73,0.097,0.584,0,9,758,1,1,0
6.71,66933,27.6,0.161,0.787,1,7,2025,1,0,0
8.75,19196,40.08,0.311,0.865,2,9,107,1,0,0
69.2,33048,13.14,0.444,0.317,0,11,209,1,0,0
14.51,40528,0.39,0.1,0.703,0,5,2658,0,0,0
15.83,9668,50.11,0.226,0.783,0,13,194,1,0,0
9.87,49424,19.91,0.05,0.677,0,17,697,1,0,0
19.61,32313,9.45,0.008,0.371,2,8,74,0,0,0
20.5,7624,25.11,0.113,0.627,0,9,161,1,0,0
12.81,28563,28.05,0.052,0.704,0,8,675,1,0,0
11.68,64001,3.99,0.409,0.451,0,6,124,1,0,0
34.99,7506,25.99,0.258,0.757,0,7,328,0,0,0
14.21,66056,8.45,0.16,0.835,0,8,1055,1,0,0
16.69,67262,40.69,0.176,0.782,0,9,56,1,1,0
4.72,62586,70.97,0.092,0.583,0,7,1644,1,0,0
127.81,58450,2.71,0.117,0.812,1,10,990,1,1,0
57.6,5228,62.33,0.197,0.566,0,13,3068,0,0,0
18.25,7287,58.44,0.509,0.711,0,11,668,1,0,0
13.21,42435,10.5,0.241,0.867,0,10,225,1,0,0
27.35,4997,0.73,0.678,0.738,1,10,630,1,0,0
26.76,64739,27.21,0.131,0.669,1,7,830,0,0,0
9.77,38154,10.57,0.152,0.713,0,10,305,0,0,0
3.52,25492,5.32,0.042,0.94,0,9,235,0,1,0
17.8,51134,2.87,0.08,0.729,0,6,2853,0,0,0
7.76,23023,5.45,0.182,0.824,1,8,216,1,0,0
31.1,53464,6.78,0.127,0.637,0,11,132,1,0,0
31.26,69457,39.72,0.111,0.528,0,10,1134,1,0,0
12.45,85654,38.29,0.389,0.353,0,3,2591,1,0,0
17.68,18429,17.05,0.146,0.619,0,7,2807,0,0,0
111.1,59323,20.15,0.305,0.463,0,16,244,0,1,0
50.41,59665,62.47,0.144,0.719,0,18,1456,1,0,0
18.88,12019,59.66,0.083,0.658,0,5,1225,0,0,0
169.62,75580,44.1,0.079,0.892,0,11,463,1,1,0
10.41,59450,11.72,0.417,0.601,0,8,681,1,0,0
14.15,67181,11.41,0.364,0.554,0,10,267,1,0,0
24.82,3441,54.71,0.519,0.97,0,9,382,0,0,0
7.97,919,65.27,0.176,0.947,0,9,1904,1,0,0
113.55,40150,40.04,0.208,0.83,0,10,1836,0,0,0
31.39,38194,35.38,0.039,0.824,1,8,359,1,0,0
14.41,13710,20.42,0.387,0.838,0,8,964,1,1,0
38.79,85871,10.32,0.191,0.698,1,10,694,1,0,0
30.47,61439,6.88,0.055,0.355,0,6,525,1,0,0
21.25,40187,3.78,0.088,0.525,1,6,262,1,0,0
10.31,61737,32.57,0.125,1.0,1,12,2652,0,0,0
8.59,30716,37.51,0.164,0.954,0,8,245,1,0,0
155.94,52451,11.1,0.273,0.87,0,10,716,0,1,0
9.19,35626,0.15,0.056,0.713,0,17,81,0,1,0
105.46,43250,69.76,0.08,0.601,2,9,537,1,0,0
13.79,68286,14.37,0.32,0.514,0,7,1260,1,0,0
51.01,71850,91.82,0.168,1.0,2,7,266,0,0,0
39.34,49905,28.28,0.149,0.973,0,8,613,1,0,0
46.17,17870,3.31,0.114,1.0,1,4,394,0,0,0
48.7,45313,9.9,0.104,0.765,1,12,866,1,0,0
7.47,63959,26.75,0.092,0.926,0,10,236,1,1,0
15.78,32716,26.19,0.26,0.539,0,13,73,1,1,0
9.08,12438,6.6,0.176,1.0,0,14,341,0,0,0
31.55,9632,4.87,0.233,0.743,1,10,558,1,0,0
9.41,3371,8.1,0.341,1.0,0,9,1034,1,0,0
5.56,47340,38.65,0.172,0.609,0,10,330,1,0,0
22.42,14754,6.92,0.594,0.92,0,5,702,1,0,0
4.63,31296,30.25,0.549,0.686,0,7,255,1,0,0
33.35,46531,51.01,0.098,0.767,0,4,183,0,0,0
9.91,51358,12.42,0.115,0.828,0,10,116,0,0,0
85.46,16283,48.22,0.399,0.079,5,12,697,1,1,1
4.37,14367,3.83,0.336,0.613,0,9,4242,0,0,0
101.5,18753,9.35,0.409,0.623,1,9,141,1,0,0
8.41,30779,5.27,0.338,0.831,0,5,1225,1,0,0
20.26,39933,8.55,0.316,0.75,1,12,147,0,0,0
6.47,7346,19.63,0.237,1.0,0,13,520,1,0,0
13.89,36538,0.53,0.09,0.894,0,9,1632,1,0,0
110.11,43212,1.66,0.155,0.828,1,8,1189,0,0,0
34.4,75890,48.4,0.198,0.809,0,11,413,1,0,0
15.2,80637,18.47,0.063,0.821,0,10,2263,0,0,0
26.38,33859,68.54,0.323,0.861,0,9,1579,0,0,0
17.31,27045,0.08,0.199,0.954,0,11,2417,1,1,0
25.18,22737,0.0,0.278,0.657,0,10,1833,0,0,0
49.16,17261,33.64,0.089,0.953,0,14,1663,0,1,0
20.8,28618,16.17,0.337,0.508,0,9,2446,1,0,0
32.33,38868,61.28,0.069,0.92,1,8,1467,0,0,0
32.76,6512,38.61,0.062,0.744,1,8,307,1,0,0
50.26,85551,100.72,0.247,0.566,5,10,180,1,1,1
15.05,34329,16.28,0.346,0.671,0,15,129,0,0,0
17.81,42071,41.67,0.355,0.617,1,12,445,1,0,0
47.43,51306,40.7,0.195,0.595,0,6,1050,0,0,0
50.7,16587,8.11,0.016,0.691,0,7,1514,0,0,0
87.05,21060,59.04,0.32,0.583,2,5,205,1,0,1
22.0,76367,25.76,0.275,0.885,0,7,64,1,1,0
14.84,22463,48.46,0.201,1.0,0,4,632,1,0,0
51.42,46748,50.73,0.186,0.518,0,6,39,1,0,0
18.6,20093,7.81,0.297,0.799,1,7,2196,0,0,0
157.71,64866,52.95,0.294,0.722,0,8,66,1,0,0
32.28,74261,64.61,0.241,0.75,0,9,1761,1,0,0
69.8,54214,2.9,0.054,1.0,0,14,277,0,0,0
12.04,48331,21.32,0.45,0.622,0,6,150,0,1,0
27.37,14201,14.34,0.446,0.549,0,9,1863,0,0,0
44.39,18696,12.85,0.088,0.897,0,9,235,0,1,0
11.86,80949,30.51,0.246,0.513,0,4,2031,1,0,0
27.56,27505,3.47,0.118,0.796,0,9,2186,0,0,0
62.9,41333,42.86,0.159,1.0,0,8,61,1,0,0
20.86,44908,0.67,0.469,0.569,0,9,1443,0,1,0
13.72,19042,21.59,0.027,0.558,1,8,309,0,0,0
114.71,65106,6.38,0.058,0.924,1,7,295,0,0,0
10.62,20699,27.53,0.24,0.776,0,13,165,1,0,0
30.71,50652,18.63,0.079,0.818,1,6,1207,0,0,0
15.38,45679,207.58,0.28,0.892,0,10,1243,1,0,0
12.81,34780,49.57,0.467,0.797,0,9,1028,1,0,0
49.07,65506,10.26,0.169,0.678,0,10,695,1,0,0
23.0,10144,18.79,0.137,0.713,0,10,255,1,0,0
37.51,71391,9.56,0.036,0.541,0,5,2369,0,0,0
4.46,24575,32.62,0.265,0.812,1,5,898,0,0,0
40.55,45929,13.72,0.22,0.572,0,10,848,1,0,0
15.23,33298,3.07,0.207,0.522,0,6,957,1,0,0
6.03,13516,27.03,0.535,0.981,0,5,4003,1,0,0
122.46,19086,0.28,0.162,0.809,0,11,365,1,0,0
43.85,58921,8.82,0.129,0.331,0,7,412,1,0,0
32.52,30051,59.42,0.104,0.674,0,6,46,0,1,0
73.67,1631,2.47,0.178,0.524,1,12,305,1,0,0
33.05,24229,17.55,0.071,0.841,1,4,376,0,0,0
14.31,50771,39.63,0.341,0.697,2,11,933,0,1,0
23.57,18254,58.72,0.14,0.841,1,4,827,1,0,0
15.76,35014,20.52,0.118,0.912,0,8,289,0,0,0
18.17,9654,4.16,0.141,0.889,0,11,1985,1,0,0
9.91,67733,70.7,0.127,0.855,0,8,1091,1,0,0
12.48,3602,34.58,0.182,0.863,0,8,44,1,0,0
55.46,41818,12.59,0.036,0.859,0,4,956,1,0,0
35.36,65095,8.11,0.51,1.0,1,5,253,0,0,0
18.13,27184,1.22,0.08,0.587,0,10,739,1,1,0
11.91,78760,5.31,0.135,0.755,0,9,1331,0,0,0
19.6,16406,37.59,0.125,0.497,0,6,705,1,0,0
7.05,62539,2.87,0.327,0.736,0,8,926,0,1,0
30.0,68208,3.46,0.069,0.655,0,4,1055,0,0,0
57.76,78106,5.45,0.114,0.6,1,8,1604,0,0,0
180.11,33797,12.58,0.155,0.449,0,14,1428,1,0,0
11.22,16776,5.24,0.441,0.989,0,7,79,0,0,0
55.87,48962,58.66,0.215,0.534,0,7,2090,1,0,0
15.4,74211,7.45,0.033,0.635,1,9,145,1,1,0
10.99,43817,62.98,0.125,1.0,0,9,37,0,0,0
10.99,4923,104.9,0.077,0.725,1,5,1597,1,0,0
30.34,26799,35.14,0.141,0.57,0,8,582,1,0,0
12.88,49079,0.19,0.14,0.691,0,5,1369,1,1,0
16.69,74446,6.86,0.097,0.982,0,12,124,1,0,0
19.06,63197,7.78,0.062,0.804,0,11,1325,1,0,0
15.0,2229,19.56,0.134,0.652,0,8,859,0,0,0
14.15,35237,4.31,0.392,0.767,1,9,234,0,0,0
3.88,39364,2.01,0.107,0.483,0,9,1071,1,0,0
29.07,67784,4.85,0.085,0.768,0,7,122,0,1,0
28.62,16966,9.91,0.043,0.381,0,10,208,0,0,0
14.33,33640,1.26,0.253,0.729,1,4,996,1,0,0
36.17,63989,5.43,0.298,0.627,0,7,184,0,0,0
82.89,35151,4.58,0.193,0.572,0,18,1089,1,0,0
27.63,24548,37.0,0.384,0.81,0,5,3075,0,0,0
78.59,26068,4.65,0.176,0.631,0,14,1242,0,0,0
8.09,13887,7.31,0.445,0.457,3,6,1370,1,0,1
205.29,45196,17.74,0.206,0.698,1,5,51,1,0,0
10.48,72433,35.46,0.086,0.29,0,9,315,1,0,0
10.52,44278,14.96,0.286,0.795,0,8,42,1,0,0
19.0,1094,57.83,0.287,0.646,0,13,131,1,0,0
30.05,70023,8.09,0.234,0.492,0,16,1201,1,0,0
96.48,14314,36.4,0.128,0.672,0,7,1537,0,1,0
44.78,51447,4.46,0.174,0.693,0,9,434,1,0,0
10.35,42088,53.56,0.121,0.921,0,6,85,0,0,0
16.62,15269,0.72,0.437,0.719,0,7,247,1,0,0
26.22,21555,15.29,0.234,0.993,0,9,729,0,0,0
8.24,18689,13.67,0.175,1.0,0,13,586,0,1,0
27.41,21988,24.44,0.254,0.647,2,12,676,0,0,0
10.48,58931,14.54,0.178,1.0,0,5,1213,0,0,0
7.24,78162,22.23,0.257,0.671,0,10,296,1,0,0
12.71,77497,49.46,0.316,0.909,0,3,1365,0,1,0
37.67,6769,3.83,0.179,0.545,0,10,583,0,0,0
37.46,40641,7.0,0.228,0.616,0,12,1289,0,0,0
29.29,34870,40.59,0.189,0.704,0,7,306,1,0,0
59.94,31348,6.47,0.04,0.641,0,10,2117,0,1,0
55.06,3852,59.02,0.25,0.837,0,9,864,1,0,0
31.93,58139,19.46,0.144,0.852,2,7,1016,0,0,0
28.59,64781,2.14,0.341,0.781,1,9,3533,0,0,0
30.07,59663,0.52,0.071,0.897,0,8,769,1,0,0
24.09,84824,35.98,0.057,0.627,0,11,656,1,0,0
4.76,1453,48.51,0.339,0.59,0,10,2045,0,0,0
67.25,57730,6.86,0.287,1.0,0,10,302,0,0,0
37.26,51586,6.89,0.341,0.745,0,12,1104,1,0,0
10.25,31912,77.03,0.134,0.911,1,5,2113,1,0,0
84.97,42140,26.69,0.251,0.886,0,9,299,1,0,0
16.91,33554,4.59,0.288,0.71,0,9,1685,1,0,0
24.87,78100,14.88,0.164,0.587,1,6,1587,0,0,0
61.49,68755,60.32,0.35,0.583,0,12,953,0,1,0
32.33,15195,24.27,0.031,0.829,0,13,820,1,0,0
78.91,7258,13.08,0.056,0.367,0,7,1726,1,1,0
20.46,72235,4.09,0.108,0.767,0,10,404,0,0,0
104.89,34541,32.37,0.372,0.889,1,11,1425,0,0,0
14.55,18426,8.09,0.25,0.756,2,14,903,1,0,0
77.8,58968,20.86,0.17,1.0,0,3,981,1,0,0
4.43,56321,22.92,0.189,0.957,0,1,2570,1,0,0
11.24,44532,20.27,0.065,0.761,2,10,309,1,0,0
34.41,14506,7.08,0.17,0.655,0,10,2997,1,0,0
19.68,56760,30.8,0.048,0.826,0,10,438,1,0,0
25.54,15959,20.87,0.07,0.629,0,9,1788,0,0,0
28.03,58592,12.92,0.12,0.582,0,9,3730,1,0,0
10.46,20626,1.34,0.11,0.833,0,16,165,1,0,0
11.1,34393,10.06,0.15,0.963,1,6,888,1,0,0
32.65,54701,10.86,0.339,0.485,0,6,350,1,0,0
15.91,61096,39.16,0.262,0.544,1,8,155,1,0,0
79.27,17730,18.01,0.157,0.639,0,10,1231,1,0,0
23.25,9306,67.25,0.282,0.735,0,8,148,1,0,0
48.18,13,34.73,0.289,0.505,0,11,1400,1,0,0
38.64,25747,19.31,0.24,0.495,1,10,175,1,0,0
16.76,34594,4.62,0.119,0.545,0,10,917,0,0,0
5.56,28118,6.24,0.091,0.753,0,10,1234,1,1,0
166.25,29055,113.59,0.406,0.344,3,4,901,0,0,1
12.39,2561,14.62,0.464,0.994,0,10,858,1,0,0
19.63,11841,32.05,0.18,0.769,0,9,152,1,0,0
24.03,34670,35.61,0.232,0.649,1,10,1042,0,0,0
26.03,11350,2.53,0.314,0.752,0,9,407,1,0,0
58.53,41364,17.13,0.053,0.881,0,10,1638,1,0,0
27.24,54872,16.42,0.269,0.909,0,4,930,1,1,0
24.49,50010,14.45,0.207,0.634,1,9,890,1,0,0
61.24,14387,8.96,0.115,0.724,0,6,392,0,0,0
43.84,42957,16.15,0.188,0.963,0,7,2266,0,0,0
15.05,16592,18.17,0.076,0.843,0,13,98,0,0,0
45.38,46965,132.05,0.637,0.655,4,15,37,0,1,1
14.03,67358,11.84,0.106,0.504,0,4,1114,1,1,0
26.07,7741,72.56,0.062,0.36,2,9,42,0,1,0
10.01,66081,10.34,0.087,0.847,0,9,796,1,0,0
29.15,58147,56.36,0.041,1.0,0,6,730,0,1,0
24.45,66663,40.39,0.102,0.494,0,9,726,0,0,0
3.55,13355,15.65,0.668,0.777,0,13,158,1,0,0
8.8,53244,17.14,0.324,0.634,0,8,3706,0,0,0
2.7,16630,50.98,0.059,0.65,0,6,4049,0,0,0
20.59,59921,16.97,0.08,0.251,1,14,93,0,0,0
64.02,57808,28.44,0.061,0.589,0,14,472,0,0,0
5.97,39212,41.43,0.276,0.445,1,7,1322,1,0,0
9.41,619,59.62,0.162,1.0,1,11,868,1,0,0
23.78,27611,6.15,0.156,0.775,1,8,2289,0,0,0
11.58,26991,92.59,0.246,0.759,0,10,323,1,0,0
11.53,74957,84.05,0.1,0.746,0,12,344,1,0,0
41.82,74084,8.82,0.178,0.464,1,15,2757,0,0,0
18.25,35146,23.78,0.094,0.669,0,8,292,1,0,0
8.25,52503,1.2,0.044,0.937,0,9,317,1,0,0
5.1,33652,4.59,0.301,0.642,0,11,229,1,0,0
158.65,29172,21.92,0.204,0.234,2,5,730,1,0,0
66.86,9950,26.25,0.183,0.717,0,7,1243,0,0,0
18.89,13031,19.12,0.378,0.841,0,8,384,1,0,0
29.09,75185,30.5,0.225,0.781,1,7,1042,1,0,0
18.34,82470,39.36,0.134,0.797,0,9,1129,0,0,0
40.79,8391,4.61,0.34,1.0,1,8,104,1,0,0
13.69,52894,26.94,0.24,0.986,2,9,216,0,0,0
17.56,29010,20.67,0.153,0.658,0,8,717,1,0,0
39.03,50595,3.13,0.196,0.954,0,11,1411,0,0,0
86.75,80607,6.49,0.117,0.66,1,8,67,0,0,0
49.06,79638,13.6,0.173,0.715,0,8,316,1,1,0
72.76,16437,49.83,0.049,0.871,0,4,379,1,0,0
21.12,65699,6.12,0.085,0.47,0,8,1116,1,0,0
16.47,13697,5.05,0.04,0.681,0,4,1152,0,0,0
5.75,19173,31.91,0.091,0.56,0,6,92,0,0,0
28.72,16197,93.03,0.03,0.415,0,13,4073,1,0,0
36.72,74981,14.82,0.155,0.73,0,7,527,1,0,0
21.33,75057,10.77,0.143,0.781,1,9,2396,1,0,0
14.57,74713,7.32,0.472,0.641,0,6,37,1,1,0
73.31,76916,1.28,0.194,0.976,0,12,493,1,0,0
44.95,38127,4.91,0.198,0.513,0,5,288,1,0,0
77.5,48982,2.45,0.097,0.533,0,6,233,1,1,0
12.64,31225,17.04,0.1,0.887,0,10,76,1,0,0
15.39,17464,95.64,0.469,0.711,0,7,766,1,0,0
70.99,14769,38.71,0.227,0.82,0,5,708,0,1,0
26.1,21025,23.01,0.086,0.847,2,10,91,0,0,0
17.2,8657,16.67,0.192,0.779,0,11,2093,1,0,0
18.18,73247,24.0,0.08,0.573,1,8,1695,0,0,0
26.87,37367,11.79,0.245,0.786,0,5,175,1,0,0
60.48,63875,4.91,0.174,1.0,1,9,400,1,0,0
23.85,38429,22.28,0.172,0.886,0,11,1032,1,0,0
51.03,25950,18.77,0.29,0.617,0,15,1156,1,1,0
39.41,79172,72.3,0.298,0.445,0,7,4125,1,0,0
13.43,29212,26.23,0.076,0.861,0,7,501,1,0,0
13.42,5515,37.12,0.022,1.0,1,5,1278,1,1,0
18.91,59150,2.43,0.076,1.0,0,9,322,1,0,0
9.3,59470,35.78,0.31,0.818,0,7,551,1,0,0
17.97,31202,101.64,0.329,0.75,1,8,325,1,0,0
90.99,31028,26.79,0.093,0.539,0,10,4890,1,0,0
26.44,8610,33.88,0.308,0.479,0,8,379,1,0,0
14.69,14570,97.21,0.119,0.971,1,7,4463,1,1,0
125.54,17843,12.41,0.05,0.771,0,6,944,1,0,0
12.88,20916,43.46,0.109,1.0,0,2,1677,0,0,0
12.56,6029,12.76,0.047,0.736,0,7,372,1,0,0
72.5,65382,13.87,0.484,0.689,1,4,1042,1,1,0
46.02,22673,26.84,0.348,0.918,1,11,86,1,0,0
24.43,18597,7.41,0.285,0.782,0,4,1827,1,0,0
52.75,49749,123.28,0.089,0.847,0,9,163,0,0,0
34.48,32310,9.98,0.1,0.675,0,10,488,0,1,0
10.5,81460,3.28,0.099,0.746,0,10,1231,1,0,0
3.98,71064,9.74,0.379,0.99,1,12,290,1,1,0
17.22,53901,48.44,0.173,0.654,0,15,502,1,0,0
64.58,46,9.42,0.115,1.0,0,7,110,1,0,0
19.24,77656,23.63,0.313,1.0,0,8,114,0,0,0
39.18,64438,68.46,0.264,0.864,0,8,1142,0,0,0
31.42,26088,7.53,0.089,0.647,0,9,3715,0,0,0
7.0,24274,3.52,0.085,0.658,0,4,1451,0,0,0
19.59,1286,2.55,0.187,0.835,0,13,1185,1,0,0
36.13,32176,14.51,0.098,0.588,0,17,2005,1,0,0
14.44,51853,2.75,0.063,0.936,0,11,472,0,0,0
20.29,42908,15.12,0.089,0.799,2,9,840,1,0,0
37.09,33710,49.64,0.172,0.537,0,8,263,1,0,0
28.73,43661,37.57,0.092,0.725,1,11,1479,1,0,0
62.65,62422,21.79,0.041,0.781,0,6,1670,0,0,0
36.85,46770,47.5,0.155,0.551,0,12,235,0,0,0
12.62,18674,2.64,0.105,0.44,0,9,1986,0,0,0
18.5,28301,23.5,0.076,0.889,0,10,423,1,0,0
27.56,84579,3.07,0.107,0.855,1,17,1217,1,1,0
79.1,17515,16.45,0.243,0.512,0,13,1582,0,1,0
18.56,67904,15.57,0.181,0.693,0,13,374,1,0,0
77.79,29145,7.51,0.48,0.719,4,5,224,1,1,1
38.57,63759,44.28,0.173,0.913,0,10,1056,1,0,0
14.81,85464,6.48,0.48,0.602,1,8,527,1,0,0
9.7,74194,20.07,0.412,0.871,0,9,386,1,0,0
27.52,81299,16.46,0.213,0.599,0,10,179,1,0,0
59.04,4057,14.13,0.138,0.932,0,9,782,1,1,0
17.13,14559,0.85,0.266,0.7,0,4,621,0,0,0
40.34,20418,29.83,0.172,0.636,0,10,490,1,0,0
46.78,50287,0.32,0.18,0.624,0,11,1241,1,0,0
51.08,9670,42.95,0.085,0.979,2,5,89,0,0,0
15.09,5572,7.74,0.127,0.413,0,6,528,1,0,0
11.06,14493,3.2,0.244,0.563,0,5,264,1,0,0
12.33,185,13.49,0.21,0.705,0,6,968,0,0,0
51.05,50583,20.49,0.276,0.701,0,10,1686,1,0,0
46.24,82666,9.29,0.083,0.852,0,10,1798,1,0,0
12.61,65496,3.25,0.036,0.637,0,9,73,1,0,0
149.32,62490,0.46,0.187,0.567,0,9,631,1,0,0
11.46,62424,30.42,0.043,0.778,0,12,565,1,0,0
60.31,69370,54.38,0.106,0.755,0,10,257,1,0,0
91.44,8724,2.65,0.187,0.414,1,6,230,0,0,0
29.6,23440,6.55,0.339,0.689,2,11,2170,1,0,0
14.65,40027,0.51,0.234,0.815,1,12,730,1,0,0
14.91,84895,54.08,0.179,0.782,0,6,526,1,1,0
21.98,22699,14.71,0.084,0.748,0,14,190,1,0,0
64.37,86129,64.82,0.167,0.689,1,2,376,0,1,0
10.38,25697,15.78,0.049,0.636,0,5,1254,0,0,0
6.23,56574,49.55,0.154,0.813,1,5,701,0,0,0
36.22,52245,75.79,0.217,0.69,0,9,686,1,0,0
43.18,58488,10.2,0.302,0.796,0,9,880,0,0,0
130.89,57554,25.59,0.358,0.681,0,11,1312,1,1,0
8.97,52925,27.45,0.238,0.955,1,9,1007,0,0,0
24.34,68399,0.54,0.224,0.741,0,8,1651,0,0,0
68.68,84353,14.42,0.007,0.757,0,10,382,0,0,0
29.87,29572,48.33,0.116,0.961,0,8,472,1,0,0
23.19,51075,73.1,0.211,0.549,0,9,1102,0,0,0
51.01,11316,57.37,0.192,0.557,1,7,541,1,0,0
16.79,67020,90.2,0.191,0.74,1,9,122,1,1,0
53.58,69328,26.46,0.324,0.294,0,11,348,1,0,0
9.95,18309,6.63,0.166,0.413,0,9,167,1,0,0
8.04,42839,21.41,0.148,0.786,0,8,324,1,0,0
21.78,1331,13.67,0.052,0.968,1,9,208,1,0,0
3.49,59604,7.48,0.123,0.793,1,8,746,1,0,0
29.01,15895,37.05,0.176,0.911,0,9,1072,1,0,0
6.78,61623,24.8,0.12,0.502,1,7,910,0,0,0
33.99,31957,39.03,0.146,0.449,0,8,784,1,1,0
31.45,73111,7.85,0.309,0.799,0,9,1638,0,0,0
25.68,1643,58.56,0.276,0.837,0,7,423,1,0,0
38.44,39627,6.82,0.02,0.776,0,12,1476,0,0,0
31.92,62739,23.03,0.225,0.636,1,10,409,1,0,0
21.45,29729,1.46,0.262,0.541,0,9,1868,1,1,0
117.31,57342,19.47,0.178,0.821,0,7,669,1,0,0
37.14,26868,2.6,0.282,0.947,1,9,724,1,0,0
50.28,36478,10.09,0.248,0.887,0,10,650,1,0,0
63.97,46388,49.28,0.088,1.0,0,9,2153,1,0,0
46.27,26253,56.0,0.305,0.679,0,14,118,1,0,0
141.21,58747,36.45,0.114,0.696,0,8,343,1,0,0
30.96,6193,11.46,0.091,0.763,1,12,37,1,0,0
26.96,318,21.61,0.249,0.494,0,5,2437,1,1,0
16.12,74289,6.34,0.247,0.827,0,7,1670,1,1,0
22.09,60151,28.36,0.111,0.815,0,6,452,1,0,0
15.1,76105,10.67,0.195,0.706,0,9,2722,0,0,0
46.61,81315,6.24,0.342,0.533,0,6,872,1,0,0
13.07,85333,21.99,0.069,0.657,0,11,50,1,1,0
28.76,22769,2.96,0.156,0.694,0,6,582,1,0,0
42.42,46555,29.01,0.182,0.515,0,5,551,1,0,0
30.58,44998,5.18,0.233,0.655,0,12,872,1,0,0
13.24,19043,20.16,0.095,0.335,0,7,1961,0,1,0
47.43,15358,12.46,0.12,0.504,0,10,2868,1,0,0
25.32,34275,20.88,0.022,0.836,0,9,2681,0,0,0
2.72,39857,7.06,0.098,0.77,0,6,578,0,0,0
12.35,79272,9.29,0.181,0.854,1,7,360,1,0,0
83.17,2020,3.78,0.041,0.689,0,10,781,1,1,0
88.9,64738,37.51,0.031,0.783,1,11,108,1,0,0
41.3,82074,1.82,0.092,0.656,0,8,552,1,0,0
50.77,57885,11.81,0.159,0.607,0,7,712,1,0,0
14.55,28831,14.9,0.059,0.804,0,6,645,0,0,0
22.02,7378,5.43,0.193,0.561,0,12,757,1,0,0
72.84,62229,12.15,0.062,0.79,0,5,179,1,1,0
38.12,50756,13.54,0.127,0.743,0,11,1580,1,0,0
28.56,9876,6.35,0.192,0.853,0,10,780,0,0,0
23.35,84456,25.49,0.147,0.744,0,12,173,1,0,0
69.38,75007,0.78,0.054,1.0,0,8,1169,0,1,0
66.53,12343,5.5,0.215,0.719,0,10,501,1,0,0
45.59,52051,24.46,0.253,0.725,0,5,1073,1,0,0
28.59,55013,24.69,0.399,0.84,2,7,153,1,0,0
20.38,54430,7.71,0.214,0.718,0,14,438,1,0,0
47.2,63418,28.73,0.345,0.732,0,9,291,1,0,0
11.23,3013,15.86,0.034,0.698,0,11,1376,1,0,0
13.25,19694,18.73,0.32,1.0,0,9,623,1,0,0
8.49,66218,10.11,0.177,1.0,0,8,1826,0,0,0
72.83,43223,103.81,0.213,0.663,0,8,773,1,0,0
15.23,66997,33.43,0.266,0.506,0,7,1173,1,0,0
37.46,85749,7.14,0.153,0.754,0,11,366,0,0,0
24.52,49297,6.75,0.181,0.887,0,13,587,1,0,0
275.35,51126,37.2,0.229,0.86,0,9,253,1,0,0
38.61,71163,12.28,0.241,1.0,1,7,338,1,0,0
6.11,34588,2.4,0.09,0.921,0,11,1303,0,0,0
69.43,72498,0.91,0.468,0.63,1,12,1764,0,0,0
19.89,67142,13.36,0.1,0.887,1,10,507,0,0,0
23.09,17931,13.39,0.135,0.737,0,6,479,0,0,0
15.83,6973,30.68,0.012,0.457,1,9,482,0,0,0
31.71,35540,21.38,0.082,0.936,0,13,292,1,0,0
31.37,51139,36.75,0.398,0.8,0,11,1127,0,0,0
16.18,75113,9.56,0.122,0.912,0,8,286,0,0,0
18.06,28219,24.47,0.341,1.0,0,11,590,1,0,0
29.4,84816,54.22,0.385,0.608,0,12,1010,0,0,0
4.16,42779,1.8,0.25,0.572,0,10,166,1,1,0
8.56,72511,30.81,0.017,0.62,1,13,2539,1,0,0
103.13,43614,31.46,0.253,0.915,0,8,1376,1,0,0
35.24,43079,39.5,0.09,0.662,0,4,1241,0,0,0
17.82,41905,7.84,0.014,0.425,0,14,1060,1,0,0
6.98,62887,13.47,0.191,0.586,0,7,138,1,1,0
25.92,59245,6.85,0.199,0.47,0,7,52,1,0,0
59.63,24734,9.23,0.227,0.839,1,14,942,0,0,0
223.94,44754,86.45,0.042,0.705,0,7,540,1,0,0
123.18,16012,14.75,0.317,0.765,1,10,165,1,0,0
13.34,12625,47.19,0.26,0.709,0,12,1020,0,1,0
18.24,58998,39.6,0.36,0.358,0,7,713,1,0,0
8.35,73521,14.7,0.168,0.619,0,10,45,0,0,0
13.83,48767,121.27,0.079,0.758,0,7,173,0,1,0
22.87,46163,45.94,0.284,0.68,0,9,1764,1,1,0
20.21,22259,16.48,0.195,0.954,1,7,561,1,0,0
140.28,84950,9.27,0.091,0.857,0,9,333,1,0,0
9.47,17059,1.96,0.195,0.738,0,7,1670,1,0,0
26.15,65904,15.63,0.144,0.933,2,10,3669,1,0,0
5.2,27751,11.16,0.143,0.939,0,11,1103,0,1,0
35.33,9395,31.07,0.264,0.856,0,9,206,0,0,0
9.27,17855,0.5,0.361,0.764,0,8,1288,1,1,0
65.5,65478,44.51,0.128,0.703,1,8,158,1,0,0
21.48,21735,13.47,0.143,0.759,0,11,1604,0,0,0
8.83,27999,15.86,0.142,0.83,0,7,1460,0,0,0
5.04,84936,5.05,0.336,0.808,0,5,922,0,0,0
12.39,82589,69.31,0.176,0.526,1,9,441,1,0,0
32.84,71263,12.7,0.309,0.792,0,6,316,0,0,0
37.99,78147,46.24,0.033,1.0,0,8,2374,0,1,0
18.2,2008,6.78,0.112,0.54,0,8,1352,1,0,0
56.86,64277,2.54,0.202,0.808,1,11,30,1,0,0
10.93,82746,25.25,0.008,0.916,1,5,475,0,0,0
2.61,25025,104.04,0.198,0.761,0,10,719,0,0,0
33.99,41508,26.03,0.124,1.0,0,4,390,1,0,0
76.1,67170,23.46,0.047,0.487,0,7,648,0,0,0
76.67,73444,14.6,0.042,0.773,0,8,2820,0,0,0
9.58,79159,8.34,0.045,0.448,0,5,1072,1,0,0
17.54,81084,14.09,0.227,0.331,0,7,1114,0,0,0
48.38,43072,4.03,0.412,0.638,0,17,1080,0,0,0
66.7,37487,50.19,0.339,0.439,1,7,911,1,0,1
29.5,4448,16.71,0.107,0.781,0,12,125,1,1,0
15.28,31299,3.91,0.126,0.896,0,9,1371,0,1,0
11.34,66543,39.2,0.425,0.542,0,9,151,1,0,0
13.24,78984,0.29,0.024,0.687,0,6,1087,1,0,0
58.24,76501,9.7,0.398,0.625,0,9,83,1,0,0
27.41,7664,18.18,0.309,0.438,0,4,4235,0,0,0
75.0,30569,66.11,0.129,0.881,0,9,4568,1,0,0
41.11,84720,21.3,0.132,0.781,0,8,963,1,1,0
98.02,79444,8.74,0.19,0.896,0,6,197,0,0,0
52.17,79285,10.85,0.29,0.644,0,7,577,1,0,0
49.77,5057,10.36,0.192,1.0,0,10,431,1,0,0
24.62,69997,4.97,0.098,0.639,0,11,78,0,0,0
301.08,56959,3.91,0.123,0.697,1,13,2315,1,1,0
29.67,24222,16.38,0.083,0.769,0,5,1595,0,0,0
5.59,35898,7.88,0.207,0.855,0,10,325,1,0,0
33.6,58604,2.41,0.233,0.7,1,5,411,1,0,0
12.36,15869,6.1,0.146,0.819,0,7,736,1,0,0
61.17,12625,18.39,0.244,0.789,0,12,160,1,1,0
48.46,53719,7.42,0.067,1.0,1,7,34,0,0,0
23.26,71070,6.79,0.162,0.925,1,6,177,1,0,0
13.33,67166,24.23,0.14,0.907,0,8,547,1,0,0
30.48,9337,29.23,0.132,0.459,0,8,620,1,0,0
16.23,76122,6.9,0.443,0.688,0,9,282,0,0,0
50.92,23160,15.97,0.129,0.851,0,11,2107,1,0,0
42.3,49876,36.16,0.32,0.89,0,9,566,1,0,0
283.94,3297,29.27,0.19,0.55,1,7,3674,1,1,0
18.99,33658,1.8,0.115,0.688,1,7,6391,1,0,0
21.27,66936,11.16,0.235,0.722,0,6,1139,0,0,0
23.96,13499,32.12,0.126,0.563,0,12,891,1,1,0
24.81,7919,4.94,0.272,0.525,0,10,477,1,0,0
61.66,25602,5.45,0.293,0.831,0,8,45,1,0,0
21.73,73107,24.87,0.263,0.833,0,9,3424,1,1,0
131.36,19044,8.34,0.169,0.669,0,13,939,1,0,0
43.2,12596,9.78,0.302,0.677,0,7,922,1,0,0
18.38,11197,18.5,0.102,0.482,0,8,139,0,1,0
14.98,31227,34.72,0.107,0.883,0,6,2791,1,0,0
62.35,47568,17.24,0.079,0.745,0,8,99,0,1,0
27.74,3749,55.97,0.179,0.677,0,11,275,0,0,0
27.31,58019,2.82,0.109,0.759,0,7,257,1,0,0
16.8,64486,35.08,0.016,0.825,1,8,1267,0,1,0
25.81,39873,19.61,0.254,0.782,1,11,46,1,1,0
16.26,61329,42.41,0.167,1.0,0,11,93,1,0,0
80.59,30184,9.51,0.34,0.627,0,7,1009,1,0,0
48.12,21778,16.45,0.008,0.839,0,10,535,0,0,0
23.57,4703,43.37,0.204,0.937,0,5,1290,1,0,0
23.3,48983,44.56,0.156,0.851,1,11,211,1,0,0
29.19,600,11.79,0.229,0.588,1,14,1379,1,0,0
26.99,25240,43.18,0.214,0.95,0,11,690,0,0,0
12.61,47947,28.67,0.101,0.756,0,9,545,1,0,0
5.93,47346,13.17,0.103,0.897,0,10,1369,0,0,0
14.32,22557,87.42,0.178,0.921,0,11,717,1,0,0
24.46,10231,0.78,0.464,0.856,1,8,215,1,0,0
15.03,4576,12.06,0.479,0.618,0,5,179,1,0,0
52.22,11982,9.17,0.089,0.777,0,12,1787,1,0,0
22.57,53468,68.63,0.167,0.969,0,6,815,1,1,0
121.37,56885,2.62,0.443,0.734,0,4,66,1,0,0
17.3,63858,24.72,0.084,0.755,0,12,3538,1,1,0
30.34,30488,31.52,0.176,0.381,1,15,796,1,0,0
21.52,59116,5.09,0.219,0.847,0,10,2483,0,0,0
38.54,38780,4.06,0.272,0.662,0,10,3431,1,1,0
63.6,50542,1.23,0.043,0.867,1,9,1264,0,1,0
44.11,23631,4.33,0.152,0.606,1,5,1348,1,0,0
5.34,73062,41.28,0.206,0.853,0,8,465,0,0,0
40.44,37054,72.04,0.193,0.783,0,5,298,1,0,0
12.08,46715,57.92,0.102,1.0,1,8,404,0,0,0
21.16,59061,11.37,0.275,0.89,0,10,67,1,1,0
47.06,83877,32.35,0.14,0.619,1,9,376,1,0,0
11.07,59003,43.87,0.07,0.531,0,7,524,0,0,0
68.36,19472,41.85,0.307,0.705,2,10,165,1,0,0
20.44,60288,1.62,0.198,1.0,0,9,431,1,0,0
153.97,62597,6.05,0.231,0.809,0,9,426,1,0,0
28.64,70725,69.9,0.425,0.765,0,8,1004,0,0,0
106.09,67363,33.67,0.218,1.0,0,11,750,1,0,0
70.68,43399,44.95,0.076,0.836,0,8,344,1,0,0
16.63,25692,18.05,0.23,0.665,0,12,299,1,0,0
9.57,67541,12.48,0.083,0.585,0,8,373,1,0,0
29.69,6590,26.33,0.322,0.998,0,15,1162,1,0,0
17.01,80641,16.01,0.303,0.855,0,8,1151,1,0,0
95.94,79123,11.7,0.083,0.532,1,7,2474,0,0,0
22.25,75728,10.69,0.425,0.566,0,7,589,1,0,0
21.32,74016,4.3,0.323,0.872,1,4,72,1,0,0
8.88,82957,18.84,0.396,0.615,0,8,155,0,0,0
37.92,62943,18.34,0.427,0.62,0,5,1770,1,0,0
10.6,71734,22.34,0.344,0.943,0,11,2419,1,0,0
38.63,77092,3.09,0.52,0.909,0,11,742,0,0,0
43.12,75859,61.6,0.356,1.0,0,3,307,1,0,0
14.88,3973,33.88,0.281,0.822,0,8,1274,1,0,0
58.28,42144,3.51,0.067,0.586,0,5,286,0,0,0
21.76,78719,2.07,0.161,0.75,0,8,355,0,0,0
8.36,43313,25.74,0.039,0.885,0,9,765,0,0,0
93.34,30171,10.44,0.084,1.0,0,9,1928,1,0,0
12.95,58826,9.61,0.569,0.838,0,8,1412,1,0,0
40.68,77395,45.81,0.309,0.895,0,6,237,1,0,0
38.12,45765,10.58,0.213,0.847,0,11,175,0,1,0
37.02,16338,25.0,0.343,0.656,1,10,2062,0,0,0
36.51,24910,19.25,0.055,0.724,1,9,1709,1,0,0
12.48,19797,7.63,0.106,0.584,0,12,4230,1,0,0
104.91,16562,10.07,0.348,0.888,0,10,1130,1,0,0
58.26,25025,71.7,0.504,0.495,1,4,876,0,0,0
39.65,67260,10.06,0.099,0.603,1,10,1536,0,0,0
9.33,21219,38.31,0.128,0.75,0,10,4069,0,0,0
12.4,17251,49.38,0.174,0.706,0,7,363,1,0,0
45.88,13522,1.84,0.148,0.8,0,13,48,1,0,0
5.46,20024,27.2,0.483,0.287,0,5,512,1,0,0
191.95,41625,24.07,0.387,0.302,0,15,2349,1,1,1
9.35,43032,14.23,0.359,0.872,0,10,154,0,0,0
13.54,76251,21.06,0.14,1.0,0,8,314,1,0,0
8.77,37065,4.41,0.097,0.724,0,11,940,1,0,0
33.01,8038,9.59,0.071,0.553,0,9,977,1,0,0
66.23,62049,30.75,0.42,0.816,1,11,870,1,1,0
35.82,6732,23.07,0.572,0.431,0,6,106,1,0,0
39.11,61876,3.67,0.026,0.653,0,10,1144,0,0,0
31.01,69086,110.67,0.079,0.792,1,9,1757,1,0,0
46.81,19834,69.43,0.086,0.685,0,7,121,0,0,0
39.4,59502,6.34,0.084,0.769,0,9,3513,1,0,0
3.09,56525,52.01,0.248,0.947,0,8,691,1,0,0
55.98,55462,7.77,0.066,1.0,0,4,1687,1,0,0
51.47,43442,20.74,0.093,1.0,0,8,1860,1,0,0
20.29,45033,38.09,0.176,0.807,1,11,737,1,0,0
5.59,50111,10.54,0.29,0.355,0,12,570,1,0,0
32.92,64088,20.25,0.16,0.951,0,8,2560,0,0,0
35.21,21514,14.96,0.215,0.632,2,12,290,1,0,0
19.06,58750,35.7,0.372,0.578,0,8,32,0,0,0
31.48,53756,16.28,0.416,0.558,0,10,137,1,1,0
63.91,41523,20.92,0.033,0.977,0,7,1212,1,1,0
184.57,41206,46.7,0.211,0.68,0,13,414,1,0,0
30.49,51780,29.99,0.087,0.302,0,10,71,1,1,0
35.41,46598,18.74,0.015,0.989,0,10,648,0,0,0
14.03,16257,15.46,0.043,0.84,0,10,529,1,1,0
18.15,62310,3.39,0.042,0.873,0,9,713,1,0,0
15.27,24980,75.09,0.514,0.79,5,10,1167,1,1,1
69.56,47684,76.32,0.249,0.745,0,6,4052,1,0,0
52.2,51546,5.16,0.108,0.678,0,12,1607,0,1,0
126.91,54110,8.1,0.276,0.988,0,5,68,1,0,0
8.23,22901,23.6,0.453,0.799,0,7,1650,0,0,0
9.4,83147,44.0,0.169,0.986,0,8,1389,1,1,0
65.47,74360,44.77,0.323,0.77,0,6,105,0,0,0
86.41,6435,44.25,0.237,0.711,2,11,272,1,0,0
27.84,45309,95.52,0.325,1.0,0,10,1259,1,0,0
1.0,38910,1.43,0.026,0.625,0,9,732,1,0,0
14.96,74386,12.76,0.267,0.423,0,7,231,1,0,0
35.46,59394,61.22,0.033,0.705,0,11,783,1,0,0
13.2,27997,15.75,0.055,0.593,0,14,1100,1,0,0
31.44,50275,51.26,0.218,0.651,0,8,308,1,0,0
123.82,12744,0.45,0.165,0.668,1,11,2650,0,0,0
84.85,31137,17.55,0.076,0.789,0,11,494,1,0,0
51.79,9075,63.92,0.17,0.605,1,9,1264,0,0,0
25.75,41656,7.57,0.158,0.746,1,12,969,1,0,0
18.25,78152,66.36,0.309,0.732,0,12,395,1,0,0
69.5,13617,8.74,0.291,0.208,1,10,118,1,1,1
27.67,74442,2.06,0.369,0.679,1,11,821,0,0,0
28.44,55442,16.2,0.107,0.712,0,7,1166,0,0,0
7.84,63354,2.81,0.061,0.678,0,11,877,1,0,0
15.31,56176,6.39,0.126,0.655,0,8,795,1,1,0
49.48,62190,8.83,0.232,0.552,0,2,3084,1,0,0
11.24,75471,16.42,0.163,0.72,0,12,1584,1,0,0
33.53,15878,12.38,0.251,0.8,0,13,383,1,0,0
37.71,76406,63.82,0.24,0.636,0,11,1476,1,1,0
39.52,58804,54.29,0.193,0.528,0,10,2109,0,1,0
42.45,49027,34.47,0.124,0.815,0,11,1624,1,0,0
44.8,65501,26.92,0.094,0.462,0,8,888,1,0,0
16.46,70936,5.71,0.056,0.76,0,10,1925,1,0,0
8.38,25376,23.02,0.206,0.793,0,8,881,1,0,0
13.48,42877,3.98,0.135,0.668,0,9,30,1,0,0
48.62,68645,15.07,0.259,1.0,1,9,366,1,0,0
10.37,82285,15.48,0.311,0.859,0,6,620,0,1,0
11.79,45436,29.26,0.111,0.831,0,9,410,0,0,0
11.74,63235,45.06,0.045,0.637,0,9,764,0,0,0
6.19,4041,9.66,0.182,0.749,0,6,2146,1,0,0
10.83,9176,1.05,0.091,1.0,0,8,695,0,0,0
60.36,50276,1.2,0.126,1.0,0,16,415,1,1,0
15.28,40764,51.95,0.107,0.647,0,7,770,1,0,0
6.69,80064,16.65,0.205,0.516,0,9,753,1,0,0
18.01,30029,7.13,0.04,0.752,0,11,281,1,0,0
40.79,69180,0.82,0.124,0.943,0,13,112,1,0,0
6.27,69760,18.81,0.42,0.867,2,5,2716,1,0,0
58.13,28646,3.69,0.093,0.659,0,8,439,1,0,0
8.56,67562,13.49,0.074,0.578,0,11,548,1,0,0
19.76,32201,18.15,0.394,0.929,0,6,417,1,0,0
19.56,65556,6.51,0.006,0.725,0,12,2496,0,0,0
17.3,15554,5.54,0.1,0.871,0,14,58,1,0,0
25.74,47954,0.5,0.401,0.793,0,9,1666,1,0,0
50.54,57371,22.02,0.275,0.824,0,7,126,1,1,0
26.24,76225,5.59,0.115,1.0,1,4,426,0,0,0
16.7,70554,52.64,0.275,1.0,0,12,187,1,1,0
39.09,45707,23.14,0.13,0.787,0,8,41,1,0,0
32.0,62272,20.32,0.218,1.0,1,8,237,1,0,0
15.87,34221,17.56,0.271,0.781,0,6,2064,0,0,0
28.05,10663,6.06,0.186,0.988,1,10,916,0,0,0
11.22,21640,176.17,0.26,0.0,2,9,459,1,0,1
13.56,10321,85.32,0.491,0.929,0,9,2921,0,0,0
51.66,22845,9.69,0.166,0.89,1,11,2406,0,0,0
38.77,61839,37.43,0.181,0.601,0,7,2515,1,0,0
50.21,22370,3.17,0.149,0.632,0,8,303,1,0,0
45.06,31075,37.91,0.232,0.644,0,9,1473,1,0,0
13.33,33703,8.43,0.184,0.866,0,5,1608,1,0,0
60.4,8426,8.53,0.29,0.789,0,9,54,1,0,0
21.37,29310,17.69,0.093,1.0,0,9,86,1,0,0
57.02,8530,12.45,0.174,0.361,0,10,102,1,0,0
24.53,36293,3.13,0.055,0.75,0,9,1962,0,0,0
34.83,26078,22.48,0.474,0.764,1,12,878,1,0,0
35.68,5978,6.01,0.023,0.633,1,16,1026,0,0,0
51.96,64770,14.7,0.139,0.782,0,13,1674,1,0,0
7.33,60468,6.57,0.031,0.586,0,9,71,1,0,0
7.68,11875,48.73,0.197,1.0,1,8,608,1,0,0
46.4,76218,10.31,0.079,0.797,0,7,737,0,0,0
36.06,78243,54.62,0.198,0.686,0,12,2710,1,0,0
14.58,82625,9.87,0.066,0.914,0,10,976,0,0,0
36.29,4847,4.95,0.109,0.768,0,9,834,1,1,0
8.79,86264,21.49,0.01,1.0,0,10,104,1,0,0
369.23,10532,20.25,0.064,0.677,0,10,635,1,0,0
77.42,45262,24.12,0.198,0.54,0,7,1686,1,0,0
44.6,9316,8.99,0.09,0.598,0,8,54,1,0,0
28.8,38102,9.64,0.053,0.755,1,6,423,0,0,0
16.53,23851,6.78,0.123,0.707,0,11,617,0,0,0
9.51,9791,65.92,0.005,0.491,0,8,763,0,0,0
24.75,65774,28.72,0.164,1.0,0,8,2886,1,1,0
13.63,12805,35.29,0.259,1.0,0,12,705,1,0,0
14.28,15072,5.4,0.167,0.704,0,8,3186,1,0,0
8.73,86164,27.09,0.23,0.439,0,9,1380,1,0,0
33.11,84024,35.96,0.034,0.366,0,7,1021,1,0,0
20.05,75931,10.48,0.321,0.853,0,10,1267,1,0,0
41.6,20052,4.29,0.087,0.36,0,11,2437,1,0,0
39.08,4631,29.85,0.067,0.898,0,9,2189,1,0,0
32.58,84082,23.61,0.216,1.0,0,10,878,1,0,0
227.59,14939,21.43,0.197,0.806,0,10,999,0,0,0
52.4,6474,5.04,0.077,0.813,0,7,145,1,0,0
21.15,84853,28.21,0.364,0.416,2,7,646,1,1,1
39.13,35876,24.51,0.436,0.693,0,5,592,1,1,0
25.97,63784,23.77,0.16,0.783,0,6,1599,1,0,0
9.27,33232,20.23,0.171,0.727,0,9,972,1,0,0
8.69,10226,36.54,0.097,0.843,0,9,448,1,0,0
38.96,54492,42.14,0.339,0.825,0,8,1211,1,0,0
47.37,35688,8.09,0.201,0.515,0,6,359,1,0,0
11.74,49962,4.29,0.194,0.855,1,10,412,1,1,0
291.97,5909,54.04,0.373,0.638,4,12,267,1,1,1
34.05,22362,8.26,0.15,0.577,0,8,539,1,0,0
70.58,6629,73.79,0.019,0.526,0,3,538,1,0,0
64.83,16782,3.69,0.084,0.531,0,8,862,1,0,0
23.88,56852,52.75,0.204,0.745,0,7,162,0,0,0
100.33,66611,5.68,0.199,0.654,0,10,342,1,0,0
11.03,73134,10.71,0.264,0.79,0,7,124,1,0,0
183.5,31633,3.36,0.257,0.485,0,11,968,0,0,0
13.42,83782,2.73,0.066,0.787,0,6,704,1,0,0
26.09,21922,2.5,0.165,0.983,0,10,2171,1,1,0
17.22,79307,10.49,0.159,1.0,1,8,791,1,0,0
20.06,84486,18.54,0.233,0.874,0,6,780,1,0,0
281.14,11432,5.6,0.197,0.929,0,8,3235,1,1,0
18.72,50825,67.46,0.161,0.755,0,10,1251,0,0,0
53.56,26560,22.07,0.188,0.636,0,11,623,0,1,0
22.46,20537,54.08,0.31,0.432,1,12,810,1,0,0
57.35,28343,4.03,0.156,0.618,0,11,101,1,0,0
17.54,16125,3.87,0.304,0.832,0,11,1039,0,0,0
33.28,66193,46.89,0.208,0.836,0,10,1870,1,0,0
44.83,64960,20.98,0.205,0.742,0,7,208,1,0,0
15.22,52408,69.75,0.336,0.753,0,5,1858,1,0,0
246.21,85974,3.97,0.184,0.454,0,4,426,1,0,0
46.75,26086,0.66,0.256,0.854,0,10,185,1,0,0
22.63,31184,62.09,0.203,0.456,0,3,174,1,0,0
15.52,55485,30.0,0.357,0.892,0,13,290,1,0,0
29.18,9577,41.15,0.293,0.569,0,8,1300,1,0,0
10.25,31085,8.77,0.146,0.592,0,6,66,1,0,0
112.82,66307,0.08,0.317,0.487,0,4,335,1,1,0
38.28,18958,16.49,0.165,0.499,1,8,862,1,0,0
25.27,51348,115.15,0.211,0.701,1,6,1729,1,0,0
62.6,63636,59.52,0.101,0.936,0,10,375,1,1,0
15.22,63738,1.87,0.167,0.511,0,9,634,0,0,0
10.75,47538,5.2,0.389,0.618,1,4,1466,1,1,0
24.43,40701,9.32,0.135,0.374,0,8,793,1,1,0
30.03,39125,44.36,0.102,0.876,0,11,113,1,0,0
41.45,83917,43.53,0.322,0.746,2,5,41,1,0,0
8.32,34850,5.11,0.082,0.824,1,13,1030,1,0,0
18.82,27004,19.04,0.262,0.655,1,11,101,0,1,0
2.3,8963,17.42,0.055,0.551,2,6,1880,0,0,0
10.53,39131,13.37,0.226,0.603,0,7,1997,0,0,0
48.05,66699,19.19,0.078,0.62,0,7,283,1,0,0
58.49,72477,8.66,0.077,0.979,1,12,203,0,0,0
10.87,70418,18.96,0.021,0.512,0,7,867,0,0,0
20.91,81821,28.93,0.097,0.631,0,15,2125,0,0,0
27.67,70592,1.61,0.268,0.668,1,6,1596,1,0,0
64.23,3693,85.51,0.333,0.842,1,6,594,0,0,0
92.14,66308,4.52,0.175,0.849,0,8,439,0,0,0
30.64,723,11.17,0.048,0.375,0,7,774,1,0,0
22.01,17602,15.9,0.237,0.669,0,13,365,1,0,0
8.54,29302,1.05,0.104,0.71,0,5,51,1,0,0
29.56,13354,19.87,0.141,0.48,0,8,2043,0,0,0
142.58,29651,51.0,0.098,0.858,0,8,869,0,0,0
76.11,46375,57.82,0.294,0.92,0,6,350,0,0,0
31.18,63924,9.87,0.463,1.0,0,6,2029,1,0,0
34.56,9923,20.46,0.335,0.663,0,5,702,0,0,0
15.63,75380,37.49,0.206,1.0,0,9,210,0,0,0
20.37,46755,7.29,0.153,0.823,0,10,161,1,0,0
30.51,73511,18.79,0.169,0.759,1,7,3304,1,0,0
30.58,76924,11.42,0.071,0.566,0,5,433,0,0,0
60.86,73572,11.88,0.095,0.781,1,12,618,1,0,0
58.54,13088,2.47,0.342,0.728,0,10,2373,1,1,0
41.12,57514,13.06,0.276,0.819,0,8,96,1,0,0
12.19,61749,4.39,0.216,0.859,2,6,308,0,0,0
12.56,40648,8.96,0.143,1.0,0,12,41,0,0,0
13.33,23506,10.02,0.141,0.757,1,12,1852,1,0,0
32.73,2399,14.08,0.157,0.707,0,11,209,0,0,0
5.36,32091,62.2,0.158,0.759,0,12,170,0,0,0
26.98,17758,24.92,0.27,0.509,0,5,766,1,0,0
83.67,58339,91.69,0.247,0.433,1,9,241,1,0,0
46.22,31913,22.33,0.182,0.817,0,12,268,0,0,0
20.48,77024,40.93,0.105,0.861,0,10,66,0,0,0
15.51,59153,44.92,0.229,0.54,0,9,381,0,0,0
51.65,85440,33.58,0.228,0.601,0,14,263,1,0,0
34.63,31791,27.71,0.122,0.862,0,7,1867,1,0,0
22.26,85342,13.53,0.195,0.93,0,7,1644,0,0,0
16.92,35923,20.94,0.155,0.797,1,8,2975,1,0,0
28.82,51875,5.38,0.074,0.541,0,7,2671,0,0,0
21.28,26576,24.07,0.171,0.774,0,12,115,1,0,0
50.78,53420,18.05,0.199,0.863,0,12,39,0,0,0
73.18,71561,40.78,0.085,0.997,2,8,1982,1,0,0
9.08,71597,58.21,0.071,0.714,1,7,1989,0,0,0
10.17,4240,3.56,0.265,0.679,0,8,1469,0,0,0
79.71,14880,29.35,0.211,0.948,0,8,397,1,0,0
30.96,26944,74.92,0.108,0.827,0,9,720,1,0,0
10.96,55421,62.49,0.248,0.674,0,9,852,1,0,0
59.54,76687,44.96,0.587,0.878,1,8,645,0,0,0
35.64,32712,1.24,0.312,0.942,1,11,593,1,1,0
158.0,68258,7.27,0.271,0.523,1,9,168,1,0,0
22.46,24017,4.01,0.221,0.718,0,4,908,0,1,0
65.82,60544,65.41,0.119,0.627,0,7,751,1,0,0
8.51,74410,34.55,0.031,0.868,0,7,728,0,0,0
82.83,28484,18.97,0.143,0.626,1,8,1207,1,0,0
57.7,17893,97.06,0.176,0.659,0,10,80,0,1,0
97.85,40703,5.41,0.166,0.744,0,9,176,0,1,0
65.92,35031,25.65,0.178,0.936,0,18,448,0,1,0
25.05,39654,23.5,0.196,0.808,0,6,363,1,0,0
10.62,2284,10.41,0.146,0.667,1,22,652,1,0,0
16.75,43103,16.61,0.19,1.0,0,16,751,1,0,0
6.63,81078,6.71,0.176,0.806,1,7,325,0,0,0
12.98,19343,28.26,0.333,0.96,0,9,847,0,1,0
38.12,36034,13.54,0.012,0.879,0,6,64,1,0,0
26.1,52670,0.6,0.33,1.0,0,12,196,0,0,0
22.67,6215,75.29,0.079,0.752,0,9,2482,1,0,0
14.38,18399,17.4,0.089,0.948,0,11,797,1,0,0
6.57,41877,30.57,0.203,0.861,0,7,233,1,0,0
31.36,9143,5.48,0.183,0.691,0,7,37,1,0,0
36.72,63539,3.4,0.088,0.733,0,8,950,1,0,0
12.26,24047,58.18,0.354,0.688,0,10,1529,1,0,0
17.69,73882,22.35,0.123,0.636,0,9,2130,0,0,0
93.1,61759,17.0,0.358,0.785,0,4,663,1,0,0
68.55,57644,18.41,0.095,0.812,0,8,1383,0,0,0
8.27,57538,6.74,0.233,0.902,0,11,251,0,0,0
25.34,48354,60.96,0.296,0.789,0,12,903,1,1,0
86.83,7564,6.03,0.415,0.751,0,8,1247,1,0,0
22.8,13133,4.3,0.107,0.72,1,8,151,0,0,0
21.86,64285,66.5,0.058,0.91,1,10,567,1,0,0
64.99,3044,7.45,0.224,0.977,0,6,1067,1,0,0
59.72,7087,49.6,0.432,0.832,2,9,836,1,0,0
57.3,34056,37.02,0.535,0.77,0,6,1542,1,0,0
21.99,19631,12.03,0.051,0.364,0,6,1632,1,0,0
46.08,83295,7.33,0.028,1.0,0,7,93,0,0,0
89.64,20357,35.57,0.027,0.562,0,10,315,1,0,0
26.05,70130,22.76,0.157,0.62,0,7,267,1,1,0
19.63,27840,7.33,0.06,1.0,3,5,403,0,1,0
72.53,47960,55.38,0.246,0.755,0,10,97,1,1,0
139.26,999,31.91,0.235,0.954,1,5,1839,0,0,0
147.23,6338,60.0,0.33,0.672,0,8,377,1,0,0
20.09,83962,14.38,0.269,0.456,0,12,121,1,0,0
21.78,33812,3.43,0.308,0.747,0,14,988,0,0,0
11.9,4893,64.45,0.331,0.864,0,6,2452,1,0,0
29.8,9270,23.0,0.266,0.78,1,13,1081,0,0,0
11.48,13313,23.29,0.047,0.756,0,9,269,0,0,0
17.79,53551,21.94,0.55,0.522,0,13,812,1,0,0
47.51,26133,15.99,0.176,0.719,1,10,874,1,0,0
37.04,70796,7.36,0.114,0.787,0,3,561,0,1,0
6.37,68463,23.73,0.225,1.0,0,5,296,1,0,0
95.22,1834,31.7,0.12,0.933,1,7,1349,0,0,0
11.36,40522,62.09,0.117,0.707,0,12,136,1,0,0
12.57,29679,1.87,0.182,0.707,0,12,767,0,0,0
10.06,14921,7.35,0.115,0.679,1,8,897,1,1,0
15.97,20784,37.48,0.167,0.618,0,6,49,1,0,0
13.23,52971,37.31,0.175,1.0,0,13,1848,1,0,0
13.49,13476,5.96,0.143,0.765,0,12,112,0,0,0
3.78,72920,5.11,0.134,0.916,1,10,750,1,0,0
30.08,46443,11.44,0.398,0.599,0,6,316,1,0,0
32.64,81698,1.62,0.096,1.0,0,8,821,1,0,0
163.29,31250,32.77,0.226,0.542,1,13,214,1,0,0
40.01,4379,27.7,0.109,0.921,0,3,31,1,0,0
18.22,43003,48.93,0.022,0.71,0,10,835,0,0,0
10.38,56681,14.06,0.034,0.966,0,6,2895,0,0,0
25.1,56687,25.32,0.17,0.579,0,7,463,1,0,0
38.82,57784,76.95,0.24,0.972,0,4,1001,1,1,0
18.13,69490,79.73,0.294,0.819,0,7,1338,1,0,0
28.47,58812,1.84,0.226,0.495,0,7,80,0,0,0
123.7,67498,0.05,0.221,0.934,1,6,3042,1,0,0
19.94,85368,80.46,0.051,0.671,0,10,191,1,0,0
5.99,36335,19.16,0.403,0.662,0,13,107,0,0,0
54.53,47291,30.13,0.271,0.749,1,6,244,1,0,0
34.86,84814,60.93,0.212,0.884,0,10,1367,0,0,0
6.91,77663,14.19,0.042,0.485,0,10,3201,1,1,0
38.17,35778,14.52,0.035,0.684,0,8,139,0,0,0
12.2,3863,4.57,0.155,0.807,0,11,1077,0,0,0
38.59,16073,59.07,0.103,0.75,0,5,71,0,0,0
124.69,77183,26.08,0.216,0.628,0,6,233,0,0,0
23.53,40093,4.97,0.419,0.585,2,9,286,0,0,0
64.5,49896,20.51,0.372,1.0,1,7,65,1,0,0
10.15,56544,9.94,0.033,0.776,0,8,1990,1,0,0
8.04,66092,3.98,0.318,0.531,0,7,184,1,0,0
136.17,85720,5.02,0.669,0.783,0,10,604,0,0,0
34.68,80870,20.48,0.108,0.826,0,7,2517,1,1,0
45.12,70261,20.77,0.135,0.877,0,10,259,0,0,0
68.14,67387,39.01,0.287,0.69,0,6,524,1,1,0
17.77,10611,7.12,0.136,0.728,0,4,2534,0,0,0
52.46,51508,61.87,0.033,0.983,0,8,2052,1,0,0
46.47,62822,18.28,0.058,1.0,0,8,33,0,0,0
9.62,15819,5.71,0.2,0.94,0,7,1312,1,0,0
90.96,51035,13.33,0.08,0.503,0,10,216,1,0,0
77.13,32467,64.22,0.013,0.567,2,9,865,0,0,0
9.71,7454,16.26,0.264,0.679,0,8,1054,1,0,0
31.82,81042,51.93,0.051,0.695,1,6,78,0,0,0
22.54,20227,4.35,0.311,0.928,0,13,549,1,0,0
84.32,71973,61.32,0.139,0.932,0,11,1385,1,1,0
174.2,28704,14.9,0.256,0.326,4,15,64,1,1,1
483.93,13159,68.77,0.239,0.695,0,11,1078,1,1,0
23.58,49823,50.26,0.126,0.535,0,7,579,1,0,0
48.95,14303,26.97,0.234,0.67,1,3,1137,1,0,0
82.27,38860,27.93,0.191,0.836,0,5,181,0,1,0
23.18,74866,5.94,0.207,1.0,1,9,701,1,0,0
24.73,57551,23.08,0.357,0.661,1,6,1509,1,0,0
18.13,160,19.93,0.01,0.796,1,8,289,0,0,0
13.35,44321,10.17,0.337,0.915,0,6,805,0,1,0
33.7,81714,17.61,0.361,0.596,0,10,1417,0,0,0
24.33,69950,66.18,0.385,0.727,0,12,3212,1,1,0
18.04,53709,0.13,0.11,0.558,0,7,1115,1,1,0
18.9,42945,13.49,0.58,0.772,0,12,1683,1,0,0
42.99,84876,10.15,0.153,0.851,0,9,868,1,0,0
14.32,81756,81.25,0.014,0.6,0,10,38,1,0,0
22.25,8243,91.14,0.313,0.674,0,12,1325,0,0,0
55.64,43625,22.03,0.335,1.0,0,12,579,1,0,0
33.04,4705,19.96,0.189,0.741,0,6,733,0,0,0
11.71,81340,58.38,0.047,0.617,0,13,103,1,0,0
26.6,83664,0.16,0.087,0.676,0,10,2339,1,0,0
38.46,16093,20.65,0.131,0.779,2,5,2692,0,1,0
71.61,61662,0.36,0.19,1.0,4,13,1186,0,0,1
14.82,77438,86.18,0.408,0.865,0,11,338,0,0,0
17.34,37700,9.65,0.328,0.83,0,9,130,1,0,0
15.55,66685,18.39,0.388,0.679,0,7,194,0,1,0
16.18,2559,13.51,0.318,0.942,0,5,1399,0,0,0
37.49,10369,56.02,0.13,0.704,1,6,2498,0,0,0
43.62,60099,215.28,0.182,0.88,1,9,231,1,0,0
62.85,33835,1.77,0.204,0.446,0,8,87,1,1,0
25.21,18213,32.92,0.088,0.741,0,9,775,1,0,0
8.81,33690,11.47,0.181,0.779,0,14,1715,0,0,0
46.32,23130,3.74,0.268,1.0,0,13,90,0,0,0
30.79,83470,13.0,0.144,0.751,0,9,713,1,0,0
28.45,67580,157.27,0.092,0.97,1,7,632,1,0,0
9.71,38581,11.06,0.371,0.852,0,11,1301,1,1,0
23.18,39865,8.12,0.106,0.556,1,13,1049,1,0,0
10.43,67133,46.8,0.018,0.428,0,6,135,1,0,0
39.87,67857,50.61,0.309,1.0,0,10,638,0,0,0
19.22,54010,10.35,0.182,1.0,1,4,215,1,0,0
17.89,30648,8.87,0.15,0.88,0,12,1392,1,1,0
7.93,26597,26.05,0.034,0.695,0,3,630,1,0,0
61.66,63511,5.74,0.382,0.701,0,9,1352,1,1,0
22.05,34085,16.53,0.111,0.773,0,8,910,1,0,0
29.07,31477,3.81,0.164,0.65,0,12,246,1,0,0
15.05,31657,9.09,0.143,0.386,0,14,980,1,0,0
7.24,52707,8.83,0.289,0.992,0,9,91,1,1,0
17.72,86217,29.68,0.315,0.957,0,11,1275,1,0,0
20.14,83477,8.29,0.118,0.378,0,6,1024,0,0,0
34.27,55456,57.19,0.141,0.754,0,11,116,0,0,0
20.41,66605,101.93,0.293,1.0,1,9,193,1,0,0
15.26,62901,2.11,0.075,0.91,0,10,900,1,0,0
8.14,65640,12.67,0.288,0.881,0,8,693,1,1,0
28.18,52905,8.98,0.283,0.463,0,14,620,0,1,0
14.34,5042,10.85,0.426,0.612,0,8,258,0,0,0
78.0,20419,7.71,0.138,0.751,0,7,481,1,1,0
30.57,50999,12.06,0.116,0.976,0,11,998,0,0,0
42.51,58921,3.81,0.198,0.83,1,11,276,1,1,0
22.22,51724,8.21,0.104,0.857,0,5,1867,1,0,0
31.85,23349,34.44,0.187,1.0,0,9,539,0,0,0
13.3,31627,10.54,0.253,0.954,0,13,35,0,0,0
10.56,50135,5.82,0.381,1.0,0,13,673,0,0,0
27.44,32264,2.87,0.265,0.904,0,12,1756,1,0,0
42.79,59404,10.69,0.077,1.0,0,7,646,1,0,0
5.72,4647,25.78,0.376,0.764,0,13,257,0,0,0
18.19,30627,7.3,0.141,0.802,1,14,425,1,0,0
5.27,73076,52.61,0.359,0.499,1,10,848,0,1,1
39.78,49278,76.12,0.341,0.731,0,4,838,0,0,0
92.77,47878,20.09,0.25,0.671,1,6,107,1,0,0
16.33,13300,18.98,0.316,0.802,0,12,271,1,0,0
18.8,62262,13.19,0.073,0.712,1,10,921,1,0,0
58.76,83534,20.35,0.407,0.754,0,11,566,1,0,0
44.65,76172,104.28,0.157,0.594,0,8,2029,1,0,0
25.14,34274,7.32,0.151,0.855,0,7,695,0,0,0
9.87,36243,71.15,0.33,0.98,0,5,194,1,0,0
68.41,29930,4.04,0.259,0.605,0,8,253,0,0,0
201.98,68793,2.94,0.16,0.511,1,6,1007,1,0,0
7.71,12566,26.58,0.167,0.828,0,5,265,1,0,0
83.34,14116,7.23,0.258,0.636,0,8,756,1,0,0
18.64,31507,14.69,0.219,0.397,0,10,1769,1,0,0
20.76,33003,32.7,0.167,1.0,0,7,579,1,1,0
33.64,4753,19.13,0.087,0.508,1,10,1016,1,0,0
10.34,69699,0.35,0.181,1.0,1,6,572,1,0,0
26.32,26556,9.13,0.25,0.458,0,5,508,0,0,0
7.47,72647,1.67,0.123,0.656,1,15,998,1,0,0
39.68,57309,65.13,0.147,0.996,0,12,279,0,0,0
161.9,9391,39.58,0.402,0.489,1,8,1842,1,0,0
16.25,40467,103.13,0.035,0.708,0,11,481,1,0,0
68.24,64964,142.6,0.319,0.292,2,5,510,1,1,1
24.64,74344,16.12,0.185,0.909,1,7,369,0,0,0
59.69,75681,53.55,0.249,0.728,0,10,634,1,0,0
37.5,9009,27.9,0.31,0.687,0,4,1650,0,0,0
56.62,5386,18.59,0.053,0.755,1,10,1193,1,1,0
18.08,78539,11.58,0.085,0.681,2,8,3489,1,0,0
38.35,19487,28.56,0.204,0.773,0,12,34,1,0,0
1.83,32958,22.3,0.304,0.868,1,5,1037,0,0,0
46.25,9910,23.81,0.232,0.773,0,9,733,1,0,0
10.23,40122,12.76,0.36,0.796,0,6,665,0,0,0
20.86,25406,33.61,0.141,0.581,1,10,134,0,1,0
49.22,36240,2.12,0.195,0.8,1,13,291,1,0,0
7.93,38041,32.38,0.142,0.691,0,8,265,1,0,0
64.82,84018,32.8,0.369,0.631,0,5,1528,1,0,0
24.55,35353,18.14,0.243,0.776,0,5,1367,1,0,0
86.7,76053,7.64,0.104,0.745,0,5,902,0,0,0
13.17,450,18.31,0.204,0.996,0,8,328,1,0,0
6.36,14174,3.28,0.215,0.986,0,7,184,1,0,0
103.39,20813,49.61,0.381,0.164,2,8,350,1,1,1
43.37,8956,13.67,0.087,0.775,0,12,1855,0,0,0
46.37,62974,27.96,0.266,0.449,0,8,180,0,0,0
10.93,43513,5.18,0.173,0.809,0,8,91,1,0,0
7.39,33249,4.3,0.202,0.435,0,8,1291,0,0,0
21.12,51559,23.4,0.023,0.854,1,8,1475,0,0,0
40.98,15038,28.45,0.103,1.0,0,4,1870,0,1,0
39.36,14480,2.18,0.015,0.799,1,12,287,1,0,0
95.36,4648,0.84,0.325,0.681,2,11,191,1,1,0
20.11,16459,3.98,0.317,0.745,0,7,108,0,0,0
6.2,16166,57.82,0.338,0.815,0,12,600,1,0,0
70.62,29344,27.92,0.302,0.55,0,4,1621,1,0,0
31.69,10527,63.47,0.041,0.643,0,10,325,1,0,0
33.98,66996,27.32,0.325,0.642,0,5,359,0,0,0
50.08,40269,83.98,0.168,0.624,0,9,208,0,0,0
74.51,78913,14.45,0.387,1.0,0,7,736,1,0,0
26.62,76976,22.85,0.154,0.67,0,11,2876,0,0,0
69.49,62790,22.98,0.101,0.793,0,5,1380,1,0,0
42.17,1998,0.08,0.043,0.825,0,14,2337,1,0,0
16.05,35358,0.7,0.596,1.0,0,6,571,1,0,0
22.5,48071,3.92,0.343,1.0,1,5,322,0,0,0
44.41,24774,17.89,0.18,0.771,0,5,1620,1,0,0
15.38,10659,14.08,0.193,0.777,1,15,894,0,0,0
55.1,1097,19.4,0.192,0.83,0,7,144,0,1,0
30.77,67677,40.3,0.158,0.806,0,11,115,1,0,0
36.79,56172,43.18,0.05,0.575,0,11,521,1,0,0
85.83,72039,94.32,0.033,0.88,0,9,351,1,0,0
55.11,56488,23.61,0.666,0.581,6,11,218,1,1,1
28.71,26884,10.66,0.365,0.52,0,11,377,1,0,0
25.38,44805,9.21,0.18,0.623,0,8,1900,1,0,0
24.34,49423,10.42,0.213,0.74,1,8,1916,1,0,0
34.81,47311,9.78,0.402,0.524,0,7,518,1,0,0
80.69,83287,12.48,0.14,0.717,0,8,555,1,0,0
16.62,72557,1.95,0.111,0.212,1,10,1388,1,0,0
15.64,43410,25.09,0.224,0.71,0,8,646,1,0,0
75.79,3311,20.99,0.069,0.443,0,12,452,0,0,0
17.24,75386,15.5,0.133,0.713,1,14,473,1,0,0
32.23,25018,2.11,0.128,0.72,0,9,410,1,0,0
16.89,8800,2.45,0.128,0.852,0,7,1156,1,0,0
7.07,33860,19.69,0.07,0.868,0,7,1044,1,0,0
31.77,3784,0.93,0.095,0.747,0,11,99,0,0,0
66.16,55764,32.26,0.156,0.992,1,9,466,0,0,0
25.8,32390,126.99,0.038,0.783,0,6,74,1,1,0
8.29,84777,22.75,0.078,0.727,0,9,776,1,0,0
29.58,67480,32.13,0.07,0.869,0,9,991,0,1,0
14.81,35639,14.45,0.191,0.893,0,13,444,0,1,0
3.33,74670,27.52,0.078,0.747,0,14,1990,1,1,0
25.41,6604,26.37,0.085,0.652,1,6,1041,1,0,0
41.02,75185,43.44,0.386,0.525,0,8,866,1,0,0
69.56,48585,31.06,0.03,0.519,1,7,682,0,0,0
110.55,40407,34.56,0.251,1.0,0,12,796,1,0,0
45.64,2138,20.33,0.061,0.392,1,7,305,0,0,0
57.22,74016,16.57,0.115,0.513,0,5,362,0,0,0
9.7,71651,15.35,0.268,0.493,0,7,1027,1,0,0
99.23,36112,12.44,0.143,1.0,0,4,914,1,0,0
74.73,23532,7.73,0.382,0.584,0,7,132,1,1,0
20.21,7681,0.85,0.328,0.524,1,7,343,1,0,0
46.77,70222,27.8,0.234,0.417,0,10,258,1,1,0
54.67,39467,143.15,0.56,0.357,1,7,90,1,1,1
87.9,51782,66.65,0.066,0.54,1,8,2664,0,0,0
24.03,12835,21.72,0.065,0.562,0,9,1035,1,1,0
14.92,15281,2.47,0.151,0.979,0,7,477,0,0,0
18.32,24298,52.73,0.039,0.857,0,9,113,1,1,0
55.56,82143,34.43,0.019,0.627,3,8,407,1,1,0
5.84,28226,7.24,0.339,0.697,0,10,1029,1,1,0
2.47,67057,40.68,0.068,1.0,0,2,39,1,0,0
55.45,38816,15.97,0.09,0.48,0,9,2239,1,1,0
33.78,37912,54.64,0.398,0.607,0,12,1019,1,0,0
27.52,70308,7.11,0.332,0.689,0,10,1352,1,0,0
9.54,71843,40.35,0.088,0.65,0,10,1166,0,0,0
6.9,31010,31.11,0.159,0.588,0,7,2804,0,1,0
16.32,77586,0.36,0.185,0.528,0,5,1148,0,0,0
36.21,10284,20.71,0.273,0.607,1,7,121,0,0,0
16.97,78191,31.43,0.018,0.859,0,5,343,1,0,0
55.71,62674,4.25,0.276,0.805,0,13,361,1,0,0
12.64,736,18.98,0.139,0.592,0,11,207,1,0,0
17.9,29594,9.06,0.19,0.386,0,10,396,0,0,0
47.59,62238,29.79,0.148,0.869,0,6,719,1,0,0
20.05,16244,19.42,0.264,0.652,0,9,167,1,1,0
20.87,6663,24.29,0.224,0.515,0,5,66,1,1,0
16.2,78881,1.88,0.238,0.768,1,8,86,1,1,0
13.97,84201,3.71,0.135,0.653,0,11,169,0,0,0
35.99,7348,20.08,0.18,0.799,0,8,2999,0,0,0
39.92,38801,5.0,0.13,0.87,0,13,188,1,0,0
32.52,70155,17.26,0.485,0.485,1,9,847,1,1,0
16.56,64237,29.28,0.214,0.897,0,13,2556,0,0,0
23.08,46943,41.49,0.192,0.857,0,7,1692,1,0,0
97.2,41345,3.86,0.261,0.737,1,7,228,1,0,0
8.7,61363,33.86,0.427,0.738,1,9,1488,1,0,0
122.57,54091,11.28,0.289,0.757,0,11,534,1,0,0
29.36,10566,28.4,0.311,0.702,0,9,93,1,0,0
23.47,33281,3.92,0.216,0.513,0,8,769,1,0,0
58.13,57370,18.1,0.072,0.573,0,8,398,1,0,0
5.19,79769,45.44,0.19,0.657,0,6,403,0,0,0
81.8,33432,2.81,0.215,1.0,1,9,559,0,0,0
119.84,44944,43.96,0.195,0.747,0,6,870,1,0,0
64.74,22208,15.07,0.252,0.774,0,5,1049,1,1,0
5.04,39006,43.33,0.167,0.407,0,9,141,1,0,0
49.97,22695,79.48,0.364,0.984,0,11,2759,0,0,0
101.17,50692,4.35,0.213,0.601,0,15,807,1,0,0
93.15,75483,28.07,0.09,0.773,0,6,146,1,0,0
8.79,77851,6.7,0.297,0.617,1,8,406,1,0,0
61.14,61176,3.64,0.033,0.952,0,8,580,0,0,0
114.03,39925,24.73,0.142,1.0,0,1,177,0,0,0
27.76,8499,2.86,0.185,0.836,1,7,929,0,0,0
8.48,44429,15.65,0.277,0.576,0,9,199,1,0,0
52.61,43793,25.26,0.243,0.776,1,12,684,0,0,0
63.0,11556,17.31,0.132,0.733,0,9,304,1,0,0
24.26,703,29.86,0.066,0.797,0,12,1267,1,0,0
10.46,72174,40.41,0.1,0.64,1,9,336,1,0,0
59.47,354,51.44,0.147,0.463,0,5,4363,1,0,0
14.66,33314,20.52,0.258,0.563,0,16,1543,1,0,0
37.26,14973,8.1,0.14,0.578,0,18,201,1,1,0
94.3,70672,17.82,0.074,0.488,0,9,1530,0,0,0
7.19,65645,12.26,0.125,0.856,0,10,1128,0,0,0
56.05,50650,6.4,0.255,0.667,0,13,122,1,0,0
22.98,63497,18.83,0.137,0.999,0,8,1066,0,0,0
23.46,57906,0.57,0.257,0.883,0,3,638,0,0,0
40.91,58931,23.26,0.347,0.621,1,7,2590,1,0,0
14.63,56044,43.09,0.181,0.631,0,7,2043,1,0,0
10.59,64831,187.0,0.231,1.0,0,10,184,1,0,0
6.51,64800,63.67,0.121,0.643,1,7,2879,0,0,0
72.63,14944,2.35,0.445,0.736,0,11,186,1,1,0
20.14,46459,4.43,0.242,0.799,0,10,835,0,0,0
42.77,32944,3.73,0.248,1.0,1,9,2733,1,0,0
18.39,46443,20.43,0.178,0.479,0,12,73,1,1,0
10.7,27774,1.18,0.142,0.949,2,8,5279,0,0,0
45.69,45040,69.11,0.179,0.766,0,12,632,0,0,0
35.25,5056,1.6,0.223,0.854,1,8,517,1,0,0
22.43,58238,12.41,0.029,0.578,1,10,709,1,0,0
34.52,64957,56.1,0.129,0.873,0,7,1226,0,0,0
12.57,71945,74.1,0.103,0.659,1,14,1839,0,0,0
63.34,13598,15.65,0.167,0.696,1,4,280,0,0,0
76.24,16810,16.76,0.118,0.821,0,12,1172,0,0,0
49.77,1527,25.28,0.166,0.836,0,11,1185,1,0,0
20.13,5250,13.09,0.127,0.363,1,13,2296,1,0,0
28.43,15158,9.81,0.198,0.752,0,8,260,1,0,0
95.11,71488,33.62,0.236,0.614,0,12,1749,1,0,0
75.56,84714,22.62,0.402,0.894,0,11,1387,0,0,0
133.63,26482,16.43,0.054,0.785,0,7,1303,0,1,0
14.52,59963,2.66,0.24,0.516,0,11,75,0,0,0
13.52,27149,1.78,0.05,0.629,0,9,315,1,0,0
30.19,52719,17.88,0.101,0.991,0,10,1059,1,1,0
37.54,8947,24.15,0.257,0.774,0,10,1046,1,0,0
24.2,6303,26.79,0.199,0.943,0,8,992,1,0,0
19.85,73479,56.32,0.55,0.786,2,6,1853,1,0,0
74.73,61657,42.35,0.02,0.789,0,9,1208,1,1,0
25.21,41742,3.79,0.236,0.717,0,14,947,1,1,0
10.26,37409,39.55,0.34,0.44,0,8,2641,1,0,0
11.25,5780,28.2,0.129,0.836,0,21,1152,1,0,0
33.04,79830,44.01,0.166,0.814,1,7,256,1,0,0
299.5,6183,46.34,0.109,0.775,0,6,587,1,0,0
12.42,73469,10.6,0.178,0.92,1,12,304,1,0,0
21.08,59417,7.64,0.232,0.91,0,5,2164,0,0,0
185.65,82410,20.11,0.342,0.638,0,11,417,1,0,0
18.4,20373,8.87,0.437,0.57,2,11,1041,1,0,0
39.03,52620,10.76,0.151,0.751,0,8,1930,1,0,0
121.6,50200,1.79,0.146,1.0,0,11,213,1,0,0
12.66,16582,118.79,0.234,0.771,0,12,1138,1,0,0
21.17,77914,9.25,0.382,0.775,1,8,1985,1,0,0
18.4,74126,37.86,0.278,0.645,0,6,1444,1,0,0
8.05,82379,124.62,0.092,0.621,0,9,190,1,0,0
95.15,30944,86.95,0.433,0.726,0,7,712,1,0,0
16.97,23847,25.12,0.117,0.859,1,7,3812,1,0,0
13.45,76974,19.34,0.296,0.75,0,7,98,0,0,0
19.0,54613,9.25,0.153,0.543,0,11,2065,1,0,0
57.0,1293,49.42,0.178,0.834,0,6,71,0,0,0
29.68,76487,10.31,0.152,0.745,1,8,1066,1,0,0
18.57,76119,101.43,0.358,0.455,2,7,404,0,0,1
37.61,83118,8.71,0.076,1.0,1,13,401,1,1,0
51.94,54159,9.46,0.108,0.995,1,4,43,1,0,0
26.6,21318,31.69,0.236,0.471,0,10,984,1,1,0
22.47,23313,4.64,0.258,1.0,0,7,659,1,0,0
61.11,42924,9.53,0.145,0.82,0,10,379,0,0,0
23.49,78842,1.99,0.04,0.907,1,8,846,1,0,0
98.16,80918,47.16,0.092,0.769,0,6,1119,1,0,0
14.79,27161,32.25,0.388,0.751,0,6,1185,0,0,0
14.52,59073,14.38,0.285,0.74,0,5,32,1,0,0
13.16,39041,14.05,0.179,0.805,0,14,965,0,0,0
22.4,27250,4.55,0.406,0.609,0,5,2003,0,0,0
27.17,8357,12.13,0.041,0.562,1,6,865,1,0,0
9.39,72952,59.33,0.029,0.792,1,11,1096,1,0,0
29.29,43689,3.73,0.102,0.648,0,8,169,0,0,0
42.62,34459,36.21,0.1,0.756,0,9,2373,1,1,0
8.39,54544,1.21,0.036,0.771,0,11,1506,0,0,0
91.93,45298,104.7,0.401,0.496,1,11,233,1,0,1
42.69,67951,46.92,0.093,0.686,0,8,1645,0,1,0
11.34,65489,14.72,0.122,0.643,0,12,93,1,0,0
21.06,23226,30.32,0.383,0.672,0,10,1634,1,0,0
61.65,8818,121.53,0.293,0.451,3,9,1136,0,1,1
113.99,2305,28.75,0.136,0.831,1,6,695,1,0,0
38.55,57186,42.73,0.322,0.65,0,7,119,1,1,0
23.68,53107,40.9,0.193,1.0,0,7,263,1,0,0
18.15,67830,14.45,0.246,0.583,0,8,587,1,1,0
56.18,81121,58.62,0.049,0.664,0,8,289,1,1,0
67.14,54414,21.39,0.104,0.416,0,11,746,0,0,0
10.75,68753,42.58,0.143,0.632,0,11,4847,1,0,0
56.17,67621,6.0,0.139,0.78,0,13,929,0,0,0
16.68,12679,5.9,0.21,0.763,0,8,1251,0,0,0
13.63,12879,35.1,0.505,0.653,0,10,500,1,0,0
23.98,6803,26.01,0.246,0.884,0,14,2209,1,0,0
59.94,4216,28.2,0.201,0.663,0,5,243,1,0,0
34.73,10923,6.75,0.179,0.525,1,8,363,1,0,0
33.98,50411,12.75,0.023,0.82,1,6,1093,1,0,0
35.94,58402,7.47,0.399,0.784,0,10,77,1,0,0
39.41,56331,1.76,0.13,0.678,0,8,1797,1,0,0
24.75,19832,5.7,0.127,0.713,0,5,1927,1,0,0
44.95,48878,133.29,0.268,0.839,1,8,2461,1,0,0
15.99,22315,6.67,0.245,1.0,0,12,45,1,0,0
45.64,64552,4.34,0.382,0.666,0,11,869,0,0,0
53.82,25728,29.84,0.319,1.0,0,7,2648,1,0,0
47.43,4376,23.04,0.039,0.991,1,9,135,0,0,0
49.44,79183,34.26,0.018,0.66,0,10,1731,1,0,0
39.33,39932,26.51,0.264,0.696,0,4,524,0,0,0
69.32,64377,6.31,0.134,1.0,0,10,637,1,0,0
4.4,83726,17.37,0.5,0.508,0,10,1013,0,0,0
53.68,82506,4.86,0.24,0.647,1,9,290,1,0,0
131.68,37220,7.31,0.064,0.633,0,5,248,0,1,0
16.49,66022,108.41,0.158,0.343,0,6,392,1,0,0
15.07,67244,32.61,0.056,0.961,0,10,5727,1,0,0
75.87,13356,38.18,0.092,0.885,0,13,130,1,1,0
12.92,46514,0.76,0.255,0.827,1,12,3182,1,0,0
15.9,36774,12.04,0.133,0.92,2,5,1255,0,0,0
31.06,21011,20.26,0.456,0.806,0,14,671,0,1,0
14.31,19414,4.05,0.371,0.927,1,4,552,1,1,0
54.6,37070,47.19,0.181,1.0,0,4,862,1,0,0
14.4,31859,3.76,0.114,0.775,0,9,1216,1,0,0
36.18,53532,25.3,0.176,1.0,0,10,4600,1,1,0
34.04,26387,20.14,0.229,0.745,0,9,142,1,0,0
102.63,17321,47.31,0.241,0.518,0,13,1080,1,0,0
68.87,71775,9.34,0.413,0.795,0,3,4097,1,1,0
17.75,32267,8.35,0.012,1.0,0,6,503,0,0,0
9.86,19255,46.84,0.135,0.87,1,7,1011,0,0,0
53.0,25458,6.26,0.231,0.73,0,17,151,0,0,0
16.08,10200,34.26,0.446,0.896,0,12,419,1,1,0
44.39,3636,92.58,0.436,0.405,0,9,334,1,1,1
11.61,54881,52.13,0.141,0.644,0,4,782,1,0,0
46.68,76285,45.67,0.047,1.0,1,9,1795,1,0,0
16.16,64775,38.72,0.068,0.937,0,11,4817,0,0,0
26.36,37689,16.91,0.378,0.949,2,17,2947,1,0,0
26.69,69399,0.86,0.374,0.87,0,9,2104,1,0,0
31.4,46956,3.55,0.017,1.0,0,10,2604,0,0,0
46.03,38016,15.25,0.278,0.916,0,8,663,0,0,0
22.33,26712,1.12,0.193,0.504,1,5,591,0,0,0
14.98,67553,1.64,0.343,0.778,0,13,35,1,0,0
6.12,27725,3.35,0.172,0.83,0,14,543,1,0,0
29.43,20195,7.56,0.22,0.814,0,10,294,0,0,0
23.91,70316,34.59,0.467,0.863,0,11,761,0,0,0
15.36,43631,1.23,0.25,0.651,0,9,1428,1,0,0
28.5,81280,102.82,0.293,0.817,0,9,1339,1,0,0
53.77,73160,8.0,0.043,0.698,0,6,1665,0,1,0
65.99,38039,9.65,0.349,0.635,0,10,452,1,0,0
7.94,26171,7.12,0.204,1.0,0,11,1411,0,0,0
20.31,18897,23.06,0.17,0.51,0,8,2015,1,0,0
58.49,53679,0.49,0.25,0.457,0,5,705,0,1,0
97.21,54182,2.46,0.24,0.585,0,9,523,1,0,0
14.1,37137,2.6,0.239,0.701,1,10,1023,0,0,0
81.67,62771,27.31,0.079,1.0,1,6,635,1,0,0
9.21,72961,9.99,0.119,0.802,0,10,2668,0,0,0
67.94,54628,14.38,0.096,0.833,0,12,2273,1,1,0
21.64,82152,74.88,0.135,0.638,0,11,572,0,0,0
94.66,66723,5.58,0.097,0.866,0,13,621,1,0,0
18.7,5423,1.82,0.279,0.987,1,9,171,1,0,0
21.16,72535,14.56,0.058,0.549,0,6,4180,1,0,0
24.37,70434,4.48,0.101,0.817,1,9,1651,0,0,0
7.93,4805,3.91,0.094,0.825,0,13,1376,0,0,0
6.62,50000,13.2,0.537,0.925,0,8,2029,0,1,0
40.78,50802,27.69,0.109,0.439,0,5,3076,1,0,0
59.79,29767,6.95,0.321,0.636,0,10,1100,0,0,0
44.08,73641,52.18,0.097,0.683,0,14,203,1,0,0
9.94,57289,11.25,0.171,0.882,0,15,651,0,0,0
13.05,59215,152.66,0.557,0.23,1,6,863,1,1,1
12.28,5925,16.95,0.08,0.518,0,3,630,1,1,0
37.57,30873,32.43,0.226,0.451,2,9,88,0,0,0
67.02,76029,47.26,0.188,1.0,0,9,200,0,0,0
36.38,33459,18.86,0.425,0.641,1,14,157,1,0,0
87.78,34850,47.48,0.185,1.0,0,8,193,1,0,0
24.05,54049,11.87,0.348,0.853,0,6,1075,0,0,0
22.8,58505,11.29,0.232,0.723,0,9,561,0,0,0
28.61,1703,39.5,0.485,0.904,0,10,564,1,1,0
9.26,5227,6.9,0.206,0.964,0,5,1488,0,0,0
19.64,44339,31.56,0.215,0.706,0,8,1035,1,0,0
21.07,8331,2.01,0.116,0.653,0,10,1653,0,0,0
21.6,52584,25.24,0.254,0.764,0,5,55,1,0,0
33.6,66194,71.14,0.102,0.97,0,4,262,1,0,0
8.3,4661,15.24,0.148,0.694,0,8,217,0,0,0
10.84,30222,13.44,0.235,0.7,0,7,438,1,1,0
67.06,79070,19.44,0.379,0.652,0,7,1179,1,0,0
5.44,63396,31.79,0.461,0.585,0,4,1597,0,0,0
44.39,51900,11.11,0.294,0.813,1,9,1095,0,0,0
20.11,24977,0.0,0.199,0.648,0,6,861,1,0,0
30.82,73050,17.43,0.055,1.0,1,8,491,0,0,0
94.3,851,13.59,0.574,1.0,1,6,1059,1,0,0
24.41,3868,19.02,0.162,0.44,0,8,712,1,0,0
44.72,11370,31.41,0.339,0.772,3,5,1007,1,0,0
28.41,74070,8.33,0.089,0.966,0,10,531,1,0,0
24.84,15683,17.59,0.09,0.874,0,7,722,0,0,0
22.5,67322,7.31,0.018,0.993,0,10,1433,1,0,0
47.51,78399,15.37,0.183,0.618,0,13,270,1,1,0
15.1,3748,10.56,0.255,0.463,0,5,1657,1,1,0
10.96,38074,11.51,0.351,0.766,0,10,1739,1,0,0
28.78,52022,21.65,0.102,0.808,0,10,557,0,0,0
17.89,30122,50.56,0.56,0.658,5,9,281,0,0,1
6.3,82611,0.32,0.321,0.71,1,8,405,1,0,0
26.89,36646,52.32,0.228,1.0,0,10,84,0,0,0
10.16,3916,11.33,0.241,0.865,0,17,562,1,1,0
44.77,33426,25.79,0.094,0.665,1,4,692,0,1,0
6.4,57527,3.26,0.049,0.498,1,4,364,1,0,0
126.48,21803,21.18,0.106,0.914,0,12,1391,1,0,0
20.69,38701,28.37,0.124,0.754,1,9,47,1,0,0
13.57,83623,4.28,0.398,0.899,1,12,208,1,0,0
21.62,53583,60.8,0.168,0.878,1,15,930,0,0,0
42.31,76980,35.42,0.127,0.696,1,10,519,1,0,0
55.28,33170,19.08,0.224,0.538,0,17,969,1,1,0
21.77,57316,4.54,0.184,0.806,0,6,1249,0,0,0
8.58,81357,50.16,0.333,0.787,0,8,539,0,0,0
10.28,73963,1.78,0.403,0.73,0,13,2065,0,0,0
34.09,33373,3.06,0.422,0.74,0,9,157,1,0,0
59.73,29587,29.95,0.367,0.579,0,5,150,0,0,0
66.29,53162,7.32,0.191,1.0,1,12,1311,1,1,0
30.9,33390,132.87,0.497,0.286,2,12,103,1,1,1
58.78,60678,19.35,0.293,0.631,0,11,459,1,0,0
125.2,50985,15.32,0.28,0.843,2,5,61,0,0,0
70.27,58596,2.19,0.107,0.635,0,11,1908,1,0,0
56.69,24814,33.44,0.021,0.762,0,3,580,0,0,0
14.22,71381,6.86,0.188,0.822,0,12,957,1,0,0
58.56,5708,33.54,0.022,0.945,0,7,1154,0,0,0
39.21,23085,50.12,0.233,0.549,0,5,83,0,0,0
45.63,23283,19.22,0.095,0.629,0,15,1707,1,1,0
74.36,75301,30.64,0.251,0.813,0,8,634,1,0,0
36.12,51584,0.94,0.155,0.662,0,11,892,1,0,0
41.21,54190,99.85,0.492,0.448,2,9,28,1,0,1
58.13,39274,2.44,0.444,0.495,0,6,22,1,1,1
21.39,25740,11.09,0.099,0.578,1,6,1722,1,0,0
32.15,78395,5.05,0.323,0.937,0,9,2180,1,0,0
33.86,9168,25.19,0.532,0.863,0,9,124,1,0,0
32.95,41919,8.1,0.181,0.645,1,7,807,1,1,0
58.42,21955,46.73,0.281,0.654,0,10,238,0,0,0
54.18,64566,20.56,0.098,1.0,0,4,173,0,0,0
25.8,44138,11.87,0.186,0.993,0,10,519,0,1,0
13.77,35102,55.89,0.308,0.654,0,6,1770,1,0,0
36.84,85344,44.06,0.12,0.858,1,15,1527,0,0,0
163.54,55181,42.87,0.309,0.56,0,5,2010,0,0,0
35.06,11476,32.58,0.33,0.604,0,12,250,0,0,0
21.4,48725,23.81,0.038,0.649,0,10,395,0,0,0
41.62,64388,11.43,0.041,0.664,0,11,450,1,1,0
43.67,82806,13.73,0.118,0.851,1,7,100,0,0,0
43.28,8885,26.04,0.209,0.635,0,12,2748,0,0,0
81.31,8372,4.74,0.315,0.6,0,7,749,1,0,0
36.92,25764,43.98,0.182,0.6,0,11,950,1,0,0
78.28,85087,69.79,0.079,0.592,0,11,1193,1,0,0
32.6,27018,2.58,0.194,0.966,2,11,131,0,0,0
90.92,40689,0.57,0.126,0.496,0,7,674,1,0,0
71.19,69929,3.85,0.122,0.477,1,9,440,1,0,0
56.68,23222,35.67,0.272,0.967,0,8,574,0,0,0
50.98,33957,2.85,0.086,0.579,0,11,140,1,0,0
170.92,44695,11.64,0.133,0.951,0,13,385,1,0,0
64.15,5004,1.63,0.255,0.818,1,3,590,1,1,0
13.74,30473,14.17,0.396,0.879,0,7,47,0,1,0
33.01,69614,23.15,0.135,0.53,1,8,383,0,0,0
21.94,44334,24.76,0.136,0.961,2,13,285,1,1,0
141.4,17618,18.29,0.141,0.74,0,7,1695,1,0,0
73.78,9844,69.56,0.268,0.689,1,9,490,0,0,0
137.77,32777,18.94,0.317,0.844,0,15,903,1,0,0
14.76,80768,49.02,0.259,0.761,0,9,333,0,0,0
65.45,5048,124.14,0.103,0.624,1,13,1082,1,0,0
9.1,19955,6.53,0.248,0.975,0,10,1390,1,0,0
7.59,7286,7.72,0.013,0.575,2,9,2503,1,0,0
19.74,3702,18.45,0.216,0.395,0,14,792,1,0,0
90.91,48010,5.03,0.413,0.828,0,12,212,0,1,0
12.25,48564,20.76,0.386,0.876,0,7,456,0,0,0
26.75,63614,28.83,0.33,0.771,1,8,2291,1,1,0
30.79,28899,105.29,0.447,0.57,1,7,1098,1,1,1
53.36,80316,28.6,0.06,0.493,0,4,679,0,1,0
159.64,13526,4.34,0.228,0.829,1,10,153,1,0,0
27.19,80111,8.89,0.099,0.695,0,7,741,0,0,0
19.04,37243,33.56,0.583,0.691,0,10,39,0,0,0
107.54,35147,42.81,0.336,0.624,2,11,357,1,1,1
20.2,41885,18.97,0.142,0.461,0,9,48,1,0,0
11.21,27040,22.24,0.033,0.636,0,7,1437,1,1,0
6.44,19281,4.49,0.133,0.675,1,9,388,1,0,0
130.41,36035,8.03,0.137,0.762,0,12,849,1,0,0
28.19,38874,23.31,0.432,0.95,0,12,3104,0,0,0
215.55,4334,15.46,0.019,0.634,0,8,530,1,0,0
13.85,4089,26.97,0.147,0.653,1,9,124,1,0,0
19.24,18501,48.23,0.141,0.548,0,8,350,0,0,0
14.58,9990,3.63,0.543,0.727,0,9,253,1,0,0
16.24,4114,1.83,0.139,0.616,1,11,1021,1,0,0
54.54,70542,27.47,0.148,0.585,0,5,245,0,0,0
42.65,85364,36.81,0.08,0.738,0,10,1531,0,0,0
54.62,64751,14.91,0.106,0.852,0,4,663,1,0,0
79.35,77114,12.52,0.297,0.894,0,10,330,1,0,0
65.75,49349,22.71,0.356,0.632,0,11,33,0,0,0
12.1,31736,20.04,0.046,0.671,1,9,991,1,1,0
17.83,85253,16.84,0.173,1.0,0,5,135,0,0,0
29.88,76619,42.69,0.259,0.774,0,4,2279,1,0,0
535.0,82051,4.76,0.388,0.757,0,8,2075,0,0,0
50.3,74821,28.58,0.267,0.88,0,4,800,0,0,0
30.91,766,386.8,0.364,0.409,2,11,913,0,1,1
46.46,77496,57.89,0.27,0.783,0,11,168,0,0,0
16.74,76521,72.56,0.141,0.436,1,7,499,1,0,0
33.45,35186,17.73,0.071,0.522,0,7,3001,0,0,0
58.19,38756,14.21,0.056,0.808,0,15,630,1,0,0
26.49,62982,17.52,0.069,0.849,0,9,445,1,0,0
14.8,71093,32.97,0.23,0.577,0,12,102,1,0,0
25.48,38353,0.43,0.081,0.836,1,11,3633,1,0,0
21.0,11836,4.78,0.114,0.405,0,10,1129,1,0,0
9.15,27860,59.56,0.287,0.505,0,10,1777,0,0,0
17.16,72649,5.44,0.028,0.563,1,15,1383,0,0,0
8.9,81115,6.48,0.162,1.0,1,7,912,1,0,0
10.08,22187,70.11,0.127,0.859,0,6,859,1,0,0
10.88,64482,8.71,0.319,0.838,0,9,869,1,0,0
58.13,74541,8.58,0.179,0.767,0,7,95,0,0,0
89.24,11440,64.33,0.013,0.735,0,10,1266,0,0,0
7.93,75418,11.75,0.132,0.698,0,6,158,1,0,0
95.98,61646,17.03,0.206,0.556,1,7,732,0,0,0
11.01,25843,20.55,0.328,0.785,0,11,124,1,0,0
49.28,24553,50.68,0.332,0.494,0,6,440,0,0,0
33.34,8870,2.02,0.174,0.714,0,6,386,0,1,0
45.09,35029,7.56,0.106,0.85,0,9,2364,1,0,0
10.67,74835,22.11,0.472,0.76,0,11,332,0,0,0
6.36,71706,14.26,0.297,0.992,0,9,561,1,0,0
14.26,30197,8.15,0.189,0.389,1,5,350,0,1,0
38.15,27438,13.18,0.264,0.524,0,7,36,1,1,0
129.74,53316,84.71,0.066,0.8,0,9,446,1,0,0
11.9,13873,0.53,0.203,0.713,0,8,1086,0,0,0
25.05,44307,3.97,0.225,0.703,0,10,681,0,0,0
14.89,18039,0.47,0.057,1.0,0,8,972,0,0,0
26.74,17350,22.5,0.298,0.598,0,9,3435,0,0,0
74.54,58519,66.43,0.288,0.436,5,12,652,1,0,1
89.88,46212,15.13,0.185,0.634,1,9,288,1,0,0
27.64,52435,49.01,0.102,0.59,0,9,593,0,0,0
56.47,62454,2.56,0.226,0.81,1,6,997,1,0,0
22.52,82100,11.36,0.052,0.888,0,7,174,1,0,0
31.58,31487,11.87,0.076,0.658,0,8,421,1,0,0
66.89,63334,11.25,0.106,0.554,0,15,289,0,0,0
30.13,14459,32.5,0.12,0.643,0,10,1060,1,0,0
31.01,22705,0.11,0.449,0.59,0,8,115,0,0,0
14.37,23490,37.85,0.098,0.811,0,10,1066,0,0,0
17.68,63216,45.67,0.303,0.684,0,8,502,0,0,0
12.06,58593,14.12,0.268,0.735,0,16,90,0,0,0
15.02,37026,54.54,0.295,0.628,0,6,582,0,0,0
73.77,83775,11.99,0.358,0.623,0,6,375,0,0,0
41.68,63396,278.01,0.522,0.219,1,7,399,1,0,1
10.0,33260,12.31,0.356,0.732,0,8,1755,0,0,0
395.18,83749,10.79,0.225,0.439,2,8,40,0,0,1
21.03,43162,2.18,0.108,0.398,0,11,386,1,0,0
82.9,84552,14.59,0.226,0.466,0,6,921,0,1,0
30.2,36098,115.37,0.036,0.784,1,4,2574,1,0,0
26.95,11493,4.89,0.126,0.546,1,10,358,1,0,0
14.94,14435,56.48,0.282,0.889,0,6,2681,1,0,0
107.68,78877,196.32,0.142,0.517,3,12,636,1,1,1
49.84,23262,13.18,0.02,0.938,0,12,1088,0,0,0
35.96,36061,15.49,0.21,0.847,0,6,624,1,0,0
36.67,66575,17.47,0.2,0.904,1,7,287,1,1,0
16.79,53020,36.79,0.031,1.0,1,7,279,0,1,0
24.13,75717,3.3,0.093,0.876,0,12,358,0,0,0
51.05,2765,9.96,0.22,0.96,1,10,316,0,0,0
59.48,66147,4.68,0.463,0.608,1,5,303,0,0,0
10.56,10775,52.68,0.016,0.692,1,8,1701,0,0,0
16.34,39469,1.83,0.214,0.609,0,8,1815,0,0,0
8.92,61679,34.43,0.066,0.876,0,12,328,1,0,0
31.85,36839,14.48,0.069,0.826,0,8,2986,0,0,0
55.01,58008,31.35,0.161,0.888,0,10,4740,1,0,0
21.69,85034,55.16,0.157,0.845,0,7,149,1,1,0
15.95,17974,10.38,0.057,0.739,0,10,91,1,0,0
20.73,18752,6.44,0.089,0.728,0,6,115,1,0,0
171.58,46747,26.26,0.325,1.0,0,9,389,1,0,0
70.35,31528,150.05,0.15,0.56,0,10,153,1,0,0
48.66,58271,32.69,0.137,0.588,0,7,190,0,0,0
35.02,6893,39.69,0.324,0.701,0,10,1220,0,0,0
26.84,28851,24.85,0.397,0.448,0,7,884,1,0,0
13.13,67390,11.48,0.321,0.86,0,11,88,0,0,0
11.6,50841,26.58,0.056,0.592,0,19,37,1,0,0
17.21,49868,3.44,0.23,0.758,0,14,1961,1,0,0
12.64,38155,16.78,0.252,1.0,0,5,415,0,0,0
16.67,24085,21.28,0.266,0.707,0,12,2799,1,1,0
24.99,86327,59.31,0.432,0.659,1,6,1380,0,0,0
63.2,36869,46.48,0.452,0.168,3,11,100,0,1,1
16.51,68131,1.55,0.034,0.86,0,9,381,1,0,0
40.29,8829,24.98,0.032,1.0,0,7,53,0,1,0
23.31,29129,39.79,0.3,0.616,0,8,216,0,0,0
32.19,26340,19.22,0.233,0.611,0,12,800,1,0,0
14.94,22202,2.51,0.097,0.645,0,10,2006,1,0,0
47.2,68154,6.62,0.215,0.707,0,5,4997,1,0,0
17.67,3551,9.41,0.096,0.855,1,5,380,1,0,0
98.18,26691,27.18,0.382,0.835,2,9,217,1,0,0
22.65,24371,1.7,0.223,0.513,0,14,933,0,1,0
25.13,49271,19.94,0.105,0.808,0,5,374,0,1,0
43.59,50026,2.88,0.299,0.835,1,8,1154,1,0,0
51.91,19378,12.57,0.13,1.0,0,10,709,1,0,0
56.58,14681,13.86,0.33,0.592,0,11,767,0,0,0
112.22,60660,15.03,0.162,0.759,0,8,3422,0,0,0
46.04,85571,31.02,0.329,0.492,1,9,916,1,0,0
25.7,54937,2.12,0.412,0.625,0,11,1634,1,1,0
17.75,9930,7.81,0.414,1.0,0,14,1886,1,0,0
24.36,2675,25.62,0.375,0.59,0,11,968,0,0,0
88.87,81887,71.87,0.033,0.542,0,5,103,1,0,0
8.94,19045,24.24,0.101,0.615,0,9,1039,0,0,0
14.08,62823,53.72,0.206,0.86,0,7,543,1,0,0
22.76,42331,86.37,0.265,0.831,0,9,345,1,0,0
13.93,21940,53.83,0.111,0.733,0,7,596,1,0,0
19.55,47031,89.57,0.284,0.855,0,8,1261,1,0,0
115.01,16658,37.52,0.239,0.62,0,11,1515,1,0,0
21.36,43637,54.54,0.155,0.671,1,9,819,1,0,0
37.69,85056,16.9,0.409,0.53,0,14,3440,1,0,0
7.2,65604,10.59,0.152,0.756,1,16,579,0,0,0
11.22,84694,203.7,0.425,0.273,0,9,1528,1,0,0
57.18,37172,2.57,0.272,0.801,1,7,33,1,0,0
102.97,8769,79.37,0.162,0.896,0,11,60,1,0,0
32.37,31227,14.09,0.256,0.694,0,7,469,1,1,0
21.23,37039,0.57,0.057,0.509,0,12,1253,0,0,0
40.32,80449,40.62,0.203,0.676,0,5,110,1,0,0
3.39,75976,14.68,0.066,0.587,0,10,170,0,0,0
32.57,85327,40.07,0.036,0.432,1,8,645,1,1,0
11.74,14118,1.15,0.153,0.622,0,10,461,0,0,0
51.18,39624,91.38,0.054,0.757,0,10,39,0,0,0
4.69,81387,27.8,0.308,0.885,0,13,407,1,0,0
16.4,9366,1.23,0.171,0.653,0,7,466,1,0,0
26.24,30907,0.12,0.217,0.844,0,8,694,0,0,0
14.74,49381,22.54,0.15,0.796,0,14,1450,1,0,0
20.08,72634,93.77,0.114,0.735,1,7,942,0,0,0
232.62,42905,19.41,0.306,0.337,2,14,948,0,1,1
26.59,53136,10.92,0.231,0.857,0,11,1819,0,0,0
12.88,25780,69.89,0.246,0.655,0,13,84,1,0,0
57.53,3788,103.31,0.194,0.846,0,12,2491,1,0,0
33.14,13781,38.37,0.176,0.937,0,9,2139,1,0,0
34.26,71471,31.64,0.403,0.611,0,7,238,0,0,0
